Date Added,public_body_id,Public Entity Name,Source Page,Document Link
13/04/2026,1001,"Department of Agriculture, Food and the Marine",https://www.gov.ie/en/department-of-agriculture-food-and-the-marine/collections/freedom-of-information-disclosure-logs/,https://assets.gov.ie/static/documents/AugFOIDisLog100625.pdf
13/04/2026,1001,"Department of Agriculture, Food and the Marine",https://www.gov.ie/en/department-of-agriculture-food-and-the-marine/collections/freedom-of-information-disclosure-logs/,https://assets.gov.ie/static/documents/FOIDisLogJuly100625.pdf
13/04/2026,1001,"Department of Agriculture, Food and the Marine",https://www.gov.ie/en/department-of-agriculture-food-and-the-marine/collections/freedom-of-information-disclosure-logs/,https://assets.gov.ie/static/documents/JuneDisLog100625.pdf
13/04/2026,1001,"Department of Agriculture, Food and the Marine",https://www.gov.ie/en/department-of-agriculture-food-and-the-marine/collections/freedom-of-information-disclosure-logs/,https://assets.gov.ie/static/documents/MayDisLog180825.pdf
13/04/2026,1001,"Department of Agriculture, Food and the Marine",https://www.gov.ie/en/department-of-agriculture-food-and-the-marine/collections/freedom-of-information-disclosure-logs/,https://assets.gov.ie/static/documents/AprilDisLog180825.pdf
13/04/2026,1001,"Department of Agriculture, Food and the Marine",https://www.gov.ie/en/department-of-agriculture-food-and-the-marine/collections/freedom-of-information-disclosure-logs/,https://assets.gov.ie/static/documents/disclosure-log-march-d5da02f8-858d-49ac-96ab-8e0a11f25c7a.pdf
13/04/2026,1001,"Department of Agriculture, Food and the Marine",https://www.gov.ie/en/department-of-agriculture-food-and-the-marine/collections/freedom-of-information-disclosure-logs/,https://assets.gov.ie/static/documents/disclosure-log-february-f47a48e8-e6c9-4b97-8ae6-174f9437481b.pdf
13/04/2026,1001,"Department of Agriculture, Food and the Marine",https://www.gov.ie/en/department-of-agriculture-food-and-the-marine/collections/freedom-of-information-disclosure-logs/,https://assets.gov.ie/static/documents/disclosure-log-january-89b93a96-5175-4995-adaf-94113f208eeb.pdf
13/04/2026,1001,"Department of Agriculture, Food and the Marine",https://www.gov.ie/en/department-of-agriculture-food-and-the-marine/collections/freedom-of-information-disclosure-logs/,https://assets.gov.ie/static/documents/disclosure-log-december-52a3d026-ceee-4e07-bf72-89c3efd13465.pdf
13/04/2026,1001,"Department of Agriculture, Food and the Marine",https://www.gov.ie/en/department-of-agriculture-food-and-the-marine/collections/freedom-of-information-disclosure-logs/,https://assets.gov.ie/static/documents/disclosure-log-november-270badf8-738c-4432-9b05-1914896d820b.pdf
13/04/2026,1001,"Department of Agriculture, Food and the Marine",https://www.gov.ie/en/department-of-agriculture-food-and-the-marine/collections/freedom-of-information-disclosure-logs/,https://assets.gov.ie/static/documents/disclosure-log-october-c99acea1-fc56-40b4-a975-112d944fcb42.pdf
13/04/2026,1001,"Department of Agriculture, Food and the Marine",https://www.gov.ie/en/department-of-agriculture-food-and-the-marine/collections/freedom-of-information-disclosure-logs/,https://assets.gov.ie/static/documents/disclosure-log-september-863c1961-96a3-42b0-9632-4cae208d9e9c.pdf
13/04/2026,1001,"Department of Agriculture, Food and the Marine",https://www.gov.ie/en/department-of-agriculture-food-and-the-marine/collections/freedom-of-information-disclosure-logs/,https://assets.gov.ie/static/documents/disclosure-log-august-3b6de994-5f09-4c1f-81b7-3dba8cc156c8.pdf
13/04/2026,1001,"Department of Agriculture, Food and the Marine",https://www.gov.ie/en/department-of-agriculture-food-and-the-marine/collections/freedom-of-information-disclosure-logs/,https://assets.gov.ie/static/documents/disclosure-log-july-4df8776d-81f3-46d8-a1e8-03a7ed81af6d.pdf
13/04/2026,1001,"Department of Agriculture, Food and the Marine",https://www.gov.ie/en/department-of-agriculture-food-and-the-marine/collections/freedom-of-information-disclosure-logs/,https://assets.gov.ie/static/documents/disclosure-log-june-a0265b09-d2f7-4928-8fb4-11ed8dc5770d.pdf
13/04/2026,1001,"Department of Agriculture, Food and the Marine",https://www.gov.ie/en/department-of-agriculture-food-and-the-marine/collections/freedom-of-information-disclosure-logs/,https://assets.gov.ie/static/documents/disclosure-log-may-9e46cb83-299b-4ce2-8886-bd6001dc4e8f.pdf
13/04/2026,1001,"Department of Agriculture, Food and the Marine",https://www.gov.ie/en/department-of-agriculture-food-and-the-marine/collections/freedom-of-information-disclosure-logs/,https://assets.gov.ie/static/documents/disclosure-log-april-6f862b90-a20d-4373-bd96-2f075d4f552d.pdf
13/04/2026,1001,"Department of Agriculture, Food and the Marine",https://www.gov.ie/en/department-of-agriculture-food-and-the-marine/collections/freedom-of-information-disclosure-logs/,https://assets.gov.ie/static/documents/disclosure-log-march-cde8a48e-c2b4-4150-bcc8-c34de9a0954b.pdf
13/04/2026,1001,"Department of Agriculture, Food and the Marine",https://www.gov.ie/en/department-of-agriculture-food-and-the-marine/collections/freedom-of-information-disclosure-logs/,https://assets.gov.ie/static/documents/disclosure-log-february-ce865360-f00b-4ece-abb9-73fa0393e312.pdf
13/04/2026,1001,"Department of Agriculture, Food and the Marine",https://www.gov.ie/en/department-of-agriculture-food-and-the-marine/collections/freedom-of-information-disclosure-logs/,https://assets.gov.ie/static/documents/disclosure-log-january-43bfaf02-aca9-4e4d-bc6e-b2e8fa321c70.pdf
13/04/2026,1001,"Department of Agriculture, Food and the Marine",https://www.gov.ie/en/department-of-agriculture-food-and-the-marine/collections/freedom-of-information-disclosure-logs/,https://assets.gov.ie/static/documents/disclosure-log-december-f819bb67-733f-40b3-9e6b-2ee298a933d4.pdf
13/04/2026,1001,"Department of Agriculture, Food and the Marine",https://www.gov.ie/en/department-of-agriculture-food-and-the-marine/collections/freedom-of-information-disclosure-logs/,https://assets.gov.ie/static/documents/disclosure-log-november-beb3eff7-1887-4125-9559-54535a9e5cea.pdf
13/04/2026,1001,"Department of Agriculture, Food and the Marine",https://www.gov.ie/en/department-of-agriculture-food-and-the-marine/collections/freedom-of-information-disclosure-logs/,https://assets.gov.ie/static/documents/disclosure-log-october-317f4fdf-e034-4f0c-8dfe-49b077e6e794.pdf
13/04/2026,1001,"Department of Agriculture, Food and the Marine",https://www.gov.ie/en/department-of-agriculture-food-and-the-marine/collections/freedom-of-information-disclosure-logs/,https://assets.gov.ie/static/documents/disclosure-log-september-340c141d-2b5a-48e6-ade0-8ccd1caa653d.pdf
13/04/2026,1001,"Department of Agriculture, Food and the Marine",https://www.gov.ie/en/department-of-agriculture-food-and-the-marine/collections/freedom-of-information-disclosure-logs/,https://assets.gov.ie/static/documents/disclosure-log-august-e8b621a3-a8ba-45d0-9f79-eecec777487a.pdf
13/04/2026,1001,"Department of Agriculture, Food and the Marine",https://www.gov.ie/en/department-of-agriculture-food-and-the-marine/collections/freedom-of-information-disclosure-logs/,https://assets.gov.ie/static/documents/disclosure-log-july-8feb35fb-1526-4fae-a7a8-af12de28a5c2.pdf
13/04/2026,1001,"Department of Agriculture, Food and the Marine",https://www.gov.ie/en/department-of-agriculture-food-and-the-marine/collections/freedom-of-information-disclosure-logs/,https://assets.gov.ie/static/documents/disclosure-log-june-76678749-d74e-4171-b782-d86f0d9d476b.pdf
13/04/2026,1001,"Department of Agriculture, Food and the Marine",https://www.gov.ie/en/department-of-agriculture-food-and-the-marine/collections/freedom-of-information-disclosure-logs/,https://assets.gov.ie/static/documents/disclosure-log-may-066f7fe5-5fe7-4fc2-96ff-562b4e8424bc.pdf
13/04/2026,1001,"Department of Agriculture, Food and the Marine",https://www.gov.ie/en/department-of-agriculture-food-and-the-marine/collections/freedom-of-information-disclosure-logs/,https://assets.gov.ie/static/documents/disclosure-log-april-ce1bfaea-3f8a-4517-bc93-4eba7c719daa.pdf
13/04/2026,1001,"Department of Agriculture, Food and the Marine",https://www.gov.ie/en/department-of-agriculture-food-and-the-marine/collections/freedom-of-information-disclosure-logs/,https://assets.gov.ie/static/documents/disclosure-log-march-c0f9ac4d-97af-4456-97cc-d1c742954e85.pdf
13/04/2026,1001,"Department of Agriculture, Food and the Marine",https://www.gov.ie/en/department-of-agriculture-food-and-the-marine/collections/freedom-of-information-disclosure-logs/,https://assets.gov.ie/static/documents/disclosure-log-february-243475b7-559c-4faf-8fa2-35034b178276.pdf
13/04/2026,1001,"Department of Agriculture, Food and the Marine",https://www.gov.ie/en/department-of-agriculture-food-and-the-marine/collections/freedom-of-information-disclosure-logs/,https://assets.gov.ie/static/documents/disclosure-log-january-a4be4e65-ba2e-4912-9332-23b534c1ae15.pdf
13/04/2026,1001,"Department of Agriculture, Food and the Marine",https://www.gov.ie/en/department-of-agriculture-food-and-the-marine/collections/freedom-of-information-disclosure-logs/,https://assets.gov.ie/static/documents/disclosure-log-december-786baffc-b2bf-4e9a-b5b2-fee21ffb320c.pdf
13/04/2026,1001,"Department of Agriculture, Food and the Marine",https://www.gov.ie/en/department-of-agriculture-food-and-the-marine/collections/freedom-of-information-disclosure-logs/,https://assets.gov.ie/static/documents/disclosure-log-november-f2ba3b87-b374-403c-a528-f06b3c8482f1.pdf
13/04/2026,1001,"Department of Agriculture, Food and the Marine",https://www.gov.ie/en/department-of-agriculture-food-and-the-marine/collections/freedom-of-information-disclosure-logs/,https://assets.gov.ie/static/documents/disclosure-log-october-3da0680e-78ac-4d30-ac91-081557318ecf.pdf
13/04/2026,1001,"Department of Agriculture, Food and the Marine",https://www.gov.ie/en/department-of-agriculture-food-and-the-marine/collections/freedom-of-information-disclosure-logs/,https://assets.gov.ie/static/documents/disclosure-log-september-d685c4ea-1466-413c-8916-d4722391f007.pdf
13/04/2026,1001,"Department of Agriculture, Food and the Marine",https://www.gov.ie/en/department-of-agriculture-food-and-the-marine/collections/freedom-of-information-disclosure-logs/,https://assets.gov.ie/static/documents/disclosure-log-august-bcf8a972-efb9-4754-9fd0-de95ec4c4dea.pdf
13/04/2026,1001,"Department of Agriculture, Food and the Marine",https://www.gov.ie/en/department-of-agriculture-food-and-the-marine/collections/freedom-of-information-disclosure-logs/,https://assets.gov.ie/static/documents/disclosure-log-july-226c4fed-f082-40a2-b134-6e44633a526c.pdf
13/04/2026,1001,"Department of Agriculture, Food and the Marine",https://www.gov.ie/en/department-of-agriculture-food-and-the-marine/collections/freedom-of-information-disclosure-logs/,https://assets.gov.ie/static/documents/disclosure-log-june-a1855db7-d056-452a-a339-63425c294f5b.pdf
13/04/2026,1001,"Department of Agriculture, Food and the Marine",https://www.gov.ie/en/department-of-agriculture-food-and-the-marine/collections/freedom-of-information-disclosure-logs/,https://assets.gov.ie/static/documents/disclosure-log-may-a0731e19-0e13-4473-a0e7-788990cb4d5f.pdf
13/04/2026,1001,"Department of Agriculture, Food and the Marine",https://www.gov.ie/en/department-of-agriculture-food-and-the-marine/collections/freedom-of-information-disclosure-logs/,https://assets.gov.ie/static/documents/disclosure-log-april-29641fc1-1583-4cbb-9db1-524600f578c6.pdf
13/04/2026,1001,"Department of Agriculture, Food and the Marine",https://www.gov.ie/en/department-of-agriculture-food-and-the-marine/collections/freedom-of-information-disclosure-logs/,https://assets.gov.ie/static/documents/disclosure-log-march-e1648b23-bb8f-44cd-9d90-5b5d15f0ed29.pdf
13/04/2026,1001,"Department of Agriculture, Food and the Marine",https://www.gov.ie/en/department-of-agriculture-food-and-the-marine/collections/freedom-of-information-disclosure-logs/,https://assets.gov.ie/static/documents/disclosure-log-february-c5d9411a-a2d7-462c-a9a4-81bf4b06d94a.pdf
13/04/2026,1001,"Department of Agriculture, Food and the Marine",https://www.gov.ie/en/department-of-agriculture-food-and-the-marine/collections/freedom-of-information-disclosure-logs/,https://assets.gov.ie/static/documents/disclosure-log-january-a12da71b-0f26-4924-89c7-a06ed5a83ca8.pdf
13/04/2026,1001,"Department of Agriculture, Food and the Marine",https://www.gov.ie/en/department-of-agriculture-food-and-the-marine/collections/freedom-of-information-disclosure-logs/,https://assets.gov.ie/static/documents/disclosure-log-december-c608eac8-4b01-4f08-8c50-3217a49a4a77.pdf
13/04/2026,1001,"Department of Agriculture, Food and the Marine",https://www.gov.ie/en/department-of-agriculture-food-and-the-marine/collections/freedom-of-information-disclosure-logs/,https://assets.gov.ie/static/documents/Disclosure_Log_November_2020.pdf
13/04/2026,1001,"Department of Agriculture, Food and the Marine",https://www.gov.ie/en/department-of-agriculture-food-and-the-marine/collections/freedom-of-information-disclosure-logs/,https://assets.gov.ie/static/documents/disclosure-log-october-afd93bad-f74b-4b1d-8854-efacac449624.pdf
13/04/2026,1001,"Department of Agriculture, Food and the Marine",https://www.gov.ie/en/department-of-agriculture-food-and-the-marine/collections/freedom-of-information-disclosure-logs/,https://assets.gov.ie/static/documents/disclosure-log-september-f1c9255a-46cb-4d8e-9cce-3099583e0161.pdf
13/04/2026,1001,"Department of Agriculture, Food and the Marine",https://www.gov.ie/en/department-of-agriculture-food-and-the-marine/collections/freedom-of-information-disclosure-logs/,https://assets.gov.ie/static/documents/disclosure-log-august-a4237ca9-d5c5-48fc-bad8-c6a51cf1a23d.pdf
13/04/2026,1001,"Department of Agriculture, Food and the Marine",https://www.gov.ie/en/department-of-agriculture-food-and-the-marine/collections/freedom-of-information-disclosure-logs/,https://assets.gov.ie/static/documents/disclosure-log-july-506df54c-c588-45e0-8328-23f0c7712505.pdf
13/04/2026,1001,"Department of Agriculture, Food and the Marine",https://www.gov.ie/en/department-of-agriculture-food-and-the-marine/collections/freedom-of-information-disclosure-logs/,https://assets.gov.ie/static/documents/disclosure-log-june-1138e419-a09d-4628-8f67-a0a5e3c46328.pdf
13/04/2026,1001,"Department of Agriculture, Food and the Marine",https://www.gov.ie/en/department-of-agriculture-food-and-the-marine/collections/freedom-of-information-disclosure-logs/,https://assets.gov.ie/static/documents/disclosure-log-may-81b4088f-8f65-4877-a358-fb8b4a770067.pdf
13/04/2026,1001,"Department of Agriculture, Food and the Marine",https://www.gov.ie/en/department-of-agriculture-food-and-the-marine/collections/freedom-of-information-disclosure-logs/,https://assets.gov.ie/static/documents/disclosure-log-april-19e1ce02-7254-42d7-acf7-9623923db927.pdf
13/04/2026,1001,"Department of Agriculture, Food and the Marine",https://www.gov.ie/en/department-of-agriculture-food-and-the-marine/collections/freedom-of-information-disclosure-logs/,https://assets.gov.ie/static/documents/disclosure-log-march-5119348b-245b-4815-9b02-b377645f1e62.pdf
13/04/2026,1001,"Department of Agriculture, Food and the Marine",https://www.gov.ie/en/department-of-agriculture-food-and-the-marine/collections/freedom-of-information-disclosure-logs/,https://assets.gov.ie/static/documents/disclosure-log-february-5e5bc7fc-6f42-4279-b067-697073113c8c.pdf
13/04/2026,1001,"Department of Agriculture, Food and the Marine",https://www.gov.ie/en/department-of-agriculture-food-and-the-marine/collections/freedom-of-information-disclosure-logs/,https://assets.gov.ie/static/documents/disclosure-log-january-59cfbd36-da1f-40ae-b2fa-6e2d0112f198.pdf
13/04/2026,1001,"Department of Agriculture, Food and the Marine",https://www.gov.ie/en/department-of-agriculture-food-and-the-marine/collections/freedom-of-information-disclosure-logs/,https://assets.gov.ie/static/documents/2019-quarter-1-pdf-117kb.pdf
13/04/2026,1001,"Department of Agriculture, Food and the Marine",https://www.gov.ie/en/department-of-agriculture-food-and-the-marine/collections/freedom-of-information-disclosure-logs/,https://assets.gov.ie/static/documents/2019-quarter-2-pdf-106kb.pdf
13/04/2026,1001,"Department of Agriculture, Food and the Marine",https://www.gov.ie/en/department-of-agriculture-food-and-the-marine/collections/freedom-of-information-disclosure-logs/,https://assets.gov.ie/static/documents/2019-quarter-3-pdf-142kb.pdf
13/04/2026,1001,"Department of Agriculture, Food and the Marine",https://www.gov.ie/en/department-of-agriculture-food-and-the-marine/collections/freedom-of-information-disclosure-logs/,https://assets.gov.ie/static/documents/2019-quarter-4-pdf-92kb.pdf
13/04/2026,1001,"Department of Agriculture, Food and the Marine",https://www.gov.ie/en/department-of-agriculture-food-and-the-marine/collections/freedom-of-information-disclosure-logs/,https://assets.gov.ie/static/documents/2018-quarter-1-pdf-98kb.pdf
13/04/2026,1001,"Department of Agriculture, Food and the Marine",https://www.gov.ie/en/department-of-agriculture-food-and-the-marine/collections/freedom-of-information-disclosure-logs/,https://assets.gov.ie/static/documents/2018-quarter-2-pdf-118kb.pdf
13/04/2026,1001,"Department of Agriculture, Food and the Marine",https://www.gov.ie/en/department-of-agriculture-food-and-the-marine/collections/freedom-of-information-disclosure-logs/,https://assets.gov.ie/static/documents/2018-quarter-3-pdf-120kb.pdf
13/04/2026,1001,"Department of Agriculture, Food and the Marine",https://www.gov.ie/en/department-of-agriculture-food-and-the-marine/collections/freedom-of-information-disclosure-logs/,https://assets.gov.ie/static/documents/2018-quarter-4-pdf-115kb.pdf
13/04/2026,1001,"Department of Agriculture, Food and the Marine",https://www.gov.ie/en/department-of-agriculture-food-and-the-marine/collections/freedom-of-information-disclosure-logs/,https://assets.gov.ie/static/documents/disclosure-log-2017-pdf-553kb.pdf
13/04/2026,1002,"Department of Children, Equality, Disability, Integration and Youth",https://www.gov.ie/en/department-of-children-disability-and-equality/collections/quarterly-foi-log/,https://assets.gov.ie/static/documents/bcd31b6e/FOI-Disclosure-Log-Q4-2025_.pdf
13/04/2026,1002,"Department of Children, Equality, Disability, Integration and Youth",https://www.gov.ie/en/department-of-children-disability-and-equality/collections/quarterly-foi-log/,https://assets.gov.ie/static/documents/952d4fa9/DCDE_FOI_Disclosure_Log_Q3_2025.pdf
13/04/2026,1002,"Department of Children, Equality, Disability, Integration and Youth",https://www.gov.ie/en/department-of-children-disability-and-equality/collections/quarterly-foi-log/,https://assets.gov.ie/static/documents/f5bfce9a/DCDE_FOI_Disclosure_Log_Q2_2025.pdf
13/04/2026,1002,"Department of Children, Equality, Disability, Integration and Youth",https://www.gov.ie/en/department-of-children-disability-and-equality/collections/quarterly-foi-log/,https://assets.gov.ie/static/documents/9685c676/DCDE_FOI_Disclosure_Log_Q1_2025.pdf
13/04/2026,1002,"Department of Children, Equality, Disability, Integration and Youth",https://www.gov.ie/en/department-of-children-disability-and-equality/collections/quarterly-foi-log/,https://assets.gov.ie/static/documents/20250604_DCDE_FOI_Disclosure_Log_Q4_2024.pdf
13/04/2026,1002,"Department of Children, Equality, Disability, Integration and Youth",https://www.gov.ie/en/department-of-children-disability-and-equality/collections/quarterly-foi-log/,https://assets.gov.ie/static/documents/20250604_DCDE_FOI_Disclosure_Log_Q3_2024.pdf
13/04/2026,1002,"Department of Children, Equality, Disability, Integration and Youth",https://www.gov.ie/en/department-of-children-disability-and-equality/collections/quarterly-foi-log/,https://assets.gov.ie/static/documents/dcediy-foi-disclosure-log-q2-2024.pdf
13/04/2026,1002,"Department of Children, Equality, Disability, Integration and Youth",https://www.gov.ie/en/department-of-children-disability-and-equality/collections/quarterly-foi-log/,https://assets.gov.ie/static/documents/dcediy-foi-disclosure-log-q1-2024.pdf
13/04/2026,1002,"Department of Children, Equality, Disability, Integration and Youth",https://www.gov.ie/en/department-of-children-disability-and-equality/collections/quarterly-foi-log/,https://assets.gov.ie/static/documents/dcediy-foi-disclosure-log-q4-2023.pdf
13/04/2026,1002,"Department of Children, Equality, Disability, Integration and Youth",https://www.gov.ie/en/department-of-children-disability-and-equality/collections/quarterly-foi-log/,https://assets.gov.ie/static/documents/dcediy-foi-disclosure-log-q3-2023.pdf
13/04/2026,1002,"Department of Children, Equality, Disability, Integration and Youth",https://www.gov.ie/en/department-of-children-disability-and-equality/collections/quarterly-foi-log/,https://assets.gov.ie/static/documents/dcediy-foi-disclosure-log-q2-2023.pdf
13/04/2026,1002,"Department of Children, Equality, Disability, Integration and Youth",https://www.gov.ie/en/department-of-children-disability-and-equality/collections/quarterly-foi-log/,https://assets.gov.ie/static/documents/dcediy-foi-disclosure-log-q1-2023.pdf
13/04/2026,1002,"Department of Children, Equality, Disability, Integration and Youth",https://www.gov.ie/en/department-of-children-disability-and-equality/collections/quarterly-foi-log/,https://assets.gov.ie/static/documents/dcediy-foi-requests-october-december-2022.pdf
13/04/2026,1002,"Department of Children, Equality, Disability, Integration and Youth",https://www.gov.ie/en/department-of-children-disability-and-equality/collections/quarterly-foi-log/,https://assets.gov.ie/static/documents/dcediy-foi-requests-july-september-2022.pdf
13/04/2026,1002,"Department of Children, Equality, Disability, Integration and Youth",https://www.gov.ie/en/department-of-children-disability-and-equality/collections/quarterly-foi-log/,https://assets.gov.ie/static/documents/dcediy-foi-requests-april-june-2022.pdf
13/04/2026,1002,"Department of Children, Equality, Disability, Integration and Youth",https://www.gov.ie/en/department-of-children-disability-and-equality/collections/quarterly-foi-log/,https://assets.gov.ie/static/documents/dcediy-foi-requests-january-march-2022.pdf
13/04/2026,1002,"Department of Children, Equality, Disability, Integration and Youth",https://www.gov.ie/en/department-of-children-disability-and-equality/collections/quarterly-foi-log/,https://assets.gov.ie/static/documents/dcediy-foi-requests-january-march-2021.pdf
13/04/2026,1002,"Department of Children, Equality, Disability, Integration and Youth",https://www.gov.ie/en/department-of-children-disability-and-equality/collections/quarterly-foi-log/,https://assets.gov.ie/static/documents/dcediy-foi-requests-october-december-2020.pdf
13/04/2026,1002,"Department of Children, Equality, Disability, Integration and Youth",https://www.gov.ie/en/department-of-children-disability-and-equality/collections/quarterly-foi-log/,https://assets.gov.ie/static/documents/dcediy-foi-requests-july-september-2020.pdf
13/04/2026,1003,"Department of Climate, Energy and the Environment",https://www.gov.ie/en/department-of-climate-energy-and-the-environment/publications/published-foi-requests/,https://assets.gov.ie/static/documents/7ae58f85/FOI_Disclosure_Log_2025.pdf
13/04/2026,1003,"Department of Climate, Energy and the Environment",https://www.gov.ie/en/department-of-climate-energy-and-the-environment/publications/published-foi-requests/,https://assets.gov.ie/static/documents/foi-disclosure-log-2024.pdf
13/04/2026,1003,"Department of Climate, Energy and the Environment",https://www.gov.ie/en/department-of-climate-energy-and-the-environment/publications/published-foi-requests/,https://assets.gov.ie/static/documents/2023-q1-q2-q3-q4-decc-foi-disclosure-log-91af33f9-e100-4aed-8560-bdb9b4ea834c.pdf
13/04/2026,1003,"Department of Climate, Energy and the Environment",https://www.gov.ie/en/department-of-climate-energy-and-the-environment/publications/published-foi-requests/,https://assets.gov.ie/static/documents/foi-disclosure-log-2022.pdf
13/04/2026,1003,"Department of Climate, Energy and the Environment",https://www.gov.ie/en/department-of-climate-energy-and-the-environment/publications/published-foi-requests/,https://assets.gov.ie/static/documents/foi-disclosure-log-2021.pdf
13/04/2026,1003,"Department of Climate, Energy and the Environment",https://www.gov.ie/en/department-of-climate-energy-and-the-environment/publications/published-foi-requests/,https://assets.gov.ie/static/documents/foi-disclosure-log-2020-5a4bb3f9-f7b0-4572-8cbf-308b201fd2c1.pdf
13/04/2026,1004,"Department of Tourism, Culture, Arts, Gaeltacht, Sport and Media",https://www.gov.ie/en/department-of-culture-communications-and-sport/publications/foi-logs/,https://assets.gov.ie/static/documents/FOI_Disclosure_Log_Q1_2025.pdf
13/04/2026,1004,"Department of Tourism, Culture, Arts, Gaeltacht, Sport and Media",https://www.gov.ie/en/department-of-culture-communications-and-sport/publications/foi-logs/,https://assets.gov.ie/static/documents/cda97d7f/20250930_Disclosure_Log_April-_June.pdf
13/04/2026,1004,"Department of Tourism, Culture, Arts, Gaeltacht, Sport and Media",https://www.gov.ie/en/department-of-culture-communications-and-sport/publications/foi-logs/,https://assets.gov.ie/static/documents/c66a6091/20260109_Disclosure_Log_July_-_September_2025.pdf
13/04/2026,1004,"Department of Tourism, Culture, Arts, Gaeltacht, Sport and Media",https://www.gov.ie/en/department-of-culture-communications-and-sport/publications/foi-logs/,https://assets.gov.ie/static/documents/foi-disclosures-log-q1-2024.pdf
13/04/2026,1004,"Department of Tourism, Culture, Arts, Gaeltacht, Sport and Media",https://www.gov.ie/en/department-of-culture-communications-and-sport/publications/foi-logs/,https://assets.gov.ie/static/documents/foi-disclosures-log-q2-2024.pdf
13/04/2026,1004,"Department of Tourism, Culture, Arts, Gaeltacht, Sport and Media",https://www.gov.ie/en/department-of-culture-communications-and-sport/publications/foi-logs/,https://assets.gov.ie/static/documents/foi-disclosures-log-q3-2024.pdf
13/04/2026,1004,"Department of Tourism, Culture, Arts, Gaeltacht, Sport and Media",https://www.gov.ie/en/department-of-culture-communications-and-sport/publications/foi-logs/,https://assets.gov.ie/static/documents/foi-disclosures-log-q4-2024.pdf
13/04/2026,1004,"Department of Tourism, Culture, Arts, Gaeltacht, Sport and Media",https://www.gov.ie/en/department-of-culture-communications-and-sport/publications/foi-logs/,https://assets.gov.ie/static/documents/foi-disclosure-log-q1-2023-ab7f1b10-05a1-494f-af45-e031f0bef9d2.pdf
13/04/2026,1004,"Department of Tourism, Culture, Arts, Gaeltacht, Sport and Media",https://www.gov.ie/en/department-of-culture-communications-and-sport/publications/foi-logs/,https://assets.gov.ie/static/documents/foi-disclosure-log-q2-2023-08ec8eae-b28f-4f95-839b-e5312f70ec89.pdf
13/04/2026,1004,"Department of Tourism, Culture, Arts, Gaeltacht, Sport and Media",https://www.gov.ie/en/department-of-culture-communications-and-sport/publications/foi-logs/,https://assets.gov.ie/static/documents/foi-disclosure-log-q3-2023-b51e4bc9-b47a-4896-82dc-a61c07e432e1.pdf
13/04/2026,1004,"Department of Tourism, Culture, Arts, Gaeltacht, Sport and Media",https://www.gov.ie/en/department-of-culture-communications-and-sport/publications/foi-logs/,https://assets.gov.ie/static/documents/foi-disclosure-log-q4-2023-4e3cffe2-d8ce-4e6e-875a-d560003a84e9.pdf
13/04/2026,1004,"Department of Tourism, Culture, Arts, Gaeltacht, Sport and Media",https://www.gov.ie/en/department-of-culture-communications-and-sport/publications/foi-logs/,https://assets.gov.ie/static/documents/foi-disclosure-log-q1-2022-a514db9f-4890-408d-95f2-46a6152b0efd.pdf
13/04/2026,1004,"Department of Tourism, Culture, Arts, Gaeltacht, Sport and Media",https://www.gov.ie/en/department-of-culture-communications-and-sport/publications/foi-logs/,https://assets.gov.ie/static/documents/foi-disclosure-log-q2-2022-0eae6f83-1dbd-47b4-8d2a-92dc0055b765.pdf
13/04/2026,1004,"Department of Tourism, Culture, Arts, Gaeltacht, Sport and Media",https://www.gov.ie/en/department-of-culture-communications-and-sport/publications/foi-logs/,https://assets.gov.ie/static/documents/foi-disclosure-log-q3-2022-59b7ff93-d79d-4905-9959-0d6d6caa2968.pdf
13/04/2026,1004,"Department of Tourism, Culture, Arts, Gaeltacht, Sport and Media",https://www.gov.ie/en/department-of-culture-communications-and-sport/publications/foi-logs/,https://assets.gov.ie/static/documents/foi-disclosure-log-q4-2022-fecc89b8-2474-411a-a979-fe5f0d4a3a1a.pdf
13/04/2026,1004,"Department of Tourism, Culture, Arts, Gaeltacht, Sport and Media",https://www.gov.ie/en/department-of-culture-communications-and-sport/publications/foi-logs/,https://assets.gov.ie/static/documents/2021-foi-requests-jan-mar.pdf
13/04/2026,1004,"Department of Tourism, Culture, Arts, Gaeltacht, Sport and Media",https://www.gov.ie/en/department-of-culture-communications-and-sport/publications/foi-logs/,https://assets.gov.ie/static/documents/2021-foi-requests-apr-jun-7f2f2a9a-b5cc-4d00-9a65-4628690cbc1a.pdf
13/04/2026,1004,"Department of Tourism, Culture, Arts, Gaeltacht, Sport and Media",https://www.gov.ie/en/department-of-culture-communications-and-sport/publications/foi-logs/,https://assets.gov.ie/static/documents/2021-foi-requests-jul-sept-c0738f3f-8de5-43ee-a6e4-deba86ea6928.pdf
13/04/2026,1004,"Department of Tourism, Culture, Arts, Gaeltacht, Sport and Media",https://www.gov.ie/en/department-of-culture-communications-and-sport/publications/foi-logs/,https://assets.gov.ie/static/documents/2021-foi-requests-oct-dec.pdf
13/04/2026,1004,"Department of Tourism, Culture, Arts, Gaeltacht, Sport and Media",https://www.gov.ie/en/department-of-culture-communications-and-sport/publications/foi-logs/,https://assets.gov.ie/static/documents/2020-foi-requests-jan-jun.pdf
13/04/2026,1004,"Department of Tourism, Culture, Arts, Gaeltacht, Sport and Media",https://www.gov.ie/en/department-of-culture-communications-and-sport/publications/foi-logs/,https://assets.gov.ie/static/documents/2020-foi-requests-jul-dec.pdf
13/04/2026,1005,Department of Defence,https://www.gov.ie/en/department-of-defence/collections/foi-disclosure-log/,https://assets.gov.ie/static/documents/foi-disclosure-log-q2-2024-bb4a14d5-a79f-4cf2-b866-93d04c6a4a11.pdf
13/04/2026,1005,Department of Defence,https://www.gov.ie/en/department-of-defence/collections/foi-disclosure-log/,https://assets.gov.ie/static/documents/foi-disclosure-log-q1-2024-71e7fba3-cd59-4a2e-bf2d-e16487c12185.pdf
13/04/2026,1005,Department of Defence,https://www.gov.ie/en/department-of-defence/collections/foi-disclosure-log/,https://assets.gov.ie/static/documents/foi-disclosure-log-q4-2023-ff87c7b4-72dd-4844-8620-87008f2696b2.pdf
13/04/2026,1005,Department of Defence,https://www.gov.ie/en/department-of-defence/collections/foi-disclosure-log/,https://assets.gov.ie/static/documents/foi-disclosure-log-q3-2023-4c020887-de5c-4975-b8a2-8179b7aaa121.pdf
13/04/2026,1005,Department of Defence,https://www.gov.ie/en/department-of-defence/collections/foi-disclosure-log/,https://assets.gov.ie/static/documents/foi-disclosure-log-q2-2023-17199b79-a6de-4350-84c6-9cd119df9669.pdf
13/04/2026,1005,Department of Defence,https://www.gov.ie/en/department-of-defence/collections/foi-disclosure-log/,https://assets.gov.ie/static/documents/foi-disclosure-log-q1-2023-b7bb4cbf-a992-4496-b562-75a4460ee5af.pdf
13/04/2026,1005,Department of Defence,https://www.gov.ie/en/department-of-defence/collections/foi-disclosure-log/,https://assets.gov.ie/static/documents/foi-disclosure-log-q4-2022-0ac31f5a-44c5-40a6-9e56-a105ee7af90a.pdf
13/04/2026,1005,Department of Defence,https://www.gov.ie/en/department-of-defence/collections/foi-disclosure-log/,https://assets.gov.ie/static/documents/foi-disclosure-log-q3-2022-1204f23f-b74b-44cd-a926-d0bb27ff82ae.pdf
13/04/2026,1005,Department of Defence,https://www.gov.ie/en/department-of-defence/collections/foi-disclosure-log/,https://assets.gov.ie/static/documents/foi-disclosure-log-q2-2022-60673303-19ed-4235-b3a5-d7da4aeb5064.pdf
13/04/2026,1005,Department of Defence,https://www.gov.ie/en/department-of-defence/collections/foi-disclosure-log/,https://assets.gov.ie/static/documents/foi-disclosure-log-q1-2022-6670e4aa-fb1f-4dc8-810b-c4f5c5b5e75d.pdf
13/04/2026,1005,Department of Defence,https://www.gov.ie/en/department-of-defence/collections/foi-disclosure-log/,https://assets.gov.ie/static/documents/foi-disclosure-log-q4-2021.pdf
13/04/2026,1005,Department of Defence,https://www.gov.ie/en/department-of-defence/collections/foi-disclosure-log/,https://assets.gov.ie/static/documents/foi-disclosure-log-q3-2021-cd867d58-6a74-4ee4-89cd-723b6f14e43e.pdf
13/04/2026,1005,Department of Defence,https://www.gov.ie/en/department-of-defence/collections/foi-disclosure-log/,https://assets.gov.ie/static/documents/foi-disclosure-log-q2-2021-b2efdd24-f849-49f4-8b65-0b1b9bbcc552.pdf
13/04/2026,1005,Department of Defence,https://www.gov.ie/en/department-of-defence/collections/foi-disclosure-log/,https://assets.gov.ie/static/documents/foi-disclosure-log-q1-2021.pdf
13/04/2026,1005,Department of Defence,https://www.gov.ie/en/department-of-defence/collections/foi-disclosure-log/,https://assets.gov.ie/static/documents/aie-disclosure-log-2020-2621c28e-dd29-4865-b867-9ec59a621d4b.pdf
13/04/2026,1005,Department of Defence,https://www.gov.ie/en/department-of-defence/collections/foi-disclosure-log/,https://assets.gov.ie/static/documents/foi-disclosure-log-2020-2106a63b-a10d-4afc-815c-8db8609eb8f5.pdf
13/04/2026,1005,Department of Defence,https://www.gov.ie/en/department-of-defence/collections/foi-disclosure-log/,https://assets.gov.ie/static/documents/foi-disclosure-log-2019-c85f2f5e-3495-405f-a35d-4bb31b1b7bd4.pdf
13/04/2026,1005,Department of Defence,https://www.gov.ie/en/department-of-defence/collections/foi-disclosure-log/,https://assets.gov.ie/static/documents/foi-disclosure-log-2018.pdf
13/04/2026,1005,Department of Defence,https://www.gov.ie/en/department-of-defence/collections/foi-disclosure-log/,https://assets.gov.ie/static/documents/foi-disclosure-log-2017-efec4c68-3b79-4410-9af4-bc13c05f3d86.pdf
13/04/2026,1005,Department of Defence,https://www.gov.ie/en/department-of-defence/collections/foi-disclosure-log/,https://assets.gov.ie/static/documents/foi-disclosure-log-2016-c6c6fc8f-4ec7-4f3b-a21f-3baee7625868.pdf
13/04/2026,1008,Department of Finance,https://www.gov.ie/en/department-of-education/collections/foi-disclosure-logs/,https://assets.gov.ie/static/documents/foi-summary-of-non-personal-requests-submitted-to-the-department-of-education-in-quart.pdf
13/04/2026,1008,Department of Finance,https://www.gov.ie/en/department-of-education/collections/foi-disclosure-logs/,https://assets.gov.ie/static/documents/2ce194db-foi-summary-of-non-personal-requests-submitted-to-the-department-of-education.pdf
13/04/2026,1008,Department of Finance,https://www.gov.ie/en/department-of-education/collections/foi-disclosure-logs/,https://assets.gov.ie/static/documents/93e94f97-foi-summary-of-non-personal-requests-submitted-to-the-department-of-education.pdf
13/04/2026,1008,Department of Finance,https://www.gov.ie/en/department-of-education/collections/foi-disclosure-logs/,https://assets.gov.ie/static/documents/foi-summary-of-non-personal-requests-submitted-to-the-department-of-education-and-depa.pdf
13/04/2026,1008,Department of Finance,https://www.gov.ie/en/department-of-education/collections/foi-disclosure-logs/,https://assets.gov.ie/static/documents/foi-summary-of-non-personal-requests-submitted-to-the-department-of-education-from-qua.pdf
13/04/2026,1008,Department of Finance,https://www.gov.ie/en/department-of-education/collections/foi-disclosure-logs/,https://assets.gov.ie/static/documents/707fa394-foi-summary-of-non-personal-requests-submitted-to-the-department-of-education.pdf
13/04/2026,1008,Department of Finance,https://www.gov.ie/en/department-of-education/collections/foi-disclosure-logs/,https://assets.gov.ie/static/documents/fcb5f976-foi-summary-of-non-personal-requests-submitted-to-the-department-of-education.pdf
13/04/2026,1008,Department of Finance,https://www.gov.ie/en/department-of-education/collections/foi-disclosure-logs/,https://assets.gov.ie/static/documents/foi-summary-of-non-personal-requests-submitted-to-the-department-of-education-and-skil.pdf
13/04/2026,1008,Department of Finance,https://www.gov.ie/en/department-of-education/collections/foi-disclosure-logs/,https://assets.gov.ie/static/documents/c1d600ba-foi-summary-of-non-personal-requests-submitted-to-the-department-of-education.pdf
13/04/2026,1008,Department of Finance,https://www.gov.ie/en/department-of-education/collections/foi-disclosure-logs/,https://assets.gov.ie/static/documents/0b089aa9-foi-summary-of-non-personal-requests-submitted-to-the-department-of-education.pdf
13/04/2026,1008,Department of Finance,https://www.gov.ie/en/department-of-education/collections/foi-disclosure-logs/,https://assets.gov.ie/static/documents/270560ed-foi-summary-of-non-personal-requests-submitted-to-the-department-of-education.pdf
13/04/2026,1008,Department of Finance,https://www.gov.ie/en/department-of-education/collections/foi-disclosure-logs/,https://assets.gov.ie/static/documents/f1e0dede-foi-summary-of-non-personal-requests-submitted-to-the-department-of-education.pdf
13/04/2026,1008,Department of Finance,https://www.gov.ie/en/department-of-education/collections/foi-disclosure-logs/,https://assets.gov.ie/static/documents/01b287cb-foi-summary-of-non-personal-requests-submitted-to-the-department-of-education.pdf
13/04/2026,1008,Department of Finance,https://www.gov.ie/en/department-of-education/collections/foi-disclosure-logs/,https://assets.gov.ie/static/documents/b32326df-foi-summary-of-non-personal-requests-submitted-to-the-department-of-education.pdf
13/04/2026,1008,Department of Finance,https://www.gov.ie/en/department-of-education/collections/foi-disclosure-logs/,https://assets.gov.ie/static/documents/cca44854-foi-summary-of-non-personal-requests-submitted-to-the-department-of-education.pdf
13/04/2026,1008,Department of Finance,https://www.gov.ie/en/department-of-education/collections/foi-disclosure-logs/,https://assets.gov.ie/static/documents/45b33dfb-foi-summary-of-non-personal-requests-submitted-to-the-department-of-education.pdf
13/04/2026,1008,Department of Finance,https://www.gov.ie/en/department-of-education/collections/foi-disclosure-logs/,https://assets.gov.ie/static/documents/f99830ff-foi-summary-of-non-personal-requests-submitted-to-the-department-of-education.pdf
13/04/2026,1007,"Department of Enterprise, Tourism and Employment",https://www.gov.ie/en/department-of-enterprise-tourism-and-employment/collections/foi-disclosure-log/,https://assets.gov.ie/static/documents/foi-log-2025.pdf
13/04/2026,1007,"Department of Enterprise, Tourism and Employment",https://www.gov.ie/en/department-of-enterprise-tourism-and-employment/collections/foi-disclosure-log/,https://assets.gov.ie/static/documents/dete-foi-log-2024.pdf
13/04/2026,1007,"Department of Enterprise, Tourism and Employment",https://www.gov.ie/en/department-of-enterprise-tourism-and-employment/collections/foi-disclosure-log/,https://assets.gov.ie/static/documents/dete-foi-log-2023.pdf
13/04/2026,1007,"Department of Enterprise, Tourism and Employment",https://www.gov.ie/en/department-of-enterprise-tourism-and-employment/collections/foi-disclosure-log/,https://assets.gov.ie/static/documents/dete-foi-log-2022.pdf
13/04/2026,1007,"Department of Enterprise, Tourism and Employment",https://www.gov.ie/en/department-of-enterprise-tourism-and-employment/collections/foi-disclosure-log/,https://assets.gov.ie/static/documents/dete-foi-log-2021.pdf
13/04/2026,1007,"Department of Enterprise, Tourism and Employment",https://www.gov.ie/en/department-of-enterprise-tourism-and-employment/collections/foi-disclosure-log/,https://assets.gov.ie/static/documents/dete-foi-log-2020.pdf
13/04/2026,1007,"Department of Enterprise, Tourism and Employment",https://www.gov.ie/en/department-of-enterprise-tourism-and-employment/collections/foi-disclosure-log/,https://assets.gov.ie/static/documents/dbei-foi-log-2019.pdf
13/04/2026,1007,"Department of Enterprise, Tourism and Employment",https://www.gov.ie/en/department-of-enterprise-tourism-and-employment/collections/foi-disclosure-log/,https://assets.gov.ie/static/documents/dbei-foi-log-2018-e3aac219-90b0-4f38-b00d-7ce16a710963.pdf
13/04/2026,1007,"Department of Enterprise, Tourism and Employment",https://www.gov.ie/en/department-of-enterprise-tourism-and-employment/collections/foi-disclosure-log/,https://assets.gov.ie/static/documents/dbei-foi-log-2017.pdf
13/04/2026,1007,"Department of Enterprise, Tourism and Employment",https://www.gov.ie/en/department-of-enterprise-tourism-and-employment/collections/foi-disclosure-log/,https://assets.gov.ie/static/documents/djei-foi-log-2016.pdf
13/04/2026,1009,Department of Foreign Affairs and Trade,https://www.gov.ie/en/department-of-foreign-affairs/collections/freedom-of-information-requests-2025/,https://assets.gov.ie/static/documents/non-personal-foi-requests-jan-2025.pdf
13/04/2026,1009,Department of Foreign Affairs and Trade,https://www.gov.ie/en/department-of-foreign-affairs/collections/freedom-of-information-requests-2025/,https://assets.gov.ie/static/documents/non-personal-foi-requests-feb-2025.pdf
13/04/2026,1009,Department of Foreign Affairs and Trade,https://www.gov.ie/en/department-of-foreign-affairs/collections/freedom-of-information-requests-2025/,https://assets.gov.ie/static/documents/non-personal-foi-requests-mar-2025.pdf
13/04/2026,1009,Department of Foreign Affairs and Trade,https://www.gov.ie/en/department-of-foreign-affairs/collections/freedom-of-information-requests-2025/,https://assets.gov.ie/static/documents/4._Non-personal_FOI_requests_answered_in_Apr_2025.pdf
13/04/2026,1009,Department of Foreign Affairs and Trade,https://www.gov.ie/en/department-of-foreign-affairs/collections/freedom-of-information-requests-2025/,https://assets.gov.ie/static/documents/5._Non-personal_FOI_requests_answered_in_May_2025.pdf
13/04/2026,1009,Department of Foreign Affairs and Trade,https://www.gov.ie/en/department-of-foreign-affairs/collections/freedom-of-information-requests-2025/,https://assets.gov.ie/static/documents/6._Non-personal_FOI_requests_answered_in_June_2025.pdf
13/04/2026,1009,Department of Foreign Affairs and Trade,https://www.gov.ie/en/department-of-foreign-affairs/collections/freedom-of-information-requests-2025/,https://assets.gov.ie/static/documents/7._Non-personal_FOI_requests_answered_in_July_2025.pdf
13/04/2026,1009,Department of Foreign Affairs and Trade,https://www.gov.ie/en/department-of-foreign-affairs/collections/freedom-of-information-requests-2025/,https://assets.gov.ie/static/documents/ce69129f/8._Non-personal_FOI_requests_answered_in_Aug_2025.pdf
13/04/2026,1009,Department of Foreign Affairs and Trade,https://www.gov.ie/en/department-of-foreign-affairs/collections/freedom-of-information-requests-2025/,https://assets.gov.ie/static/documents/1b65e3fb/9._Non-personal_FOI_requests_answered_in_Sep_2025.pdf
13/04/2026,1009,Department of Foreign Affairs and Trade,https://www.gov.ie/en/department-of-foreign-affairs/collections/freedom-of-information-requests-2025/,https://assets.gov.ie/static/documents/0e4f49c8/10._Non-personal_FOI_requests_answered_in_Oct_2025.pdf
13/04/2026,1009,Department of Foreign Affairs and Trade,https://www.gov.ie/en/department-of-foreign-affairs/collections/freedom-of-information-requests-2025/,https://assets.gov.ie/static/documents/afe39b74/11._Non-personal_FOI_requests_answered_in_Nov_2025.pdf
13/04/2026,1009,Department of Foreign Affairs and Trade,https://www.gov.ie/en/department-of-foreign-affairs/collections/freedom-of-information-requests-2025/,https://assets.gov.ie/static/documents/c0ffce5e/12._Non-personal_FOI_requests_answered_in_Dec_2025.pdf
13/04/2026,1010,"Department of Further and Higher Education, Research, Innovation and Science",https://www.gov.ie/en/department-of-further-and-higher-education-research-innovation-and-science/organisation-information/freedom-of-information-disclosure-logs/,https://assets.gov.ie/static/documents/2ecd384f/Quarter_4_Freedom_of_Information_Logs_October_to_December_2025.pdf
13/04/2026,1010,"Department of Further and Higher Education, Research, Innovation and Science",https://www.gov.ie/en/department-of-further-and-higher-education-research-innovation-and-science/organisation-information/freedom-of-information-disclosure-logs/,https://assets.gov.ie/static/documents/d8689ada/DFHERIS_FOI_Logs_-_July_to_September_Quarter_3_2025.pdf
13/04/2026,1010,"Department of Further and Higher Education, Research, Innovation and Science",https://www.gov.ie/en/department-of-further-and-higher-education-research-innovation-and-science/organisation-information/freedom-of-information-disclosure-logs/,https://assets.gov.ie/static/documents/DFHERIS_FOI_Logs_-_April_to_June_2025.pdf
13/04/2026,1010,"Department of Further and Higher Education, Research, Innovation and Science",https://www.gov.ie/en/department-of-further-and-higher-education-research-innovation-and-science/organisation-information/freedom-of-information-disclosure-logs/,https://assets.gov.ie/static/documents/DFHERIS_FOI_Logs_-_January_to_March_2025.pdf
13/04/2026,1010,"Department of Further and Higher Education, Research, Innovation and Science",https://www.gov.ie/en/department-of-further-and-higher-education-research-innovation-and-science/organisation-information/freedom-of-information-disclosure-logs/,https://assets.gov.ie/static/documents/dfheris-foi-logs-october-to-december-2024.pdf
13/04/2026,1010,"Department of Further and Higher Education, Research, Innovation and Science",https://www.gov.ie/en/department-of-further-and-higher-education-research-innovation-and-science/organisation-information/freedom-of-information-disclosure-logs/,https://assets.gov.ie/static/documents/dfheris-foi-logs-july-to-september-2024.pdf
13/04/2026,1010,"Department of Further and Higher Education, Research, Innovation and Science",https://www.gov.ie/en/department-of-further-and-higher-education-research-innovation-and-science/organisation-information/freedom-of-information-disclosure-logs/,https://assets.gov.ie/static/documents/dfheris-foi-logs-april-to-june-2024.pdf
13/04/2026,1010,"Department of Further and Higher Education, Research, Innovation and Science",https://www.gov.ie/en/department-of-further-and-higher-education-research-innovation-and-science/organisation-information/freedom-of-information-disclosure-logs/,https://assets.gov.ie/static/documents/dfheris-foi-logs-january-to-march-2024.pdf
13/04/2026,1010,"Department of Further and Higher Education, Research, Innovation and Science",https://www.gov.ie/en/department-of-further-and-higher-education-research-innovation-and-science/organisation-information/freedom-of-information-disclosure-logs/,https://assets.gov.ie/static/documents/dfheris-foi-logs-october-to-december-2023.pdf
13/04/2026,1010,"Department of Further and Higher Education, Research, Innovation and Science",https://www.gov.ie/en/department-of-further-and-higher-education-research-innovation-and-science/organisation-information/freedom-of-information-disclosure-logs/,https://assets.gov.ie/static/documents/dfheris-foi-logs-july-to-september-2023.pdf
13/04/2026,1010,"Department of Further and Higher Education, Research, Innovation and Science",https://www.gov.ie/en/department-of-further-and-higher-education-research-innovation-and-science/organisation-information/freedom-of-information-disclosure-logs/,https://assets.gov.ie/static/documents/dfheris-foi-logs-april-to-june-2023.pdf
13/04/2026,1010,"Department of Further and Higher Education, Research, Innovation and Science",https://www.gov.ie/en/department-of-further-and-higher-education-research-innovation-and-science/organisation-information/freedom-of-information-disclosure-logs/,https://assets.gov.ie/static/documents/dfheris-foi-logs-january-to-march-2023.pdf
13/04/2026,1011,Department of Health,https://www.gov.ie/en/department-of-health/collections/foi-disclosure-logs/,https://assets.gov.ie/static/documents/bb54c87a/Freedom_of_Information_Requests_Quarter_4_-_2025.pdf
13/04/2026,1011,Department of Health,https://www.gov.ie/en/department-of-health/collections/foi-disclosure-logs/,https://assets.gov.ie/static/documents/fce7760b/Freedom_of_Information_Requests_Quarter_3_-_2025.pdf
13/04/2026,1011,Department of Health,https://www.gov.ie/en/department-of-health/collections/foi-disclosure-logs/,https://assets.gov.ie/static/documents/059a3b8d/Freedom_of_Information_Requests_Quarter_2_-_2025.pdf
13/04/2026,1011,Department of Health,https://www.gov.ie/en/department-of-health/collections/foi-disclosure-logs/,https://assets.gov.ie/static/documents/f92e5b7e/Freedom_of_Information_Requests_Quarter_1_-_2025.pdf
13/04/2026,1011,Department of Health,https://www.gov.ie/en/department-of-health/collections/foi-disclosure-logs/,https://assets.gov.ie/static/documents/Freedom_of_Information_Requests_Quarter_4_-_2024_1.pdf
13/04/2026,1011,Department of Health,https://www.gov.ie/en/department-of-health/collections/foi-disclosure-logs/,https://assets.gov.ie/static/documents/freedom-of-information-requests-quarter-3-2024.pdf
13/04/2026,1011,Department of Health,https://www.gov.ie/en/department-of-health/collections/foi-disclosure-logs/,https://assets.gov.ie/static/documents/freedom-of-information-requests-quarter-2-2024.pdf
13/04/2026,1011,Department of Health,https://www.gov.ie/en/department-of-health/collections/foi-disclosure-logs/,https://assets.gov.ie/static/documents/freedom-of-information-requests-quarter-1-2024.pdf
13/04/2026,1011,Department of Health,https://www.gov.ie/en/department-of-health/collections/foi-disclosure-logs/,https://assets.gov.ie/static/documents/freedom-of-information-requests-quarter-4-2023.pdf
13/04/2026,1011,Department of Health,https://www.gov.ie/en/department-of-health/collections/foi-disclosure-logs/,https://assets.gov.ie/static/documents/freedom-of-information-requests-quarter-3-2023.pdf
13/04/2026,1011,Department of Health,https://www.gov.ie/en/department-of-health/collections/foi-disclosure-logs/,https://assets.gov.ie/static/documents/freedom-of-information-requests-quarter-2-2023.pdf
13/04/2026,1011,Department of Health,https://www.gov.ie/en/department-of-health/collections/foi-disclosure-logs/,https://assets.gov.ie/static/documents/freedom-of-information-requests-quarter-1-2023.pdf
13/04/2026,1011,Department of Health,https://www.gov.ie/en/department-of-health/collections/foi-disclosure-logs/,https://assets.gov.ie/static/documents/freedom-of-information-requests-quarter-4-2022.pdf
13/04/2026,1011,Department of Health,https://www.gov.ie/en/department-of-health/collections/foi-disclosure-logs/,https://assets.gov.ie/static/documents/freedom-of-information-requests-quarter-3-2022.pdf
13/04/2026,1011,Department of Health,https://www.gov.ie/en/department-of-health/collections/foi-disclosure-logs/,https://assets.gov.ie/static/documents/freedom-of-information-requests-quarter-2-2022.pdf
13/04/2026,1011,Department of Health,https://www.gov.ie/en/department-of-health/collections/foi-disclosure-logs/,https://assets.gov.ie/static/documents/freedom-of-information-requests-quarter-1-2022.pdf
13/04/2026,1011,Department of Health,https://www.gov.ie/en/department-of-health/collections/foi-disclosure-logs/,https://assets.gov.ie/static/documents/freedom-of-information-requests-quarter-4-2021.pdf
13/04/2026,1011,Department of Health,https://www.gov.ie/en/department-of-health/collections/foi-disclosure-logs/,https://assets.gov.ie/static/documents/freedom-of-information-requests-quarter-3-2021.pdf
13/04/2026,1011,Department of Health,https://www.gov.ie/en/department-of-health/collections/foi-disclosure-logs/,https://assets.gov.ie/static/documents/freedom-of-information-requests-quarter-2-2021.pdf
13/04/2026,1011,Department of Health,https://www.gov.ie/en/department-of-health/collections/foi-disclosure-logs/,https://assets.gov.ie/static/documents/freedom-of-information-requests-quarter-1-2021.pdf
13/04/2026,1011,Department of Health,https://www.gov.ie/en/department-of-health/collections/foi-disclosure-logs/,https://assets.gov.ie/static/documents/freedom-of-information-requests-quarter-4-2020.pdf
13/04/2026,1011,Department of Health,https://www.gov.ie/en/department-of-health/collections/foi-disclosure-logs/,https://assets.gov.ie/static/documents/freedom-of-information-requests-quarter-3-2020.pdf
13/04/2026,1011,Department of Health,https://www.gov.ie/en/department-of-health/collections/foi-disclosure-logs/,https://assets.gov.ie/static/documents/freedom-of-information-requests-quarter-2-2020.pdf
13/04/2026,1011,Department of Health,https://www.gov.ie/en/department-of-health/collections/foi-disclosure-logs/,https://assets.gov.ie/static/documents/freedom-of-information-requests-quarter-1-2020.pdf
13/04/2026,1011,Department of Health,https://www.gov.ie/en/department-of-health/collections/foi-disclosure-logs/,https://assets.gov.ie/static/documents/freedom-of-information-requests-quarter-4-2019.pdf
13/04/2026,1011,Department of Health,https://www.gov.ie/en/department-of-health/collections/foi-disclosure-logs/,https://assets.gov.ie/static/documents/freedom-of-information-requests-quarter-3-2019-3fcaa039-4e54-452a-9d80-882784dd1bab.pdf
13/04/2026,1011,Department of Health,https://www.gov.ie/en/department-of-health/collections/foi-disclosure-logs/,https://assets.gov.ie/static/documents/freedom-of-information-requests-quarter-2-2019.pdf
13/04/2026,1011,Department of Health,https://www.gov.ie/en/department-of-health/collections/foi-disclosure-logs/,https://assets.gov.ie/static/documents/freedom-of-information-requests-quarter-1-2019.pdf
13/04/2026,1011,Department of Health,https://www.gov.ie/en/department-of-health/collections/foi-disclosure-logs/,https://assets.gov.ie/static/documents/freedom-of-information-requests-quarter-4-2018-8b9c497b-c3f7-402b-9769-147710658929.pdf
13/04/2026,1011,Department of Health,https://www.gov.ie/en/department-of-health/collections/foi-disclosure-logs/,https://assets.gov.ie/static/documents/freedom-of-information-requests-quarter-3-2018-02f1fb34-e44c-45f4-b5d3-74e1554d1786.pdf
13/04/2026,1011,Department of Health,https://www.gov.ie/en/department-of-health/collections/foi-disclosure-logs/,https://assets.gov.ie/static/documents/freedom-of-information-requests-quarter-2-2018-717ff739-1449-43a2-8d7a-0d4c61bce8b4.pdf
13/04/2026,1011,Department of Health,https://www.gov.ie/en/department-of-health/collections/foi-disclosure-logs/,https://assets.gov.ie/static/documents/freedom-of-information-requests-quarter-1-2018-76426b19-5fd3-42a1-b006-5905f67fbceb.pdf
13/04/2026,1011,Department of Health,https://www.gov.ie/en/department-of-health/collections/foi-disclosure-logs/,https://assets.gov.ie/static/documents/freedom-of-information-requests-quarter-4-2017-31d266b5-1b6a-4baa-a2ef-388c600703ee.pdf
13/04/2026,1011,Department of Health,https://www.gov.ie/en/department-of-health/collections/foi-disclosure-logs/,https://assets.gov.ie/static/documents/freedom-of-information-requests-quarter-3-2017-66b13a67-d806-4e79-8bd8-8e250fa2c846.pdf
13/04/2026,1011,Department of Health,https://www.gov.ie/en/department-of-health/collections/foi-disclosure-logs/,https://assets.gov.ie/static/documents/freedom-of-information-requests-quarter-2-2017-ebca6a70-d9cb-4eff-a82c-fdbfbcf00bf6.pdf
13/04/2026,1011,Department of Health,https://www.gov.ie/en/department-of-health/collections/foi-disclosure-logs/,https://assets.gov.ie/static/documents/freedom-of-information-requests-quarter-1-2017-d8e14dc1-6d88-475d-ad68-da1af5ffe9d7.pdf
13/04/2026,1011,Department of Health,https://www.gov.ie/en/department-of-health/collections/foi-disclosure-logs/,https://assets.gov.ie/static/documents/freedom-of-information-requests-quarter-4-2016-1e73d305-215c-4bb1-aa7b-bda494c332bf.pdf
13/04/2026,1011,Department of Health,https://www.gov.ie/en/department-of-health/collections/foi-disclosure-logs/,https://assets.gov.ie/static/documents/freedom-of-information-requests-quarter-3-2016-216fdebf-b4b8-46f6-aa05-79d55ffd88db.pdf
13/04/2026,1011,Department of Health,https://www.gov.ie/en/department-of-health/collections/foi-disclosure-logs/,https://assets.gov.ie/static/documents/freedom-of-information-requests-quarter-2-2016-0a0d345a-2840-41fa-8b80-e3951b0129e0.pdf
13/04/2026,1011,Department of Health,https://www.gov.ie/en/department-of-health/collections/foi-disclosure-logs/,https://assets.gov.ie/static/documents/freedom-of-information-requests-quarter-1-2016.pdf
13/04/2026,1012,"Department of Housing, Local Government and Heritage",https://www.gov.ie/en/department-of-housing-local-government-and-heritage/collections/foi-logs/,https://assets.gov.ie/static/documents/bda2d69d/Q3._FOI_Disclosure_Log_July_to_September_2025.pdf
13/04/2026,1012,"Department of Housing, Local Government and Heritage",https://www.gov.ie/en/department-of-housing-local-government-and-heritage/collections/foi-logs/,https://assets.gov.ie/static/documents/1f919c9b/Q2._FOI_Disclosure_Log_April_to_June_2025.pdf
13/04/2026,1012,"Department of Housing, Local Government and Heritage",https://www.gov.ie/en/department-of-housing-local-government-and-heritage/collections/foi-logs/,https://assets.gov.ie/static/documents/7a390c4b/Final_Approved_Qtr_1_2025_FOI_Disclosure_Log.pdf
13/04/2026,1012,"Department of Housing, Local Government and Heritage",https://www.gov.ie/en/department-of-housing-local-government-and-heritage/collections/foi-logs/,https://assets.gov.ie/static/documents/FOI_Disclosure_Log__Q4_October_to_December_2024.pdf
13/04/2026,1012,"Department of Housing, Local Government and Heritage",https://www.gov.ie/en/department-of-housing-local-government-and-heritage/collections/foi-logs/,https://assets.gov.ie/static/documents/FOI_Disclosure_Log_Q3_JULY_TO_SEPT_2024.pdf
13/04/2026,1012,"Department of Housing, Local Government and Heritage",https://www.gov.ie/en/department-of-housing-local-government-and-heritage/collections/foi-logs/,https://assets.gov.ie/static/documents/FOI_Disclosure_Log__Q2_April_to_June_2024.pdf
13/04/2026,1012,"Department of Housing, Local Government and Heritage",https://www.gov.ie/en/department-of-housing-local-government-and-heritage/collections/foi-logs/,https://assets.gov.ie/static/documents/foi-q1-disclosure-log-2024.pdf
13/04/2026,1012,"Department of Housing, Local Government and Heritage",https://www.gov.ie/en/department-of-housing-local-government-and-heritage/collections/foi-logs/,https://assets.gov.ie/static/documents/foi-disclosure-log-october-to-december-2023.pdf
13/04/2026,1012,"Department of Housing, Local Government and Heritage",https://www.gov.ie/en/department-of-housing-local-government-and-heritage/collections/foi-logs/,https://assets.gov.ie/static/documents/foi-disclosure-log-july-to-september-2023.pdf
13/04/2026,1012,"Department of Housing, Local Government and Heritage",https://www.gov.ie/en/department-of-housing-local-government-and-heritage/collections/foi-logs/,https://assets.gov.ie/static/documents/foi-disclosure-log-april-to-june-2023.pdf
13/04/2026,1012,"Department of Housing, Local Government and Heritage",https://www.gov.ie/en/department-of-housing-local-government-and-heritage/collections/foi-logs/,https://assets.gov.ie/static/documents/foi-disclosure-log-january-to-march-2023.pdf
13/04/2026,1012,"Department of Housing, Local Government and Heritage",https://www.gov.ie/en/department-of-housing-local-government-and-heritage/collections/foi-logs/,https://assets.gov.ie/static/documents/foi-disclosure-log-october-to-december-2022.pdf
13/04/2026,1012,"Department of Housing, Local Government and Heritage",https://www.gov.ie/en/department-of-housing-local-government-and-heritage/collections/foi-logs/,https://assets.gov.ie/static/documents/foi-requests-log-july-to-september-2022.pdf
13/04/2026,1012,"Department of Housing, Local Government and Heritage",https://www.gov.ie/en/department-of-housing-local-government-and-heritage/collections/foi-logs/,https://assets.gov.ie/static/documents/foi-requests-log-april-to-june-2022.pdf
13/04/2026,1012,"Department of Housing, Local Government and Heritage",https://www.gov.ie/en/department-of-housing-local-government-and-heritage/collections/foi-logs/,https://assets.gov.ie/static/documents/foi-requests-log-january-to-march-2022.pdf
13/04/2026,1012,"Department of Housing, Local Government and Heritage",https://www.gov.ie/en/department-of-housing-local-government-and-heritage/collections/foi-logs/,https://assets.gov.ie/static/documents/foi-requests-log-october-to-december-2021.pdf
13/04/2026,1012,"Department of Housing, Local Government and Heritage",https://www.gov.ie/en/department-of-housing-local-government-and-heritage/collections/foi-logs/,https://assets.gov.ie/static/documents/foi-requests-log-july-to-september-2021.pdf
13/04/2026,1012,"Department of Housing, Local Government and Heritage",https://www.gov.ie/en/department-of-housing-local-government-and-heritage/collections/foi-logs/,https://assets.gov.ie/static/documents/foi-requests-log-april-to-june-2021.pdf
13/04/2026,1012,"Department of Housing, Local Government and Heritage",https://www.gov.ie/en/department-of-housing-local-government-and-heritage/collections/foi-logs/,https://assets.gov.ie/static/documents/foi-requests-log-january-to-march-2021.pdf
13/04/2026,1012,"Department of Housing, Local Government and Heritage",https://www.gov.ie/en/department-of-housing-local-government-and-heritage/collections/foi-logs/,https://assets.gov.ie/static/documents/foi-requests-log-september-to-december-2020.pdf
13/04/2026,1012,"Department of Housing, Local Government and Heritage",https://www.gov.ie/en/department-of-housing-local-government-and-heritage/collections/foi-logs/,https://assets.gov.ie/static/documents/foi-requests-log-july-to-september-2020.pdf
13/04/2026,1012,"Department of Housing, Local Government and Heritage",https://www.gov.ie/en/department-of-housing-local-government-and-heritage/collections/foi-logs/,https://assets.gov.ie/static/documents/foi-requests-log-april-to-june-2020.pdf
13/04/2026,1012,"Department of Housing, Local Government and Heritage",https://www.gov.ie/en/department-of-housing-local-government-and-heritage/collections/foi-logs/,https://assets.gov.ie/static/documents/foi-requests-log-january-to-march-2020.pdf
13/04/2026,1012,"Department of Housing, Local Government and Heritage",https://www.gov.ie/en/department-of-housing-local-government-and-heritage/collections/foi-logs/,https://assets.gov.ie/static/documents/foi-requests-log-october-december-2019.pdf
13/04/2026,1012,"Department of Housing, Local Government and Heritage",https://www.gov.ie/en/department-of-housing-local-government-and-heritage/collections/foi-logs/,https://assets.gov.ie/static/documents/foi-requests-log-july-to-september-2019.pdf
13/04/2026,1012,"Department of Housing, Local Government and Heritage",https://www.gov.ie/en/department-of-housing-local-government-and-heritage/collections/foi-logs/,https://assets.gov.ie/static/documents/foi-requests-log-april-to-june-2019-b84e17d1-187f-47b1-a527-d18028b2d7ea.pdf
13/04/2026,1012,"Department of Housing, Local Government and Heritage",https://www.gov.ie/en/department-of-housing-local-government-and-heritage/collections/foi-logs/,https://assets.gov.ie/static/documents/foi-requests-log-january-to-march-2019-37b30746-3c4c-4303-83d7-2832de749c91.pdf
13/04/2026,1012,"Department of Housing, Local Government and Heritage",https://www.gov.ie/en/department-of-housing-local-government-and-heritage/collections/foi-logs/,https://assets.gov.ie/static/documents/foi-requests-log-october-to-december-2018.pdf
13/04/2026,1012,"Department of Housing, Local Government and Heritage",https://www.gov.ie/en/department-of-housing-local-government-and-heritage/collections/foi-logs/,https://assets.gov.ie/static/documents/foi-requests-log-july-to-september-2018.pdf
13/04/2026,1012,"Department of Housing, Local Government and Heritage",https://www.gov.ie/en/department-of-housing-local-government-and-heritage/collections/foi-logs/,https://assets.gov.ie/static/documents/foi-requests-log-april-to-june-2018.pdf
13/04/2026,1012,"Department of Housing, Local Government and Heritage",https://www.gov.ie/en/department-of-housing-local-government-and-heritage/collections/foi-logs/,https://assets.gov.ie/static/documents/foi-requests-log-january-to-march-2018.pdf
13/04/2026,1012,"Department of Housing, Local Government and Heritage",https://www.gov.ie/en/department-of-housing-local-government-and-heritage/collections/foi-logs/,https://assets.gov.ie/static/documents/foi-requests-log-october-to-december-2017.pdf
13/04/2026,1012,"Department of Housing, Local Government and Heritage",https://www.gov.ie/en/department-of-housing-local-government-and-heritage/collections/foi-logs/,https://assets.gov.ie/static/documents/foi-requests-log-july-to-september-2017.pdf
13/04/2026,1012,"Department of Housing, Local Government and Heritage",https://www.gov.ie/en/department-of-housing-local-government-and-heritage/collections/foi-logs/,https://assets.gov.ie/static/documents/foi-requests-log-april-to-june-2017.pdf
13/04/2026,1012,"Department of Housing, Local Government and Heritage",https://www.gov.ie/en/department-of-housing-local-government-and-heritage/collections/foi-logs/,https://assets.gov.ie/static/documents/foi-requests-log-january-to-march-2017.pdf
13/04/2026,1012,"Department of Housing, Local Government and Heritage",https://www.gov.ie/en/department-of-housing-local-government-and-heritage/collections/foi-logs/,https://assets.gov.ie/static/documents/foi-requests-log-october-to-december-2016.pdf
13/04/2026,1012,"Department of Housing, Local Government and Heritage",https://www.gov.ie/en/department-of-housing-local-government-and-heritage/collections/foi-logs/,https://assets.gov.ie/static/documents/foi-requests-log-july-to-september-2016.pdf
13/04/2026,1012,"Department of Housing, Local Government and Heritage",https://www.gov.ie/en/department-of-housing-local-government-and-heritage/collections/foi-logs/,https://assets.gov.ie/static/documents/foi-requests-log-april-to-june-2016.pdf
13/04/2026,1012,"Department of Housing, Local Government and Heritage",https://www.gov.ie/en/department-of-housing-local-government-and-heritage/collections/foi-logs/,https://assets.gov.ie/static/documents/foi-requests-log-january-to-march-2016.pdf
13/04/2026,1012,"Department of Housing, Local Government and Heritage",https://www.gov.ie/en/department-of-housing-local-government-and-heritage/collections/foi-logs/,https://assets.gov.ie/static/documents/foi-requests-log-october-to-december-2015.pdf
13/04/2026,1012,"Department of Housing, Local Government and Heritage",https://www.gov.ie/en/department-of-housing-local-government-and-heritage/collections/foi-logs/,https://assets.gov.ie/static/documents/foi-requests-log-july-to-september-2015.pdf
13/04/2026,1012,"Department of Housing, Local Government and Heritage",https://www.gov.ie/en/department-of-housing-local-government-and-heritage/collections/foi-logs/,https://assets.gov.ie/static/documents/foi-requests-log-april-to-june-2015.pdf
13/04/2026,1013,"Department of Justice, Home Affairs and Migration",https://www.gov.ie/en/department-of-justice-home-affairs-and-migration/collections/foi-disclosure-logs/,https://assets.gov.ie/static/documents/Department_of_Justice_FOI_Disclosure_Log_January_to_June_2025.pdf
13/04/2026,1013,"Department of Justice, Home Affairs and Migration",https://www.gov.ie/en/department-of-justice-home-affairs-and-migration/collections/foi-disclosure-logs/,https://assets.gov.ie/static/documents/department-of-justice-foi-disclosure-log-january-to-june-2024.pdf
13/04/2026,1013,"Department of Justice, Home Affairs and Migration",https://www.gov.ie/en/department-of-justice-home-affairs-and-migration/collections/foi-disclosure-logs/,https://assets.gov.ie/static/documents/Department_of_Justice_FOI_Disclosure_Log__July_to_December_2024.pdf
13/04/2026,1013,"Department of Justice, Home Affairs and Migration",https://www.gov.ie/en/department-of-justice-home-affairs-and-migration/collections/foi-disclosure-logs/,https://assets.gov.ie/static/documents/department-of-justice-non-personal-foi-requests-disclosure-log-2023.pdf
13/04/2026,1013,"Department of Justice, Home Affairs and Migration",https://www.gov.ie/en/department-of-justice-home-affairs-and-migration/collections/foi-disclosure-logs/,https://assets.gov.ie/static/documents/department-of-justice-non-personal-foi-requests-disclosure-log-2022.pdf
13/04/2026,1013,"Department of Justice, Home Affairs and Migration",https://www.gov.ie/en/department-of-justice-home-affairs-and-migration/collections/foi-disclosure-logs/,https://assets.gov.ie/static/documents/department-of-justice-non-personal-foi-requests-disclosure-log-2021.pdf
13/04/2026,1013,"Department of Justice, Home Affairs and Migration",https://www.gov.ie/en/department-of-justice-home-affairs-and-migration/collections/foi-disclosure-logs/,https://assets.gov.ie/static/documents/department-of-justice-non-personal-foi-requests-disclosure-log-2020.pdf
13/04/2026,1013,"Department of Justice, Home Affairs and Migration",https://www.gov.ie/en/department-of-justice-home-affairs-and-migration/collections/foi-disclosure-logs/,https://assets.gov.ie/static/documents/department-of-justice-non-personal-foi-requests-disclosure-log-2019.pdf
13/04/2026,1013,"Department of Justice, Home Affairs and Migration",https://www.gov.ie/en/department-of-justice-home-affairs-and-migration/collections/foi-disclosure-logs/,https://assets.gov.ie/static/documents/department-of-justice-non-personal-foi-requests-disclosure-log-2018.pdf
13/04/2026,1013,"Department of Justice, Home Affairs and Migration",https://www.gov.ie/en/department-of-justice-home-affairs-and-migration/collections/foi-disclosure-logs/,https://assets.gov.ie/static/documents/department-of-justice-non-personal-foi-requests-disclosure-log-2017.pdf
13/04/2026,1013,"Department of Justice, Home Affairs and Migration",https://www.gov.ie/en/department-of-justice-home-affairs-and-migration/collections/foi-disclosure-logs/,https://assets.gov.ie/static/documents/non-personal-foi-requests-december-2015.pdf
13/04/2026,1013,"Department of Justice, Home Affairs and Migration",https://www.gov.ie/en/department-of-justice-home-affairs-and-migration/collections/foi-disclosure-logs/,https://assets.gov.ie/static/documents/non-personal-foi-requests-november-2015.pdf
13/04/2026,1013,"Department of Justice, Home Affairs and Migration",https://www.gov.ie/en/department-of-justice-home-affairs-and-migration/collections/foi-disclosure-logs/,https://assets.gov.ie/static/documents/non-personal-foi-requests-october-2015.pdf
13/04/2026,1013,"Department of Justice, Home Affairs and Migration",https://www.gov.ie/en/department-of-justice-home-affairs-and-migration/collections/foi-disclosure-logs/,https://assets.gov.ie/static/documents/non-personal-foi-requests-september-2015.pdf
13/04/2026,1013,"Department of Justice, Home Affairs and Migration",https://www.gov.ie/en/department-of-justice-home-affairs-and-migration/collections/foi-disclosure-logs/,https://assets.gov.ie/static/documents/non-personal-foi-requests-august-2015.pdf
13/04/2026,1013,"Department of Justice, Home Affairs and Migration",https://www.gov.ie/en/department-of-justice-home-affairs-and-migration/collections/foi-disclosure-logs/,https://assets.gov.ie/static/documents/non-personal-foi-requests-july-2015.pdf
13/04/2026,1013,"Department of Justice, Home Affairs and Migration",https://www.gov.ie/en/department-of-justice-home-affairs-and-migration/collections/foi-disclosure-logs/,https://assets.gov.ie/static/documents/non-personal-foi-requests-june-2015.pdf
13/04/2026,1013,"Department of Justice, Home Affairs and Migration",https://www.gov.ie/en/department-of-justice-home-affairs-and-migration/collections/foi-disclosure-logs/,https://assets.gov.ie/static/documents/non-personal-foi-requests-may-2015.pdf
13/04/2026,1013,"Department of Justice, Home Affairs and Migration",https://www.gov.ie/en/department-of-justice-home-affairs-and-migration/collections/foi-disclosure-logs/,https://assets.gov.ie/static/documents/non-personal-foi-requests-april-2015.pdf
13/04/2026,1013,"Department of Justice, Home Affairs and Migration",https://www.gov.ie/en/department-of-justice-home-affairs-and-migration/collections/foi-disclosure-logs/,https://assets.gov.ie/static/documents/non-personal-foi-requests-march-2015.pdf
13/04/2026,1013,"Department of Justice, Home Affairs and Migration",https://www.gov.ie/en/department-of-justice-home-affairs-and-migration/collections/foi-disclosure-logs/,https://assets.gov.ie/static/documents/non-personal-foi-requests-february-2015.pdf
13/04/2026,1014,"Department of Public Expenditure, Infrastructure, Public Service Reform and Digitalisation",https://www.gov.ie/en/department-of-public-expenditure-infrastructure-public-service-reform-and-digitalisation/collections/foi-disclosure-log/,https://assets.gov.ie/static/documents/Qtr_1_2025_FOI_Disclosure_Log.pdf
13/04/2026,1014,"Department of Public Expenditure, Infrastructure, Public Service Reform and Digitalisation",https://www.gov.ie/en/department-of-public-expenditure-infrastructure-public-service-reform-and-digitalisation/collections/foi-disclosure-log/,https://assets.gov.ie/static/documents/Qtr_2_2025_FOI_Disclosure_log.pdf
13/04/2026,1014,"Department of Public Expenditure, Infrastructure, Public Service Reform and Digitalisation",https://www.gov.ie/en/department-of-public-expenditure-infrastructure-public-service-reform-and-digitalisation/collections/foi-disclosure-log/,https://assets.gov.ie/static/documents/952d2fa6/Qtr_3_2025_FOI_Disclosure_Log.pdf
13/04/2026,1014,"Department of Public Expenditure, Infrastructure, Public Service Reform and Digitalisation",https://www.gov.ie/en/department-of-public-expenditure-infrastructure-public-service-reform-and-digitalisation/collections/foi-disclosure-log/,https://assets.gov.ie/static/documents/78cd659b/Qtr_4_2025_FOI_Disclosure_Log.pdf
13/04/2026,1014,"Department of Public Expenditure, Infrastructure, Public Service Reform and Digitalisation",https://www.gov.ie/en/department-of-public-expenditure-infrastructure-public-service-reform-and-digitalisation/collections/foi-disclosure-log/,https://assets.gov.ie/static/documents/foi-disclosure-log-q1-2024-08fb9edc-9110-46da-b4a1-443ca951859d.pdf
13/04/2026,1014,"Department of Public Expenditure, Infrastructure, Public Service Reform and Digitalisation",https://www.gov.ie/en/department-of-public-expenditure-infrastructure-public-service-reform-and-digitalisation/collections/foi-disclosure-log/,https://assets.gov.ie/static/documents/Qtr_2_2024_FOI_Disclosure_Log.pdf
13/04/2026,1014,"Department of Public Expenditure, Infrastructure, Public Service Reform and Digitalisation",https://www.gov.ie/en/department-of-public-expenditure-infrastructure-public-service-reform-and-digitalisation/collections/foi-disclosure-log/,https://assets.gov.ie/static/documents/Qtr_3_2024_FOI_Disclosure_Log.pdf
13/04/2026,1014,"Department of Public Expenditure, Infrastructure, Public Service Reform and Digitalisation",https://www.gov.ie/en/department-of-public-expenditure-infrastructure-public-service-reform-and-digitalisation/collections/foi-disclosure-log/,https://assets.gov.ie/static/documents/Qtr_4_2024_FOI_Disclosure_Log.pdf
13/04/2026,1014,"Department of Public Expenditure, Infrastructure, Public Service Reform and Digitalisation",https://www.gov.ie/en/department-of-public-expenditure-infrastructure-public-service-reform-and-digitalisation/collections/foi-disclosure-log/,https://assets.gov.ie/static/documents/foi-disclosure-log-q1-2023-aadb5255-580a-4ec0-8d01-fa873066952c.pdf
13/04/2026,1014,"Department of Public Expenditure, Infrastructure, Public Service Reform and Digitalisation",https://www.gov.ie/en/department-of-public-expenditure-infrastructure-public-service-reform-and-digitalisation/collections/foi-disclosure-log/,https://assets.gov.ie/static/documents/foi-disclosure-log-q2-2023-1fa42fe0-7093-402e-a23b-81f3c701c106.pdf
13/04/2026,1014,"Department of Public Expenditure, Infrastructure, Public Service Reform and Digitalisation",https://www.gov.ie/en/department-of-public-expenditure-infrastructure-public-service-reform-and-digitalisation/collections/foi-disclosure-log/,https://assets.gov.ie/static/documents/foi-disclosure-log-q3-2023-518f085d-89e5-46fe-bc23-0417ffb2dcc0.pdf
13/04/2026,1014,"Department of Public Expenditure, Infrastructure, Public Service Reform and Digitalisation",https://www.gov.ie/en/department-of-public-expenditure-infrastructure-public-service-reform-and-digitalisation/collections/foi-disclosure-log/,https://assets.gov.ie/static/documents/foi-disclosure-log-q4-2023-6f760173-35b0-4f1b-9bfb-f6181b26c1ae.pdf
13/04/2026,1014,"Department of Public Expenditure, Infrastructure, Public Service Reform and Digitalisation",https://www.gov.ie/en/department-of-public-expenditure-infrastructure-public-service-reform-and-digitalisation/collections/foi-disclosure-log/,https://assets.gov.ie/static/documents/foi-disclosure-log-q1-2022-9424a789-a45d-4e8e-b0e4-d00c5ca7a0b9.pdf
13/04/2026,1014,"Department of Public Expenditure, Infrastructure, Public Service Reform and Digitalisation",https://www.gov.ie/en/department-of-public-expenditure-infrastructure-public-service-reform-and-digitalisation/collections/foi-disclosure-log/,https://assets.gov.ie/static/documents/foi-disclosure-log-q2-2022-8727d4b2-7100-4649-9a9b-c92751d0a05b.pdf
13/04/2026,1014,"Department of Public Expenditure, Infrastructure, Public Service Reform and Digitalisation",https://www.gov.ie/en/department-of-public-expenditure-infrastructure-public-service-reform-and-digitalisation/collections/foi-disclosure-log/,https://assets.gov.ie/static/documents/foi-disclosure-q3-2022.pdf
13/04/2026,1014,"Department of Public Expenditure, Infrastructure, Public Service Reform and Digitalisation",https://www.gov.ie/en/department-of-public-expenditure-infrastructure-public-service-reform-and-digitalisation/collections/foi-disclosure-log/,https://assets.gov.ie/static/documents/foi-disclosure-q4-2022.pdf
13/04/2026,1014,"Department of Public Expenditure, Infrastructure, Public Service Reform and Digitalisation",https://www.gov.ie/en/department-of-public-expenditure-infrastructure-public-service-reform-and-digitalisation/collections/foi-disclosure-log/,https://assets.gov.ie/static/documents/foi-disclosure-log-quarter-1-2021.pdf
13/04/2026,1014,"Department of Public Expenditure, Infrastructure, Public Service Reform and Digitalisation",https://www.gov.ie/en/department-of-public-expenditure-infrastructure-public-service-reform-and-digitalisation/collections/foi-disclosure-log/,https://assets.gov.ie/static/documents/foi-disclosure-log-q2-2021-4d3440ee-1a2c-44a2-8478-33656d437981.pdf
13/04/2026,1014,"Department of Public Expenditure, Infrastructure, Public Service Reform and Digitalisation",https://www.gov.ie/en/department-of-public-expenditure-infrastructure-public-service-reform-and-digitalisation/collections/foi-disclosure-log/,https://assets.gov.ie/static/documents/foi-disclosure-log-q3-2021-4be00b7c-5f24-4e63-8c58-af0ddda13a47.pdf
13/04/2026,1014,"Department of Public Expenditure, Infrastructure, Public Service Reform and Digitalisation",https://www.gov.ie/en/department-of-public-expenditure-infrastructure-public-service-reform-and-digitalisation/collections/foi-disclosure-log/,https://assets.gov.ie/static/documents/foi-disclosure-log-quarter-4-2021.pdf
13/04/2026,1014,"Department of Public Expenditure, Infrastructure, Public Service Reform and Digitalisation",https://www.gov.ie/en/department-of-public-expenditure-infrastructure-public-service-reform-and-digitalisation/collections/foi-disclosure-log/,https://assets.gov.ie/static/documents/foi-disclosure-log-q1-2020-6cde3f37-bedb-4465-9b7e-aed8c501df2e.pdf
13/04/2026,1014,"Department of Public Expenditure, Infrastructure, Public Service Reform and Digitalisation",https://www.gov.ie/en/department-of-public-expenditure-infrastructure-public-service-reform-and-digitalisation/collections/foi-disclosure-log/,https://assets.gov.ie/static/documents/foi-disclosure-log-quarter-2-2020-6a951772-053c-4f93-b920-ff8107761122.pdf
13/04/2026,1014,"Department of Public Expenditure, Infrastructure, Public Service Reform and Digitalisation",https://www.gov.ie/en/department-of-public-expenditure-infrastructure-public-service-reform-and-digitalisation/collections/foi-disclosure-log/,https://assets.gov.ie/static/documents/foi-disclosure-log-quarter-3-2020.pdf
13/04/2026,1014,"Department of Public Expenditure, Infrastructure, Public Service Reform and Digitalisation",https://www.gov.ie/en/department-of-public-expenditure-infrastructure-public-service-reform-and-digitalisation/collections/foi-disclosure-log/,https://assets.gov.ie/static/documents/foi-disclosure-log-quarter-4-2020.pdf
13/04/2026,1014,"Department of Public Expenditure, Infrastructure, Public Service Reform and Digitalisation",https://www.gov.ie/en/department-of-public-expenditure-infrastructure-public-service-reform-and-digitalisation/collections/foi-disclosure-log/,https://assets.gov.ie/static/documents/foi-disclosure-log-q1-2019-e70fd8fe-136b-4112-818e-4ead53725bff.pdf
13/04/2026,1014,"Department of Public Expenditure, Infrastructure, Public Service Reform and Digitalisation",https://www.gov.ie/en/department-of-public-expenditure-infrastructure-public-service-reform-and-digitalisation/collections/foi-disclosure-log/,https://assets.gov.ie/static/documents/foi-disclosure-log-q2-2019-c2f4d5b0-bc19-4368-8cb2-6705d1acd26f.pdf
13/04/2026,1014,"Department of Public Expenditure, Infrastructure, Public Service Reform and Digitalisation",https://www.gov.ie/en/department-of-public-expenditure-infrastructure-public-service-reform-and-digitalisation/collections/foi-disclosure-log/,https://assets.gov.ie/static/documents/foi-disclosure-log-q3-2019-574bdb2b-b302-4f2e-8c04-afb9b415e9ea.pdf
13/04/2026,1014,"Department of Public Expenditure, Infrastructure, Public Service Reform and Digitalisation",https://www.gov.ie/en/department-of-public-expenditure-infrastructure-public-service-reform-and-digitalisation/collections/foi-disclosure-log/,https://assets.gov.ie/static/documents/foi-disclosure-log-q4-2019-eca20785-7819-4929-a044-9c893896ea9a.pdf
13/04/2026,1014,"Department of Public Expenditure, Infrastructure, Public Service Reform and Digitalisation",https://www.gov.ie/en/department-of-public-expenditure-infrastructure-public-service-reform-and-digitalisation/collections/foi-disclosure-log/,https://assets.gov.ie/static/documents/foi-disclosure-log-q4-2018-f51edac8-c641-4826-ad4a-3fc29f908766.pdf
13/04/2026,1014,"Department of Public Expenditure, Infrastructure, Public Service Reform and Digitalisation",https://www.gov.ie/en/department-of-public-expenditure-infrastructure-public-service-reform-and-digitalisation/collections/foi-disclosure-log/,https://assets.gov.ie/static/documents/foi-disclosure-log-q3-2018.pdf
13/04/2026,1014,"Department of Public Expenditure, Infrastructure, Public Service Reform and Digitalisation",https://www.gov.ie/en/department-of-public-expenditure-infrastructure-public-service-reform-and-digitalisation/collections/foi-disclosure-log/,https://assets.gov.ie/static/documents/foi-disclosure-log-q2-2018-929d451c-3a71-4735-aeb1-d51f052fcd3d.pdf
13/04/2026,1014,"Department of Public Expenditure, Infrastructure, Public Service Reform and Digitalisation",https://www.gov.ie/en/department-of-public-expenditure-infrastructure-public-service-reform-and-digitalisation/collections/foi-disclosure-log/,https://assets.gov.ie/static/documents/foi-disclosure-log-q1-2018-48fa498c-06f2-4605-8779-752acb41dc8f.pdf
13/04/2026,1014,"Department of Public Expenditure, Infrastructure, Public Service Reform and Digitalisation",https://www.gov.ie/en/department-of-public-expenditure-infrastructure-public-service-reform-and-digitalisation/collections/foi-disclosure-log/,https://assets.gov.ie/static/documents/foi-disclosure-log-q4-2017.pdf
13/04/2026,1014,"Department of Public Expenditure, Infrastructure, Public Service Reform and Digitalisation",https://www.gov.ie/en/department-of-public-expenditure-infrastructure-public-service-reform-and-digitalisation/collections/foi-disclosure-log/,https://assets.gov.ie/static/documents/foi-disclosure-log-q3-2017.pdf
13/04/2026,1014,"Department of Public Expenditure, Infrastructure, Public Service Reform and Digitalisation",https://www.gov.ie/en/department-of-public-expenditure-infrastructure-public-service-reform-and-digitalisation/collections/foi-disclosure-log/,https://assets.gov.ie/static/documents/foi-disclosure-log-q2-2017.pdf
13/04/2026,1014,"Department of Public Expenditure, Infrastructure, Public Service Reform and Digitalisation",https://www.gov.ie/en/department-of-public-expenditure-infrastructure-public-service-reform-and-digitalisation/collections/foi-disclosure-log/,https://assets.gov.ie/static/documents/foi-disclosure-log-q1-2017.pdf
13/04/2026,1014,"Department of Public Expenditure, Infrastructure, Public Service Reform and Digitalisation",https://www.gov.ie/en/department-of-public-expenditure-infrastructure-public-service-reform-and-digitalisation/collections/foi-disclosure-log/,https://assets.gov.ie/static/documents/foi-disclosure-log-q4-2016.pdf
13/04/2026,1014,"Department of Public Expenditure, Infrastructure, Public Service Reform and Digitalisation",https://www.gov.ie/en/department-of-public-expenditure-infrastructure-public-service-reform-and-digitalisation/collections/foi-disclosure-log/,https://assets.gov.ie/static/documents/foi-disclosure-log-q3-2016.pdf
13/04/2026,1014,"Department of Public Expenditure, Infrastructure, Public Service Reform and Digitalisation",https://www.gov.ie/en/department-of-public-expenditure-infrastructure-public-service-reform-and-digitalisation/collections/foi-disclosure-log/,https://assets.gov.ie/static/documents/foi-disclosure-log-q2-2016.pdf
13/04/2026,1014,"Department of Public Expenditure, Infrastructure, Public Service Reform and Digitalisation",https://www.gov.ie/en/department-of-public-expenditure-infrastructure-public-service-reform-and-digitalisation/collections/foi-disclosure-log/,https://assets.gov.ie/static/documents/foi-disclosure-log-q1-2016.pdf
13/04/2026,1015,Department of Rural and Community Development and the Gaeltacht,https://www.gov.ie/en/department-of-rural-and-community-development-and-the-gaeltacht/collections/foi-disclosure-logs/,https://assets.gov.ie/static/documents/66495939/202512_DRCDG_Q4_DisclosureLog.pdf
13/04/2026,1015,Department of Rural and Community Development and the Gaeltacht,https://www.gov.ie/en/department-of-rural-and-community-development-and-the-gaeltacht/collections/foi-disclosure-logs/,https://assets.gov.ie/static/documents/72841276/20251107_Q3DisclosureLog.pdf
13/04/2026,1015,Department of Rural and Community Development and the Gaeltacht,https://www.gov.ie/en/department-of-rural-and-community-development-and-the-gaeltacht/collections/foi-disclosure-logs/,https://assets.gov.ie/static/documents/20250821_DRCDG_Disclosure_Log_Q2_2025.pdf
13/04/2026,1015,Department of Rural and Community Development and the Gaeltacht,https://www.gov.ie/en/department-of-rural-and-community-development-and-the-gaeltacht/collections/foi-disclosure-logs/,https://assets.gov.ie/static/documents/2025.04.01_DRCD_FOI_Disclosure_Log_Q1_2025.pdf
13/04/2026,1015,Department of Rural and Community Development and the Gaeltacht,https://www.gov.ie/en/department-of-rural-and-community-development-and-the-gaeltacht/collections/foi-disclosure-logs/,https://assets.gov.ie/static/documents/foi-requests-october-december-2024.pdf
13/04/2026,1015,Department of Rural and Community Development and the Gaeltacht,https://www.gov.ie/en/department-of-rural-and-community-development-and-the-gaeltacht/collections/foi-disclosure-logs/,https://assets.gov.ie/static/documents/foi-requests-july-september-2024.pdf
13/04/2026,1015,Department of Rural and Community Development and the Gaeltacht,https://www.gov.ie/en/department-of-rural-and-community-development-and-the-gaeltacht/collections/foi-disclosure-logs/,https://assets.gov.ie/static/documents/foi-requests-april-june-2024.pdf
13/04/2026,1015,Department of Rural and Community Development and the Gaeltacht,https://www.gov.ie/en/department-of-rural-and-community-development-and-the-gaeltacht/collections/foi-disclosure-logs/,https://assets.gov.ie/static/documents/foi-requests-january-march-2024.pdf
13/04/2026,1015,Department of Rural and Community Development and the Gaeltacht,https://www.gov.ie/en/department-of-rural-and-community-development-and-the-gaeltacht/collections/foi-disclosure-logs/,https://assets.gov.ie/static/documents/foi-requests-october-december-2023.pdf
13/04/2026,1015,Department of Rural and Community Development and the Gaeltacht,https://www.gov.ie/en/department-of-rural-and-community-development-and-the-gaeltacht/collections/foi-disclosure-logs/,https://assets.gov.ie/static/documents/foi-requests-july-september-2023.pdf
13/04/2026,1015,Department of Rural and Community Development and the Gaeltacht,https://www.gov.ie/en/department-of-rural-and-community-development-and-the-gaeltacht/collections/foi-disclosure-logs/,https://assets.gov.ie/static/documents/foi-requests-april-june-2023.pdf
13/04/2026,1015,Department of Rural and Community Development and the Gaeltacht,https://www.gov.ie/en/department-of-rural-and-community-development-and-the-gaeltacht/collections/foi-disclosure-logs/,https://assets.gov.ie/static/documents/foi-requests-january-march-2023.pdf
13/04/2026,1015,Department of Rural and Community Development and the Gaeltacht,https://www.gov.ie/en/department-of-rural-and-community-development-and-the-gaeltacht/collections/foi-disclosure-logs/,https://assets.gov.ie/static/documents/foi-requests-october-december-2022.pdf
13/04/2026,1015,Department of Rural and Community Development and the Gaeltacht,https://www.gov.ie/en/department-of-rural-and-community-development-and-the-gaeltacht/collections/foi-disclosure-logs/,https://assets.gov.ie/static/documents/foi-requests-july-september-2022.pdf
13/04/2026,1015,Department of Rural and Community Development and the Gaeltacht,https://www.gov.ie/en/department-of-rural-and-community-development-and-the-gaeltacht/collections/foi-disclosure-logs/,https://assets.gov.ie/static/documents/foi-requests-april-june-2022.pdf
13/04/2026,1015,Department of Rural and Community Development and the Gaeltacht,https://www.gov.ie/en/department-of-rural-and-community-development-and-the-gaeltacht/collections/foi-disclosure-logs/,https://assets.gov.ie/static/documents/foi-requests-january-march-2022.pdf
13/04/2026,1015,Department of Rural and Community Development and the Gaeltacht,https://www.gov.ie/en/department-of-rural-and-community-development-and-the-gaeltacht/collections/foi-disclosure-logs/,https://assets.gov.ie/static/documents/foi-requests-october-december-2021.pdf
13/04/2026,1015,Department of Rural and Community Development and the Gaeltacht,https://www.gov.ie/en/department-of-rural-and-community-development-and-the-gaeltacht/collections/foi-disclosure-logs/,https://assets.gov.ie/static/documents/foi-requests-july-september-2021.pdf
13/04/2026,1015,Department of Rural and Community Development and the Gaeltacht,https://www.gov.ie/en/department-of-rural-and-community-development-and-the-gaeltacht/collections/foi-disclosure-logs/,https://assets.gov.ie/static/documents/foi-requests-april-june-2021.pdf
13/04/2026,1015,Department of Rural and Community Development and the Gaeltacht,https://www.gov.ie/en/department-of-rural-and-community-development-and-the-gaeltacht/collections/foi-disclosure-logs/,https://assets.gov.ie/static/documents/foi-requests-january-march-2021.pdf
13/04/2026,1015,Department of Rural and Community Development and the Gaeltacht,https://www.gov.ie/en/department-of-rural-and-community-development-and-the-gaeltacht/collections/foi-disclosure-logs/,https://assets.gov.ie/static/documents/foi-requests-october-december-2020.pdf
13/04/2026,1015,Department of Rural and Community Development and the Gaeltacht,https://www.gov.ie/en/department-of-rural-and-community-development-and-the-gaeltacht/collections/foi-disclosure-logs/,https://assets.gov.ie/static/documents/foi-requests-july-september-2020.pdf
13/04/2026,1015,Department of Rural and Community Development and the Gaeltacht,https://www.gov.ie/en/department-of-rural-and-community-development-and-the-gaeltacht/collections/foi-disclosure-logs/,https://assets.gov.ie/static/documents/foi-requests-april-june-2020.pdf
13/04/2026,1015,Department of Rural and Community Development and the Gaeltacht,https://www.gov.ie/en/department-of-rural-and-community-development-and-the-gaeltacht/collections/foi-disclosure-logs/,https://assets.gov.ie/static/documents/foi-requests-january-march-2020.pdf
13/04/2026,1015,Department of Rural and Community Development and the Gaeltacht,https://www.gov.ie/en/department-of-rural-and-community-development-and-the-gaeltacht/collections/foi-disclosure-logs/,https://assets.gov.ie/static/documents/foi-requests-october-december-2019.pdf
13/04/2026,1015,Department of Rural and Community Development and the Gaeltacht,https://www.gov.ie/en/department-of-rural-and-community-development-and-the-gaeltacht/collections/foi-disclosure-logs/,https://assets.gov.ie/static/documents/foi-requests-july-september-2019.pdf
13/04/2026,1015,Department of Rural and Community Development and the Gaeltacht,https://www.gov.ie/en/department-of-rural-and-community-development-and-the-gaeltacht/collections/foi-disclosure-logs/,https://assets.gov.ie/static/documents/foi-requests-april-june-2019.pdf
13/04/2026,1015,Department of Rural and Community Development and the Gaeltacht,https://www.gov.ie/en/department-of-rural-and-community-development-and-the-gaeltacht/collections/foi-disclosure-logs/,https://assets.gov.ie/static/documents/foi-requests-january-march-2019.pdf
13/04/2026,1015,Department of Rural and Community Development and the Gaeltacht,https://www.gov.ie/en/department-of-rural-and-community-development-and-the-gaeltacht/collections/foi-disclosure-logs/,https://assets.gov.ie/static/documents/foi-requests-october-december-2018.pdf
13/04/2026,1015,Department of Rural and Community Development and the Gaeltacht,https://www.gov.ie/en/department-of-rural-and-community-development-and-the-gaeltacht/collections/foi-disclosure-logs/,https://assets.gov.ie/static/documents/foi-requests-july-september-2018.pdf
13/04/2026,1015,Department of Rural and Community Development and the Gaeltacht,https://www.gov.ie/en/department-of-rural-and-community-development-and-the-gaeltacht/collections/foi-disclosure-logs/,https://assets.gov.ie/static/documents/foi-requests-april-june-2018-63223afe-123b-4b22-b6fd-bb3aed0aef15.pdf
13/04/2026,1015,Department of Rural and Community Development and the Gaeltacht,https://www.gov.ie/en/department-of-rural-and-community-development-and-the-gaeltacht/collections/foi-disclosure-logs/,https://assets.gov.ie/static/documents/foi-requests-january-march-2018.pdf
13/04/2026,1015,Department of Rural and Community Development and the Gaeltacht,https://www.gov.ie/en/department-of-rural-and-community-development-and-the-gaeltacht/collections/foi-disclosure-logs/,https://assets.gov.ie/static/documents/foi-requests-july-december-2017.pdf
13/04/2026,1016,Department of Social Protection,https://www.gov.ie/en/department-of-social-protection/collections/foi-disclosure-log/,https://assets.gov.ie/static/documents/9867bd95/20251230_FOI_Disclosure_Log_2025_Q2.pdf
13/04/2026,1016,Department of Social Protection,https://www.gov.ie/en/department-of-social-protection/collections/foi-disclosure-log/,https://assets.gov.ie/static/documents/e8b01d5d/20251212_FOI_Disclosure_Log_2025_Q1.pdf
13/04/2026,1016,Department of Social Protection,https://www.gov.ie/en/department-of-social-protection/collections/foi-disclosure-log/,https://assets.gov.ie/static/documents/20250530_-_2024_Q4_Disclosure_Log.pdf
13/04/2026,1016,Department of Social Protection,https://www.gov.ie/en/department-of-social-protection/collections/foi-disclosure-log/,https://assets.gov.ie/static/documents/foi-disclosure-log-2024-q3.pdf
13/04/2026,1016,Department of Social Protection,https://www.gov.ie/en/department-of-social-protection/collections/foi-disclosure-log/,https://assets.gov.ie/static/documents/foi-disclosure-log-2024-q2.pdf
13/04/2026,1016,Department of Social Protection,https://www.gov.ie/en/department-of-social-protection/collections/foi-disclosure-log/,https://assets.gov.ie/static/documents/foi-disclosure-log-2024-q1.pdf
13/04/2026,1016,Department of Social Protection,https://www.gov.ie/en/department-of-social-protection/collections/foi-disclosure-log/,https://assets.gov.ie/static/documents/foi-disclosure-log-2023-q4.pdf
13/04/2026,1016,Department of Social Protection,https://www.gov.ie/en/department-of-social-protection/collections/foi-disclosure-log/,https://assets.gov.ie/static/documents/foi-disclosure-log-2023-q3.pdf
13/04/2026,1016,Department of Social Protection,https://www.gov.ie/en/department-of-social-protection/collections/foi-disclosure-log/,https://assets.gov.ie/static/documents/foi-disclosure-log-2023-q2.pdf
13/04/2026,1016,Department of Social Protection,https://www.gov.ie/en/department-of-social-protection/collections/foi-disclosure-log/,https://assets.gov.ie/static/documents/foi-disclosure-log-2023-q1.pdf
13/04/2026,1016,Department of Social Protection,https://www.gov.ie/en/department-of-social-protection/collections/foi-disclosure-log/,https://assets.gov.ie/static/documents/foi-disclosure-log-2022-q4.pdf
13/04/2026,1016,Department of Social Protection,https://www.gov.ie/en/department-of-social-protection/collections/foi-disclosure-log/,https://assets.gov.ie/static/documents/foi-disclosure-log-2022-q3.pdf
13/04/2026,1016,Department of Social Protection,https://www.gov.ie/en/department-of-social-protection/collections/foi-disclosure-log/,https://assets.gov.ie/static/documents/foi-disclosure-log-2022-q2.pdf
13/04/2026,1016,Department of Social Protection,https://www.gov.ie/en/department-of-social-protection/collections/foi-disclosure-log/,https://assets.gov.ie/static/documents/foi-disclosure-log-2022-q1.pdf
13/04/2026,1016,Department of Social Protection,https://www.gov.ie/en/department-of-social-protection/collections/foi-disclosure-log/,https://assets.gov.ie/static/documents/foi-disclosure-log-2021-q4.pdf
13/04/2026,1016,Department of Social Protection,https://www.gov.ie/en/department-of-social-protection/collections/foi-disclosure-log/,https://assets.gov.ie/static/documents/foi-disclosure-log-2021-q3.pdf
13/04/2026,1016,Department of Social Protection,https://www.gov.ie/en/department-of-social-protection/collections/foi-disclosure-log/,https://assets.gov.ie/static/documents/foi-disclosure-log-2021-q2-1289b9cb-df40-422e-b55d-3b11121cce8d.pdf
13/04/2026,1016,Department of Social Protection,https://www.gov.ie/en/department-of-social-protection/collections/foi-disclosure-log/,https://assets.gov.ie/static/documents/foi-disclosure-log-2021-q1-89ac2bd0-69a3-4056-b691-d8e62e05888b.pdf
13/04/2026,1016,Department of Social Protection,https://www.gov.ie/en/department-of-social-protection/collections/foi-disclosure-log/,https://assets.gov.ie/static/documents/foi-disclosure-log-2020-cc0ddded-c4aa-4714-bc1f-bcd8e8daf7eb.pdf
13/04/2026,1016,Department of Social Protection,https://www.gov.ie/en/department-of-social-protection/collections/foi-disclosure-log/,https://assets.gov.ie/static/documents/foi-disclosure-log-2019-4f9ea9fa-cdde-4d5c-bec2-8f1622b4e0c2.pdf
13/04/2026,1016,Department of Social Protection,https://www.gov.ie/en/department-of-social-protection/collections/foi-disclosure-log/,https://assets.gov.ie/static/documents/foi-disclosure-log-2018-1ecf295f-8150-44c7-8ec9-d83630f604d2.pdf
13/04/2026,1016,Department of Social Protection,https://www.gov.ie/en/department-of-social-protection/collections/foi-disclosure-log/,https://assets.gov.ie/static/documents/foi-disclosure-log-2017-31c72874-5377-4f03-84d4-c81544f5b1a2.pdf
13/04/2026,1016,Department of Social Protection,https://www.gov.ie/en/department-of-social-protection/collections/foi-disclosure-log/,https://assets.gov.ie/static/documents/foi-disclosure-log-2016-64edfc30-e580-453e-9208-b4150c48200d.pdf
13/04/2026,1016,Department of Social Protection,https://www.gov.ie/en/department-of-social-protection/collections/foi-disclosure-log/,https://assets.gov.ie/static/documents/foi-disclosure-log-2015.pdf
13/04/2026,1017,Department of the Taoiseach,https://www.gov.ie/en/department-of-the-taoiseach/collections/foi-disclosure-logs/,https://assets.gov.ie/static/documents/b3b2306c/Quarterly_Report_2025_Quarter_1.pdf
13/04/2026,1017,Department of the Taoiseach,https://www.gov.ie/en/department-of-the-taoiseach/collections/foi-disclosure-logs/,https://assets.gov.ie/static/documents/f1faf193/Quarterly_Report_2025_Quarter_2.pdf
13/04/2026,1017,Department of the Taoiseach,https://www.gov.ie/en/department-of-the-taoiseach/collections/foi-disclosure-logs/,https://assets.gov.ie/static/documents/2371ea98/Freedom_of_Information_Quarter_3_Requests_2025.pdf
13/04/2026,1017,Department of the Taoiseach,https://www.gov.ie/en/department-of-the-taoiseach/collections/foi-disclosure-logs/,https://assets.gov.ie/static/documents/0ba654f2/Freedom_of_Information_Quarter_4_Requests_2025.pdf
13/04/2026,1017,Department of the Taoiseach,https://www.gov.ie/en/department-of-the-taoiseach/collections/foi-disclosure-logs/,https://assets.gov.ie/static/documents/freedom-of-information-quarter-1-requests-2024.pdf
13/04/2026,1017,Department of the Taoiseach,https://www.gov.ie/en/department-of-the-taoiseach/collections/foi-disclosure-logs/,https://assets.gov.ie/static/documents/freedom-of-information-quarter-2-requests-2024.pdf
13/04/2026,1017,Department of the Taoiseach,https://www.gov.ie/en/department-of-the-taoiseach/collections/foi-disclosure-logs/,https://assets.gov.ie/static/documents/freedom-of-information-quarter-3-requests-2024.pdf
13/04/2026,1017,Department of the Taoiseach,https://www.gov.ie/en/department-of-the-taoiseach/collections/foi-disclosure-logs/,https://assets.gov.ie/static/documents/Quarterly_Report_2024_Q4.pdf
13/04/2026,1017,Department of the Taoiseach,https://www.gov.ie/en/department-of-the-taoiseach/collections/foi-disclosure-logs/,https://assets.gov.ie/static/documents/freedom-of-information-quarter-1-requests-2023.pdf
13/04/2026,1017,Department of the Taoiseach,https://www.gov.ie/en/department-of-the-taoiseach/collections/foi-disclosure-logs/,https://assets.gov.ie/static/documents/freedom-of-information-quarter-2-requests-2023.pdf
13/04/2026,1017,Department of the Taoiseach,https://www.gov.ie/en/department-of-the-taoiseach/collections/foi-disclosure-logs/,https://assets.gov.ie/static/documents/freedom-of-information-quarter-3-requests-2023.pdf
13/04/2026,1017,Department of the Taoiseach,https://www.gov.ie/en/department-of-the-taoiseach/collections/foi-disclosure-logs/,https://assets.gov.ie/static/documents/freedom-of-information-quarter-4-requests-2023.pdf
13/04/2026,1017,Department of the Taoiseach,https://www.gov.ie/en/department-of-the-taoiseach/collections/foi-disclosure-logs/,https://assets.gov.ie/static/documents/freedom-of-information-quarter-1-requests-2022.pdf
13/04/2026,1017,Department of the Taoiseach,https://www.gov.ie/en/department-of-the-taoiseach/collections/foi-disclosure-logs/,https://assets.gov.ie/static/documents/freedom-of-information-quarter-2-requests-2022.pdf
13/04/2026,1017,Department of the Taoiseach,https://www.gov.ie/en/department-of-the-taoiseach/collections/foi-disclosure-logs/,https://assets.gov.ie/static/documents/freedom-of-information-quarter-3-requests-2022.pdf
13/04/2026,1017,Department of the Taoiseach,https://www.gov.ie/en/department-of-the-taoiseach/collections/foi-disclosure-logs/,https://assets.gov.ie/static/documents/freedom-of-information-quarter-4-requests-2022.pdf
13/04/2026,1017,Department of the Taoiseach,https://www.gov.ie/en/department-of-the-taoiseach/collections/foi-disclosure-logs/,https://assets.gov.ie/static/documents/freedom-of-information-quarter-1-requests-2021-011f938b-8e6e-490f-b258-072e61f842eb.pdf
13/04/2026,1017,Department of the Taoiseach,https://www.gov.ie/en/department-of-the-taoiseach/collections/foi-disclosure-logs/,https://assets.gov.ie/static/documents/freedom-of-information-quarter-2-requests-2021.pdf
13/04/2026,1017,Department of the Taoiseach,https://www.gov.ie/en/department-of-the-taoiseach/collections/foi-disclosure-logs/,https://assets.gov.ie/static/documents/freedom-of-information-quarter-3-requests-2021.pdf
13/04/2026,1017,Department of the Taoiseach,https://www.gov.ie/en/department-of-the-taoiseach/collections/foi-disclosure-logs/,https://assets.gov.ie/static/documents/freedom-of-information-quarter-4-requests-2021.pdf
13/04/2026,1017,Department of the Taoiseach,https://www.gov.ie/en/department-of-the-taoiseach/collections/foi-disclosure-logs/,https://assets.gov.ie/static/documents/freedom-of-information-quarter-1-requests-2020.pdf
13/04/2026,1017,Department of the Taoiseach,https://www.gov.ie/en/department-of-the-taoiseach/collections/foi-disclosure-logs/,https://assets.gov.ie/static/documents/freedom-of-information-quarter-2-requests-2020.pdf
13/04/2026,1017,Department of the Taoiseach,https://www.gov.ie/en/department-of-the-taoiseach/collections/foi-disclosure-logs/,https://assets.gov.ie/static/documents/freedom-of-information-quarter-3-requests-2020.pdf
13/04/2026,1017,Department of the Taoiseach,https://www.gov.ie/en/department-of-the-taoiseach/collections/foi-disclosure-logs/,https://assets.gov.ie/static/documents/freedom-of-information-quarter-4-requests-2020.pdf
13/04/2026,1017,Department of the Taoiseach,https://www.gov.ie/en/department-of-the-taoiseach/collections/foi-disclosure-logs/,https://assets.gov.ie/static/documents/freedom-of-information-quarter-1-requests-2019.pdf
13/04/2026,1017,Department of the Taoiseach,https://www.gov.ie/en/department-of-the-taoiseach/collections/foi-disclosure-logs/,https://assets.gov.ie/static/documents/freedom-of-information-quarter-2-requests-2019.pdf
13/04/2026,1017,Department of the Taoiseach,https://www.gov.ie/en/department-of-the-taoiseach/collections/foi-disclosure-logs/,https://assets.gov.ie/static/documents/freedom-of-information-requests-quarter-3-2019-3a2784f0-c621-407e-806b-becfe928866c.pdf
13/04/2026,1017,Department of the Taoiseach,https://www.gov.ie/en/department-of-the-taoiseach/collections/foi-disclosure-logs/,https://assets.gov.ie/static/documents/freedom-of-information-request-quarter-4-2019.pdf
13/04/2026,1017,Department of the Taoiseach,https://www.gov.ie/en/department-of-the-taoiseach/collections/foi-disclosure-logs/,https://assets.gov.ie/static/documents/freedom-of-information-requests-quarter-1-2018-a0e82404-7d68-42e7-8e90-b512e2e2a777.pdf
13/04/2026,1017,Department of the Taoiseach,https://www.gov.ie/en/department-of-the-taoiseach/collections/foi-disclosure-logs/,https://assets.gov.ie/static/documents/freedom-of-information-requests-quarter-2-2018-b4240f47-4ff1-4706-b6f2-cd28ad05089d.pdf
13/04/2026,1017,Department of the Taoiseach,https://www.gov.ie/en/department-of-the-taoiseach/collections/foi-disclosure-logs/,https://assets.gov.ie/static/documents/freedom-of-information-requests-quarter-3-2018-88e7f8fc-aa2a-4b2c-8f6f-311fa55ea4d6.pdf
13/04/2026,1017,Department of the Taoiseach,https://www.gov.ie/en/department-of-the-taoiseach/collections/foi-disclosure-logs/,https://assets.gov.ie/static/documents/freedom-of-information-requests-quarter-4-2018-b1248e92-eed2-4fb7-bce1-90be48642994.pdf
13/04/2026,1017,Department of the Taoiseach,https://www.gov.ie/en/department-of-the-taoiseach/collections/foi-disclosure-logs/,https://assets.gov.ie/static/documents/freedom-of-information-requests-quarter-1-2017-3ab9c150-383b-4a6d-b553-56e1b14f347a.pdf
13/04/2026,1017,Department of the Taoiseach,https://www.gov.ie/en/department-of-the-taoiseach/collections/foi-disclosure-logs/,https://assets.gov.ie/static/documents/freedom-of-information-requests-quarter-2-2017-e891263b-2754-4236-b288-9b82433307b6.pdf
13/04/2026,1017,Department of the Taoiseach,https://www.gov.ie/en/department-of-the-taoiseach/collections/foi-disclosure-logs/,https://assets.gov.ie/static/documents/freedom-of-information-requests-quarter-3-2017-b0a8949f-4674-45a5-b8bf-c8940ce657e3.pdf
13/04/2026,1017,Department of the Taoiseach,https://www.gov.ie/en/department-of-the-taoiseach/collections/foi-disclosure-logs/,https://assets.gov.ie/static/documents/freedom-of-information-requests-quarter-4-2017-2ae2de55-4830-4ebf-86b0-7a1dbeb3d703.pdf
13/04/2026,1018,Department of Transport,https://www.gov.ie/en/department-of-transport/collections/foi-disclosure-logs/,https://assets.gov.ie/static/documents/a3f4ba52/Quarter_1_2025.pdf
13/04/2026,1018,Department of Transport,https://www.gov.ie/en/department-of-transport/collections/foi-disclosure-logs/,https://assets.gov.ie/static/documents/2ac7debc/Quarter_2_2025.pdf
13/04/2026,1018,Department of Transport,https://www.gov.ie/en/department-of-transport/collections/foi-disclosure-logs/,https://assets.gov.ie/static/documents/disclosure-log-2024-q1.pdf
13/04/2026,1018,Department of Transport,https://www.gov.ie/en/department-of-transport/collections/foi-disclosure-logs/,https://assets.gov.ie/static/documents/disclosure-log-2024-q2.pdf
13/04/2026,1018,Department of Transport,https://www.gov.ie/en/department-of-transport/collections/foi-disclosure-logs/,https://assets.gov.ie/static/documents/Q3_2024_Disclosure_Log.pdf
13/04/2026,1018,Department of Transport,https://www.gov.ie/en/department-of-transport/collections/foi-disclosure-logs/,https://assets.gov.ie/static/documents/Q4_2024_Disclosure_Log.pdf
13/04/2026,1018,Department of Transport,https://www.gov.ie/en/department-of-transport/collections/foi-disclosure-logs/,https://assets.gov.ie/static/documents/disclosure-log-2023-q1.pdf
13/04/2026,1018,Department of Transport,https://www.gov.ie/en/department-of-transport/collections/foi-disclosure-logs/,https://assets.gov.ie/static/documents/disclosure-log-2023-q2.pdf
13/04/2026,1018,Department of Transport,https://www.gov.ie/en/department-of-transport/collections/foi-disclosure-logs/,https://assets.gov.ie/static/documents/disclosure-log-2023-q3.pdf
13/04/2026,1018,Department of Transport,https://www.gov.ie/en/department-of-transport/collections/foi-disclosure-logs/,https://assets.gov.ie/static/documents/disclosure-log-2023-q4.pdf
13/04/2026,1018,Department of Transport,https://www.gov.ie/en/department-of-transport/collections/foi-disclosure-logs/,https://assets.gov.ie/static/documents/disclosure-log-2022-q1.pdf
13/04/2026,1018,Department of Transport,https://www.gov.ie/en/department-of-transport/collections/foi-disclosure-logs/,https://assets.gov.ie/static/documents/disclosure-log-2022-q2.pdf
13/04/2026,1018,Department of Transport,https://www.gov.ie/en/department-of-transport/collections/foi-disclosure-logs/,https://assets.gov.ie/static/documents/disclosure-log-2022-q3.pdf
13/04/2026,1018,Department of Transport,https://www.gov.ie/en/department-of-transport/collections/foi-disclosure-logs/,https://assets.gov.ie/static/documents/disclosure-log-2022-q4.pdf
13/04/2026,1018,Department of Transport,https://www.gov.ie/en/department-of-transport/collections/foi-disclosure-logs/,https://assets.gov.ie/static/documents/disclosure-log-2021-q1.pdf
13/04/2026,1018,Department of Transport,https://www.gov.ie/en/department-of-transport/collections/foi-disclosure-logs/,https://assets.gov.ie/static/documents/disclosure-log-2021-q2.pdf
13/04/2026,1018,Department of Transport,https://www.gov.ie/en/department-of-transport/collections/foi-disclosure-logs/,https://assets.gov.ie/static/documents/disclosure-log-2021-q3.pdf
13/04/2026,1018,Department of Transport,https://www.gov.ie/en/department-of-transport/collections/foi-disclosure-logs/,https://assets.gov.ie/static/documents/disclosure-log-2021-q4.pdf
13/04/2026,1018,Department of Transport,https://www.gov.ie/en/department-of-transport/collections/foi-disclosure-logs/,https://assets.gov.ie/static/documents/disclosure-log-2020-q1.pdf
13/04/2026,1018,Department of Transport,https://www.gov.ie/en/department-of-transport/collections/foi-disclosure-logs/,https://assets.gov.ie/static/documents/disclosure-log-2020-q2.pdf
13/04/2026,1018,Department of Transport,https://www.gov.ie/en/department-of-transport/collections/foi-disclosure-logs/,https://assets.gov.ie/static/documents/disclosure-log-2020-q3.pdf
13/04/2026,1018,Department of Transport,https://www.gov.ie/en/department-of-transport/collections/foi-disclosure-logs/,https://assets.gov.ie/static/documents/disclosure-log-2020-q4.pdf
13/04/2026,1018,Department of Transport,https://www.gov.ie/en/department-of-transport/collections/foi-disclosure-logs/,https://assets.gov.ie/static/documents/q1-2019-foi-disclosure-log.pdf
13/04/2026,1018,Department of Transport,https://www.gov.ie/en/department-of-transport/collections/foi-disclosure-logs/,https://assets.gov.ie/static/documents/q2-2019-foi-disclosure-log.pdf
13/04/2026,1018,Department of Transport,https://www.gov.ie/en/department-of-transport/collections/foi-disclosure-logs/,https://assets.gov.ie/static/documents/q3-2019-foi-disclosure-log.pdf
13/04/2026,1018,Department of Transport,https://www.gov.ie/en/department-of-transport/collections/foi-disclosure-logs/,https://assets.gov.ie/static/documents/q4-2019-foi-disclosure-log.pdf
13/04/2026,1018,Department of Transport,https://www.gov.ie/en/department-of-transport/collections/foi-disclosure-logs/,https://assets.gov.ie/static/documents/q1-2018-foi-disclosure-log.pdf
13/04/2026,1018,Department of Transport,https://www.gov.ie/en/department-of-transport/collections/foi-disclosure-logs/,https://assets.gov.ie/static/documents/q2-2018-foi-disclosure-log.pdf
13/04/2026,1018,Department of Transport,https://www.gov.ie/en/department-of-transport/collections/foi-disclosure-logs/,https://assets.gov.ie/static/documents/q3-2018-foi-disclosure-log.pdf
13/04/2026,1018,Department of Transport,https://www.gov.ie/en/department-of-transport/collections/foi-disclosure-logs/,https://assets.gov.ie/static/documents/q4-foi-disclosure-log.pdf
13/04/2026,1018,Department of Transport,https://www.gov.ie/en/department-of-transport/collections/foi-disclosure-logs/,https://assets.gov.ie/static/documents/q1-and-q2-foi-2017-disclosure-requests.pdf
13/04/2026,1018,Department of Transport,https://www.gov.ie/en/department-of-transport/collections/foi-disclosure-logs/,https://assets.gov.ie/static/documents/q3-2017-foi-disclosure-log.pdf
13/04/2026,1018,Department of Transport,https://www.gov.ie/en/department-of-transport/collections/foi-disclosure-logs/,https://assets.gov.ie/static/documents/q4-2017-foi-disclosure-log.pdf
13/04/2026,1018,Department of Transport,https://www.gov.ie/en/department-of-transport/collections/foi-disclosure-logs/,https://assets.gov.ie/static/documents/q1-2016-foi-disclosure-log.pdf
13/04/2026,1018,Department of Transport,https://www.gov.ie/en/department-of-transport/collections/foi-disclosure-logs/,https://assets.gov.ie/static/documents/q2-2016-foi-disclosure-log.pdf
13/04/2026,1018,Department of Transport,https://www.gov.ie/en/department-of-transport/collections/foi-disclosure-logs/,https://assets.gov.ie/static/documents/q3-2016-foi-disclosure-log.pdf
13/04/2026,1018,Department of Transport,https://www.gov.ie/en/department-of-transport/collections/foi-disclosure-logs/,https://assets.gov.ie/static/documents/q4-2016-foi-disclosure-log.pdf
13/04/2026,1019,An Coimisiún Pleanála,https://www.pleanala.ie/en-ie/freedom-of-information-(foi)/freedom-of-information-(foi)-disclosure-log,/getmedia/5d0c2ca0-549d-48cc-adb2-d70abb399fac/FOI-Disclosure-log-2025-Q1.pdf
13/04/2026,1019,An Coimisiún Pleanála,https://www.pleanala.ie/en-ie/freedom-of-information-(foi)/freedom-of-information-(foi)-disclosure-log,/getmedia/7f1c8fe8-86cd-4059-b72b-33763b5040ba/FOI-Disclosure-log-2024-Q1.pdf
13/04/2026,1019,An Coimisiún Pleanála,https://www.pleanala.ie/en-ie/freedom-of-information-(foi)/freedom-of-information-(foi)-disclosure-log,/getmedia/77023158-c0e0-417d-a105-6602a8db5c37/FOI-Disclosure-log-2024-Q2.pdf
13/04/2026,1019,An Coimisiún Pleanála,https://www.pleanala.ie/en-ie/freedom-of-information-(foi)/freedom-of-information-(foi)-disclosure-log,/getmedia/6aa3cfd7-2ffd-4ec6-9c4e-b95c5fb89707/FOI-Disclosure-log-2024-Q3.pdf
13/04/2026,1019,An Coimisiún Pleanála,https://www.pleanala.ie/en-ie/freedom-of-information-(foi)/freedom-of-information-(foi)-disclosure-log,/getmedia/32cc6057-ed22-4a3c-abdb-4d5926e0075b/FOI-Disclosure-log-2024-Q4.pdf
13/04/2026,1019,An Coimisiún Pleanála,https://www.pleanala.ie/en-ie/freedom-of-information-(foi)/freedom-of-information-(foi)-disclosure-log,/getmedia/cc040a5b-a1a3-4699-aa8e-70d56c49c276/Disclosure-log-2023-Q1.pdf
13/04/2026,1019,An Coimisiún Pleanála,https://www.pleanala.ie/en-ie/freedom-of-information-(foi)/freedom-of-information-(foi)-disclosure-log,/getmedia/173c9e15-2d5d-4a99-901e-1c59ffb8af8d/Disclosure-log-2023-Q2.pdf
13/04/2026,1019,An Coimisiún Pleanála,https://www.pleanala.ie/en-ie/freedom-of-information-(foi)/freedom-of-information-(foi)-disclosure-log,/getmedia/c005d3cb-740f-43ce-8818-daba02c6c99e/Disclosure-log-2023-Q3_1.pdf
13/04/2026,1019,An Coimisiún Pleanála,https://www.pleanala.ie/en-ie/freedom-of-information-(foi)/freedom-of-information-(foi)-disclosure-log,/getmedia/98cbba13-e425-4309-97d9-4f469d4a8820/FOI-Disclosure-log-2023-Q4.pdf
13/04/2026,1019,An Coimisiún Pleanála,https://www.pleanala.ie/en-ie/freedom-of-information-(foi)/freedom-of-information-(foi)-disclosure-log,/getmedia/5440d179-8ff4-4493-92bf-176cd2e93429/Disclosure-log-2022-Q1.pdf
13/04/2026,1019,An Coimisiún Pleanála,https://www.pleanala.ie/en-ie/freedom-of-information-(foi)/freedom-of-information-(foi)-disclosure-log,/getmedia/4b15b428-fde7-4588-b675-be6855578e79/Disclosure-log-2022-Q2.pdf
13/04/2026,1019,An Coimisiún Pleanála,https://www.pleanala.ie/en-ie/freedom-of-information-(foi)/freedom-of-information-(foi)-disclosure-log,/getmedia/2e839d07-59c8-47a5-ad5e-8cb2d74110a0/Disclosure-log-2022-Q3_1.pdf
13/04/2026,1019,An Coimisiún Pleanála,https://www.pleanala.ie/en-ie/freedom-of-information-(foi)/freedom-of-information-(foi)-disclosure-log,/getmedia/4bc564d1-7196-4c7e-ba0e-a06f9f6ec645/Disclosure-log-2022-Q4.pdf
13/04/2026,1019,An Coimisiún Pleanála,https://www.pleanala.ie/en-ie/freedom-of-information-(foi)/freedom-of-information-(foi)-disclosure-log,/getmedia/2755aeca-b23d-4622-b27d-ba0cff640fe8/Disclosure-Log-2021-Q-3.pdf
13/04/2026,1019,An Coimisiún Pleanála,https://www.pleanala.ie/en-ie/freedom-of-information-(foi)/freedom-of-information-(foi)-disclosure-log,/getmedia/72970e39-0cc8-4fdc-9e1d-41117b2f25ec/Disclosure-Log-2021-Q-4.pdf
13/04/2026,1019,An Coimisiún Pleanála,https://www.pleanala.ie/en-ie/freedom-of-information-(foi)/freedom-of-information-(foi)-disclosure-log,/getmedia/1b229844-a64a-4b33-a564-13ea242f396b/2019-Q1.pdf
13/04/2026,1019,An Coimisiún Pleanála,https://www.pleanala.ie/en-ie/freedom-of-information-(foi)/freedom-of-information-(foi)-disclosure-log,/getmedia/dfd9869d-f1fb-4fe8-b2c9-c95663fb862b/2019-Q2.pdf
13/04/2026,1019,An Coimisiún Pleanála,https://www.pleanala.ie/en-ie/freedom-of-information-(foi)/freedom-of-information-(foi)-disclosure-log,/getmedia/41b272ba-95ef-4b92-b613-df07f74cf133/2018-Q1.pdf
13/04/2026,1019,An Coimisiún Pleanála,https://www.pleanala.ie/en-ie/freedom-of-information-(foi)/freedom-of-information-(foi)-disclosure-log,/getmedia/82e646bd-d334-4c0e-b5c0-d03499037e59/2018-Q2.pdf
13/04/2026,1019,An Coimisiún Pleanála,https://www.pleanala.ie/en-ie/freedom-of-information-(foi)/freedom-of-information-(foi)-disclosure-log,/getmedia/608adeb0-3a47-4456-bd9a-cd344c16d678/2018-Q3.pdf
13/04/2026,1019,An Coimisiún Pleanála,https://www.pleanala.ie/en-ie/freedom-of-information-(foi)/freedom-of-information-(foi)-disclosure-log,/getmedia/593b6ca9-d70e-4162-ae6f-d7a64b88ce0b/2018-Q4.pdf
13/04/2026,1019,An Coimisiún Pleanála,https://www.pleanala.ie/en-ie/freedom-of-information-(foi)/freedom-of-information-(foi)-disclosure-log,/getmedia/8d0c20fe-b28e-438c-a06f-698e90516d67/2017-Q1.pdf
13/04/2026,1019,An Coimisiún Pleanála,https://www.pleanala.ie/en-ie/freedom-of-information-(foi)/freedom-of-information-(foi)-disclosure-log,/getmedia/7a3b2a02-e518-4711-9664-439815a294cf/2017-Q2.pdf
13/04/2026,1019,An Coimisiún Pleanála,https://www.pleanala.ie/en-ie/freedom-of-information-(foi)/freedom-of-information-(foi)-disclosure-log,/getmedia/04bdb4c3-fa36-4722-bdaf-a09364972507/2017-Q3.pdf
13/04/2026,1019,An Coimisiún Pleanála,https://www.pleanala.ie/en-ie/freedom-of-information-(foi)/freedom-of-information-(foi)-disclosure-log,/getmedia/aac00db7-c49c-46a3-b1c8-c07ac86346b0/2017-Q4.pdf
13/04/2026,1019,An Coimisiún Pleanála,https://www.pleanala.ie/en-ie/freedom-of-information-(foi)/freedom-of-information-(foi)-disclosure-log,/getmedia/d6bfbbf5-425c-4af0-be47-38c2fbd742b4/2016-Q1.pdf
13/04/2026,1019,An Coimisiún Pleanála,https://www.pleanala.ie/en-ie/freedom-of-information-(foi)/freedom-of-information-(foi)-disclosure-log,/getmedia/e3049b15-8e01-4388-836a-5cb53667c531/2016-Q2.pdf
13/04/2026,1019,An Coimisiún Pleanála,https://www.pleanala.ie/en-ie/freedom-of-information-(foi)/freedom-of-information-(foi)-disclosure-log,/getmedia/f4eb6f6e-497c-471a-9b00-9c44d42d30e3/2016-Q3.pdf
13/04/2026,1019,An Coimisiún Pleanála,https://www.pleanala.ie/en-ie/freedom-of-information-(foi)/freedom-of-information-(foi)-disclosure-log,/getmedia/294adf88-7c41-4bc2-aae7-b1e6b24a7da2/2016-Q4.pdf
13/04/2026,1019,An Coimisiún Pleanála,https://www.pleanala.ie/en-ie/freedom-of-information-(foi)/freedom-of-information-(foi)-disclosure-log,/getmedia/83cfd086-8ad4-415d-944c-6afcb5af6007/2015-Q1.pdf
13/04/2026,1019,An Coimisiún Pleanála,https://www.pleanala.ie/en-ie/freedom-of-information-(foi)/freedom-of-information-(foi)-disclosure-log,/getmedia/1f0ca993-b178-481a-8972-57849a81b5e4/2015-Q2.pdf
13/04/2026,1019,An Coimisiún Pleanála,https://www.pleanala.ie/en-ie/freedom-of-information-(foi)/freedom-of-information-(foi)-disclosure-log,/getmedia/01020af6-e81b-4ef3-9959-93656ece08a1/2015-Q3.pdf
13/04/2026,1019,An Coimisiún Pleanála,https://www.pleanala.ie/en-ie/freedom-of-information-(foi)/freedom-of-information-(foi)-disclosure-log,/getmedia/ca4bcd8a-e0e8-4e5d-bd27-d33870385e6d/2015_Q4.pdf
