FOI Ref,Category of Requester,Request,Decision Made,Date of Reply
DOJ-FOI-2021-0001,Journalist,A list of the purchase orders for 2020 containing the following - the name of the supplier,the service provided,the date of payment and the amount paid out by the Department.,Refused,05/01/2021
DOJ-FOI-2020-0783,Journalist,All correspondence between the Department and / or Minister's office and named person during 2020. Also access to any correspondence between the Department / Minister's Office and the International Protection Appeals Tribunal regarding named person during 2020.,Refused,05/01/2021
DOJ-FOI-2020-0809,Journalist,A copy of the Government statement referred to in paragraph 5 of the Government Press Release which was kindly sent to me by the Department of Justice Press Office on 26 August last after I requested it. Paragraph 5 of the Press Release Statement states the following: In coming to his opinion the Attorney General took account of a number of factors (which have been detailed in a full Government Statement which is being issued separately.).,Refused,05/01/2021
DOJ-FOI-2020-0760,Journalist,Correspondence from judges (current past and ex-officio) and barristers to the Department of Justice about a named person. Timeline 1 July - 11 November 2020.,Refused,12/01/2021
DOJ-FOI-2021-0004,Journalist,The amount paid out in pensions last year to Gardaí who have retired over the years and the number of former Gardaí in receipt of pensions.,Part Granted,14/01/2021
DOJ-FOI-2021-0008,Journalist,Any correspondence including emails phone logs memos and text messages between the Minister for Justice and the Taoiseach or between the Minister for Justice and the Tánaiste which relates to the shooting of a named person and the subsequent riots protests in Dublin and around the country.,Refused,14/01/2021
DOJ-FOI-2020-0732,Journalist,"Copies of all submissions made to the Department regarding the formation of a new parole board based on the Parole Act 2019. Copies of all correspondence regarding same sent to the Minister and advisors, and responses. The requests should cover all material sent and received in 2020.",Part Grant,14/01/2021
DOJ-FOI-2020-0769,Business/Interest Groups,"I refer to the recent publication by the Sexual Exploitation Research Group at UCD of a report titled Shifting The Burden Of Criminality: An analysis of the Irish sex trade in the context of prostitution law reform. Under the Freedom of Information Act I request copies of all internal and external correspondence, memos, meeting minutes, and any other documentation relating to the initiation, funding, preparation, and publication of this report and of the research carried out for it.",Part Grant,14/01/2021
DOJ-FOI-2020-0784,Other,Copies of all correspondence emails memos handwritten notes text messages or Whatsapp messages produced by Private Secretary and Special Adviser to the Minister for Justice which relate in any way to the issue of judicial appointments for the time period 27 June 2020 to 1 December 2020.,Refused,14/01/2021
DOJ-FOI-2020-0582,Journalist,All correspondence between IPAS and Direct Provision (DP) centre management following the issuing of a circular on 15 May aimed at combating allegations around DP centres and living conditions. This should include all formal emails sent from DP centres in response to IPAS’ request.,Granted,19/01/2021
DOJ-FOI-2020-0795,Journalist,Records/spreadsheet/table of the number of EU citizens that have had their right of residence in Ireland removed in each of the years 2018 2019 2020. If possible data broken down by nationality and by year.,Granted,19/01/2021
DOJ-FOI-2020-0812,Other,"Under the FOI Act 2014, I am seeking the following in relation to the recent consultation process conducted by the Department with regards impending hate speech legislation. • The names of all third party organisations/NGOs and private sector companies who took part in the consultation process. • The written submissions made by the technology companies Facebook (Ireland) Twitter, Google in their original form.",Refused,19/01/2021
DOJ-FOI-2021-0032,Other,All records (company name contract value amount and description of expenditure type) of purchase orders in excess of €20,000 made in 2020 or to the latest date or quarter in 2020.,Refused,20/01/2021
DOJ-FOI-2020-0747,Journalist,Records relating to the level of legal aid paid to named person related to his murder trial and conviction.,Granted,20/01/2021
DOJ-FOI-2020-0798,Journalist,A breakdown of expenditure for the Criminal Legal Aid Scheme in Clare court cases in 2015 2016 2017 2018 2019 and 2020 up to 10 December 2020.,Granted,20/01/2021
DOJ-FOI-2020-0767,Journalist,The report from the IPAT Chairperson into the conduct of a named person; the legal advice given to the Minister for Justice on the matter; and any and all communication meeting notes deliberations between senior officials and the Minister's office on the matter.,Refused,21/01/2021
DOJ-FOI-2020-0822,Journalist,Correspondence to IPAT following the attendance of named person at an anti- mask rally. Internal correspondence between the Justice Minister and the Chair of IPAT on the matter. Any internal memos/reports created on the matter.,Refused,21/01/2021
DOJ-FOI-2020-0782,Other,With regard to interviews conducted by the Parole Board with those serving a life sentence and those serving 8 years or more: • How many interviews were conducted in the last two years (2018 and 2019)? • How many of these interviews were for life sentence prisoners? • How many of these interviews were for prisoners who are serving 8 years or more? • How many of the life sentence prisoners were recommended for parole? • How many of the long term prisoners were recommended for parole?,Granted,26/01/2021
DOJ-FOI-2021-0010,Journalist,Full copies of the annual reports setting out the number of protected Disclosures made to the Department of Justice dating from 2009 to 2020 inclusive.,Refused,27/01/2021
DOJ-FOI-2021-0034,Journalist,• Records related to Gardaí viewing and monitoring TikTok accounts. • Records of Garda investigations commenced based on evidence seen in TikTok videos. • Records of Garda investigations involving TikTok videos. • Records of complaints made to Gardaí about TikTok videos.,Refused,27/01/2021
DOJ-FOI-2020-0567,Journalist,All correspondence to and from the offices of Ministers based in the Department regarding the Oireachtas Golf Society from the period 1 March 2020 and 26 August 2020.,Refused,27/01/2021
DOJ-FOI-2020-0713,Journalist,"All correspondence to and from the Justice Minister from August 2020 until 2 November 2020 in relation to the Department's new sexual violence laws/strategy, 'Supporting a Victim's Journey'.",Part Grant,02/02/2021
DOJ-FOI-2020-0810,Journalist,All correspondence between a named Sinn Fein councillor and Justice Minister Helen McEntee.,Part Grant,02/02/2021
DOJ-FOI-2020-0815,Other,"A copy of all internal and external correspondence, agendas, minutes of meetings, reports and notes relating to the issue of including “gender”, “gender identity”, “gender expression”, “gender exploration”, “transgender” and “intersex” in the proposed upcoming hate crime/speech legislation.",Part Grant,02/02/2021
DOJ-FOI-2021-0005,Journalist,Copies of all representations received by the Department with regard to the appointment of a named person in the period 1 November 2020 to 5 January 2021.,Part Granted,04/02/2021
DOJ-FOI-2020-0520,Other,"Records created between 1 January 2016 and 4 August 2020 relating to applications and rejection of applications under the Immigrant Investor Programme (IIP), or in the alternative (a) the total number of applications in each of 2016, 2017, 2018, 2019 and 2020 [up to 4 August] by country of applicant (b) the total number of rejections in each of 2016, 2017, 2018, 2019 and 2020 [up to 4 August] by country of applicant.",Granted,04/02/2021
DOJ-FOI-2020-0814,Other,"Communications in any original format, ie: email, letter, memo etc., between the Department of Justice, the DPP, the Garda Commissioner, to any of the Garda Superintendents or head of any Garda stations with regards to Search warrants from a Peace Commissioner as being unlawful after High Court challenge against constitutional rights and the procedures now to use when seeking a search warrant from a Peace Commissioner if Lawful. Also the date in which this information was put up on your webpage ( link attached ) and the original format in which it was circulated to all Garda when seeking such warrants http://www.justice.ie/en/JELR/Pages/Peace_Commissioners",Refused,05/02/2021
DOJ-FOI-2021-0011,Journalist,• The number of visa applications made between 20 March 2020 and 31 December 2020. • A breakdown of the number of visa applications accepted/rejected between 20 March 2020 and 31 December 2020. • Correspondence between Irish Naturalisation and Immigration Service and the Department of Justice re: the delays/backlog of visa applications due to Covid-19 between 20 March 2020 and 31 December 2020.,Part Granted,08/02/2021
DOJ-FOI-2021-0013,Journalist,A letter sent by the Chief Justice to then Minister Charles Flanagan on 16 February 2018 concerning proposed legislation about judicial appointments and reports on quarterly statistics on judicial appointments published by the Department last year between July and December.,Part Granted,11/02/2021
DOJ-FOI-2021-0028,Other,A copy of the report or the draft report by a named company into procurement issues involving a named company.,Refused,11/02/2021
DOJ-FOI-2021-0069,Journalist,Access to a copy of any correspondence in 2020 and to 1 January 2021 between a named organisation and Minister McEntee.,Refused,11/02/2021
DOJ-FOI-2020-0813,Journalist,"All correspondence between the Office of the DPP and/or the DPP herself and the Minister between 29 October to 8 November 2020 regarding any of the following issues: • Children Act, 2001 • Murdered children • Child victims of crime • Child murder victims",Refused,11/02/2021
DOJ-FOI-2020-0823,Other,Records pertaining to: • Individuals or Groups who have applied for funding under the Asylum Migration and Integration Fund 2014-2020 since its inception • A copy of all applications made to the scheme since the beginning of this year January 2020 • A full financial breakdown of the cost of the scheme since its inception detailing the payments paid to various groups.,Part Grant,11/02/2021
DOJ-FOI-2021-0014,Journalist,"1. Any guidance, circulars, internal guidelines or equivalent that relate to how to assess and determine whether an applicant for citizenship meets the “good character” requirement, that were in use before the stated Judgement. 2. Any guidance, circulars, internal guidelines or equivalent that relate to how to assess and determine whether an applicant for citizenship meets the “good character” requirement, which have been in use since the stated Judgement. 3. A copy of any review of the good character condition carried out following the stated Judgement.",Refused,12/02/2021
DOJ-FOI-2020-0800,Journalist,"Correspondence between the Minister/Department of Justice from members of the public, public representatives, lobby groups or other third party about the recent Court of Appeal ruling that prohibits the identification of a child victims of murder or manslaughter. Correspondence between the Minister/Department of Justice from other Ministers/Government Departments relating to concerns raised by the Court of Appeal Ruling. Submissions/reports on impact of Court of Appeal Ruling held by the Department. The timeline of the above requests is 1 November 2020 to 11 December 2020.",Part Grant,12/02/2021
DOJ-FOI-2020-0785,Journalist,Copies of any correspondence between the Department and the CPT with regard to a report on their seventh periodic visit to Ireland in Autumn 2019. This request to cover the period 1 September 2019 to 1 December 2020.,Granted,16/02/2021
DOJ-FOI-2020-0778,Journalist,Emails and correspondence between Department of Justice officials in relation to deaths which occurred in Direct Provision from March 2020 to 24 November 2020.,Part Grant,17/02/2021
DOJ-FOI-2021-0073,Business/Interest Groups,Review of Internal Financial Controls 1 January 2017 – 31 December 2019 in a named organisation.,Refused,22/02/2021
DOJ-FOI-2021-0074,Business/Interest Groups,Review of Internal Financial Controls 1 January 2017 – 31 December 2019 in a named organisation.,Granted,22/02/2021
DOJ-FOI-2021-0065,Other,All letters emails (including attachments) text messages and other electronic communication between the Department of Justice (including Ministers) and the following: Then TD current Senator Joe O'Reilly Heather Humphreys TD relating to the appointment of a named District Court Judge.,Refused,25/02/2021
DOJ-FOI-2020-0498,Journalist,"All communications between the Department and Tánaiste or his Department; the Departments of Taoiseach and Foreign Affairs; and the Garda force, on the issue of assigning a Garda car and driver to Simon Coveney, the Foreign Affairs Minister, between May 2020 and 29 July 2020.",Granted,25/02/2021
DOJ-FOI-2021-0036,Business/Interest Groups,• Submissions made by any judge to the Civil Justice Review. • Agendas of meetings held by the committee conducting the Civil Justice Review. • Minutes of meetings held by the committee conducting the Civil Justice Review.,Part Granted,26/02/2021
DOJ-FOI-2021-0037,Journalist,1. Any and all correspondence between the Minister for Justice/Department of Justice and a named organisation during the period November 2019 to 20 January 2021. 2. Any and all correspondence between the Minister for Justice/Department of Justice and a named organisation Ireland during the same period.,Refused,26/02/2021
DOJ-FOI-2021-0093,Other,• The full length of the first investigation into the death of [personal information removed]. • The date a file was sent to the DPP's office and a date that the final decision was given to the investigating Gardai by this Department. • The exact date that this investigation was closed. • The total cost to the State for the search that went underway by the Gardai in this area and a complete breakdown in this figure.,Refused,26/02/2021
DOJ-FOI-2021-0089,Business/Interest Groups,Information and documentation pertaining to the status of the investigation and/or sanctions imposed or ongoing against a named company.,Refused,01/03/2021
DOJ-FOI-2021-0066,Journalist,"• The number of persons deported from Ireland in each of the following years: 2018, 2019, and 2020. • The nationality (overall figures) of those persons. • The amount of money spent by Department of Justice on deportation flights in each of the three years. • The number of persons deported from Ireland via Frontex chartered flights in each of the above years. • The amount of money contributed by Department of Justice to Frontex for those flights.",Part Granted,02/03/2021
DOJ-FOI-2021-0092,Journalist,All purchase orders over €20,000 for 2020.,Refused,02/03/2021
DOJ-FOI-2021-0009,Journalist,1. Data on the number of staff from the Irish Naturalisation and Immigration Service (INIS) redeployed to other Government roles during the Covid-19 pandemic. 2. Data on which roles staff were redeployed to. 3. A figure of how many people are currently (January 2021) working for the INIS. 4. Data of how many of INIS staff are carrying out their role remotely. 5. Data on the number of staff working for the INIS in January 2020,Granted,04/03/2021
DOJ-FOI-2021-0055,Journalist,Access to all correspondence between a named person and Minister McEntee in 2019 2020 and to 27 January in 2021 in relation to the introduction of legislation on hate crime and hate speech.,Part Granted,04/03/2021
DOJ-FOI-2021-0087,Journalist,Breakdown of funding for each of the 105 Garda youth diversion projects.,Granted,04/03/2021
DOJ-FOI-2021-0100,Other,"• A copy of the most recent search warrant check list that is required by law for any member of An Garda Síochána to be used before any search warrant is issued. • Rules to be adhered to before any search warrant issues, • Code of conduct requirements before search warrant can be issued. • All most recent lawful requirements needed to be on a search warrant. • The office that issues a copy of search warrant when a Garda will not provide one. • The office that issues a copy of the oath or affirmation attached to a search warrant when a Garda will not provide one. • The office that issues a copy of attached indemnity bond to warrant when a Garda will not provide one. • The procedure to obtain a search warrant issued when a refuse to provide copy.",Refused,04/03/2021
DOJ-FOI-2021-0135,Other,All records which were created after the coming into force of the Freedom of Information Act which allude to the Perjury Act 1586.,Refused,04/03/2021
DOJ-FOI-2021-0075,Other,The following information regarding the undocumented student scheme that was implemented in 2018: • The total number of applications made under the scheme. • The total number of successful applicants. • The total number dependents that are covered by the scheme for successful applicants. • The total number of applicants that were successful and had a criminal record of any nature.,Part Granted,10/03/2021
DOJ-FOI-2020-0726,Other,Records pertaining to: • How many people are currently in the country under the Volunteering In Ireland scheme? • A breakdown of how many in Ireland under this scheme are due to have their residency expire each month from July 2020 to July 2021. • Copies of any internal correspondence within INIS from the last 6 months related to any discussions about possibly extending those permissions due to the COVID-19 pandemic.,Refused,10/03/2021
DOJ-FOI-2021-0052,Journalist,Access to copies of any correspondence between a named person and Minister McEntee since the start of 2020 in relation to the Personal Insolvency (Amendment) (No. 1) Bill 2020.,Granted,11/03/2021
DOJ-FOI-2021-0061,Journalist,Copies of any correspondence between the Department and any of the named companies with regard to hate speech. Copies of the notes/minutes of any meeting between the Department and named companies about hate speech.,Part Granted,11/03/2021
DOJ-FOI-2021-0063,Journalist,"Correspondence (sent and received) between a named company and Minister Helen McEntee, on the topic of the provision of direct provision accommodation, between 1 September 2020 to 13 October 2020.",Part Granted,11/03/2021
DOJ-FOI-2021-0064,Other,Records created on or after 1 March 2020 up to 1 February 2021 related to meetings between officials at the Department of Justice and a named organisation.,Part Granted,11/03/2021
DOJ-FOI-2021-0080,Other,The number of civil servants in the Department of Justice from 2000 to 2020.,Granted,11/03/2021
DOJ-FOI-2020-0772,Journalist,Any and all communication between officials in the Department of Justice and Equality and the Department of Further and Higher Education Research Innovation and Science regarding any changes to immigration policy in relation to English Language Education students as a result of the Covid-19 pandemic from March 2020 to 24 November 2020.,Refused,11/03/2021
DOJ-FOI-2021-0047,Journalist,Email sent to the Department by Digital Business Ireland regarding the ePrivacy regulation as outlined on the lobbying register https://www.lobbying.ie/return/68831/digital-business-ireland,Granted,16/03/2021
DOJ-FOI-2021-0068,Journalist,The email sent by Facebook Ireland Limited to Minister Helen McEntee (referenced on the Lobbying Register https://www.lobbying.ie/return/68510/facebook-ireland- limited) in relation to legislation on Hate Crime and Hate Speech. All subsequent correspondence between Facebook Ireland Limited and Minister Helen McEntee in relation to legislation on Hate Crime and Hate Speech.,Part Granted,16/03/2021
DOJ-FOI-2021-0145,Other,Total amount spent by the Department of Justice on finance and procurement at Mourne Shooting Grounds Ltd. for the years ending: • 31st December 2014 • 31st December 2015 • 31st December 2016 • 31st December 2017 • 31st December 2018 • 31st December 2019 • 31st December 2020 • 2021 to 3 March 2021 Total amount spent by the Department of Justice on finance and procurement at shooting ranges in Ireland from 1 January 2014 to 3 March 2021.,Refused,16/03/2021
DOJ-FOI-2021-0033,Other,Number of engineering staff in your organisation who were paid or reimbursed either in part or full their annual membership fees for Engineers Ireland for the years 2018 and 2019. A list of all and any other professional subscriptions or membership fees (broken down by name of institution and staff grade and number of each separately) either paid or reimbursed party or fully during 2018 and 2019.,Granted,22/03/2021
DOJ-FOI-2021-0044,Journalist,The total amount of legal aid (monetary value) named people received in connection with a stated murder trial - with a breakdown by each person and a breakdown of the expenditure in each case i.e. by solicitor barrister etc.,Refused,22/03/2021
DOJ-FOI-2021-0060,Other,The reasons for refusing entry to Ireland for Minister of Religion Programme ‘visas’. An overview of the rate of refusal and the reasons for such refusals since the introduction of this visa scheme in 2018.,Part Granted,31/03/2021
DOJ-FOI-2021-0091,Other,Copies of records consisting of academic peer reviewed scientific/medical papers dealing with the subject matters of (1) gender dysphoria and (2) autogynephilia obtained by the Minister and Department and which the Minister and Department has considered and took into account when developing the Minister's and Department's position concerning gender dysphoria.,Refused,31/03/2021
DOJ-FOI-2020-0476,Business / Interest Groups,A list of all Interim list of Eligible Programme (ILEP) inspections carried out to 17 July 2020. A list of the English Language Education (ELE) providers who received the provided email.,Part Grant,31/03/2021
DOJ-FOI-2021-0116,Other,"Lobbying submissions received by this Department in 2017 & 2018, relating to the Public Health (Alcohol) Bill/ Act regarding: https://www.lobbying.ie/return/30233/ibec https://www.lobbying.ie/return/26324/ibec https://www.lobbying.ie/return/18726/institute-of-advertising practitioners- of-ireland https://www.lobbying.ie/return/21424/alcohol-action-ireland",Part Granted,31/03/2021
DOJ-FOI-2021-0129,Journalist,All the Department's documents dating from June 2020 relating to named person’s tenure on the panel of the International Protection Appeals Tribunal (IPAT).,Refused,31/03/2021
DOJ-FOI-2021-0180,Other,Any information your organisation has regarding a Covid Elimination strategy such as has been implemented in countries like New Zealand.,Refused,31/03/2021
DOJ-FOI-2021-0203,Other,A record on the statistic of Nigerians deported in Ireland in 2020.,Granted,31/03/2021
DOJ-FOI-2021-0058,Other,The number of times the Minister for Justice’s Office and the Office of the Attorney General has been in contact with a named judge regarding the section 42 inquiry into the Garda handling of the death of a named person.,Granted,01/04/2021
DOJ-FOI-2021-0085,Journalist,All correspondence briefing documents draft briefing documents memos meeting notes and other records associated with the following lobbying activities and meetings: https://www.lobbying.ie/return/66540/ucd students-union- company-limited-by-guarantee,Part Granted,01/04/2021
DOJ-FOI-2021-0115,Other,"• Number of prisoners sentenced to 8-9 years, 9-10 years, 10-11 years, 12+ years by sentence length and by year from 1990 to 2019. • Number of term-sentenced prisoners (non-life) referred to the Parole Board for each year from 2001 to 2020. • Number of term-sentenced prisoners referred to the Parole Board by type of offence each year from 2001 to 2020. • Number of term-sentenced prisoners interviewed by the Parole Board each year by sentence length from 2001 to 2020. • Number of term-sentenced prisoners who were recommended for parole to the Minister by the Parole Board by year 2001 to 2020. • Number of term-sentenced prisoners who were not recommended for parole by the Parole Board to the Minister for each year 2001 to 2020 by category of offence. • Number of recommendations for term-sentenced prisoners who were recommended for parole to the Minister who were refused parole by the Minister by category of offence by year 2001 to 2020.",Part Granted,01/04/2021
DOJ-FOI-2021-0140,Journalist,I request all the correspondence related to the appointment of named person to the International Protection Appeals Tribunal and to the Mental Health Tribunal.,Refused,01/04/2021
DOJ-FOI-2021-0177,Other,The following documents which transpose Directive 2010/64: • A Guide for Members of An Garda Síochána (Irish police force) using Interpreters and Translation during Criminal Investigations; • Quality Assurance in Interpretation in Court proceedings; and • Quality Assurance in Interpretation in Police Interviews.,Granted,01/04/2021
DOJ-FOI-2021-0088,Other,1. The number of deportation orders issued since the year 2015 with a breakdown if possible of nationalities involved. 2. The number of deportation orders actually actioned since the year 2015 with a similar breakdown by nationality. 3. The amount of visas issued to non-EEA students since the year 2015 with a breakdown of nationalities involved. 4. The number of investigations launched into 'English language providers' ' i.e. Language schools and related companies/services over violation of immigration/visa laws with specifics on the regulations violated. 5. The average cost per deportation actioned with a breakdown of costs wherever possible.,Part Granted,07/04/2021
DOJ-FOI-2021-0142,Journalist,Any and all communication meeting notes and records of deliberations between civil servants at the Department of Justice the Minister for Justice the Minister's office the International Protection Appeals Tribunal and the chair of the IPAT regarding a former tribunal member between August 2020 to 2 March 2021.,Refused,08/04/2021
DOJ-FOI-2021-0151,Other,Can Department confirm if named person was granted leave to attend wedding? If so on what date. Can Department confirm what reasons were given for the approval of this compassionate release request? Can Department confirm if a full risk assessment was carried out including risk of flight when considering this application? Can Department confirm if any attempts were made to locate and re-arrest person? Can Department confirm when person was officially released from prison? Can Department confirm if any restrictions were placed upon person as condition for release?,Refused,08/04/2021
DOJ-FOI-2021-0179,Other,Digital copies of documents or records relating to public complaints and investigation reports on knife crime in Dublin 8 from January 2020 - December 2020.,Refused,08/04/2021
DOJ-FOI-2021-0229,Journalist,A schedule of contracts of a value of €20,000 or greater awarded in 2018 2019 and 2020 by the Parole Board.,Refused,08/04/2021
DOJ-FOI-2020-0773,Journalist,Any and all email newsletters email circulars or official communication from the Department of Justice to English Language Education (ELE) institutions listed on the Interim List of Eligible Programmes (ILEP) regarding any recommended changes to their provision of English Language Education (ELE) as a result of the Covid-19 pandemic from March 2020 to 24 November 2020.,Granted,12/04/2021
DOJ-FOI-2021-0015,Other,"All correspondence relating to the areas of sexual harassment, misconduct, violence, assault, and all related topics between the Minister and the UCD President (Including, but not limited to the communication detailed in this article: https://www.irishtimes.com/life- and-style/people/rape-groping and-revenge-porn-sexual-disclosures-by- ucd-students-1.4369642).",Part Granted,13/04/2021
DOJ-FOI-2021-0084,Journalist,All correspondence briefing documents draft briefing documents memos meeting notes and other records associated with the following lobbying activities and meetings: https://www.lobbying.ie/return/66200/womens aid,Part Granted,13/04/2021
DOJ-FOI-2020-0534,Business / Interest Groups,"All records dated from 20 March 2020 to 6 August 2020 relating to the reopening of Garda National Immigration Bureau (GNIB) offices on the 20 July 2020 in line with the easing of Covid-19 restrictions, to include correspondence between officials in the Department of Justice and GNIB officials and any briefing notes, meeting minutes, emails, consultations or assessments on public health implications and the capacity of the GNIB. Records relating to relating to the decision to grant a further one month extension to all immigration permissions in the State on the 20 July 2020, in particular relating to the situation of non-EEA nationals residing outside the Dublin area, to include emails, briefing notes and minutes of meetings.",Granted,13/04/2021
DOJ-FOI-2020-0796,Journalist,"The 2009 document sent by named person, to the Department on the potential introduction of fixed odds betting terminals. Details from the document are published here https://www.thetimes.co.uk/article/betting boss-crack-cocaine- of-gambling-must-be-banned-sxpjl209g and here https://www.theguardian.com/society/2016/dec/05/paddy-power founder- lobbied-against-fixed-odds-terminals I am also requesting the Paddy Power submission to a 2009 consultation on gambling. It is listed as being submitted but not yet published here: http://www.justice.ie/en/JELR/Pages/gambling-review-submissions",Refused,13/04/2021
DOJ-FOI-2021-0168,Other,Guns to which the Minister of Justice issued import permits and / or licenses from 1 March 2020 to 28 Feb 2021.,Granted,13/04/2021
DOJ-FOI-2021-0124,Journalist,All records or minutes of meetings between the Secretary General of the Department of Justice representatives of the OPW and representatives of An Garda Síochána in both 2015 and 2016 re the procurement of a replacement building for the Garda Command Centre at Harcourt Square.,Granted,19/04/2021
DOJ-FOI-2020-0499,Other,"Copies of all information and documentation produced, received and/or considered by in relation to Sections 12, 13 and 14 of Civil Law and Criminal Law (Miscellaneous Provisions) Bill 2020, held by the Department of Justice between 7 April 2020 and 30 July 2020. Such documents should include those relevant to the purpose of the sections and relevant to considering who will benefit from the sections. Such documents should also include any records of interactions and correspondence to or from private businesses relevant to the sections.",Part Grant,20/04/2021
DOJ-FOI-2021-0146,Journalist,Correspondence between the Minister (or her secretary) and Facebook Google Twitter or other social media companies regarding Covid-19 misinformation. I am also requesting the release of any memos or notes prepared for the Minister since she took office regarding Covid-19 misinformation.,Refused,20/04/2021
DOJ-FOI-2021-0201,Journalist,I wish to request access to the following records/details: • All correspondence sent between Facebook and the Department between 1 September 2020 to 19 March 2021. • Minutes from meetings between Facebook and the Department between 1 September 2020 to 19 March 2021. • All internal Departmental correspondence related to Facebook Ireland and hate crime legislation between 01 September 2020 to 19 March 2021,Part Granted,26/04/2021
DOJ-FOI-2021-0160,Other,All correspondence meeting notes memos and attachments between the Department of Justice and the Garda Representative Association since 1 September 2020 to 1 January 2021 that relate to an application by the Garda Representative Association to have a Statutory Instrument promulgated to allow the Association to hold Annual Delegate Conference 2020 and for associated business of conference to proceed.,Granted,27/04/2021
DOJ-FOI-2021-0017,Journalist,Copies of minutes of the four meetings of the independent evaluation committee of the Immigrant Investor Programme in 2020. A list of the projects approved under the Immigrant Investor Programme in 2020 and the names and nationalities of the non-EEA nationals providing the minimum required investment in each one.,Part Granted,28/04/2021
DOJ-FOI-2021-0176,Journalist,Correspondence to IPAT following the attendance of named person at an anti-mask rally. Internal correspondence between the Justice Minister and the Chair of IPAT on the matter.,Refused,28/04/2021
DOJ-FOI-2021-0209,Other,A blank copy of the contract of employment of each of the following: Chief Justice • Judge of the Supreme Court • President of the High Court • Judge of the High Court • President of the Circuit Court • Judge of the Circuit Court • President of the District Court • Judge of the District Court,Refused,30/04/2021
DOJ-FOI-2020-0492,Journalist,Details of any purchases of computer equipment mobile equipment tablets laptops any mobile or computer accessories any electrical equipment or appliances on behalf of any Minister or Minister of State at your Department in period between 1 May 2020 and 27 July 2020. Copies of any requests for additional office space furniture decoration or paintings by any officeholder Minister or Minister of State at your Department in period as outlined above. Copies of the response that was issued in any such instance. Copies of any receipts or invoices associated with the above.,Part Grant,04/05/2021
DOJ-FOI-2021-0159,Other,Copy of the decision all recommendations and any notes explanations or comments regarding the death of named person that went to the Independent Review Panel (IRM).,Refused,04/05/2021
DOJ-FOI-2021-0234,Journalist,A schedule of contracts of a value of €20,000 or greater awarded in 2018 2019 and 2020 by the Property Services Appeal Board.,Refused,04/05/2021
DOJ-FOI-2021-0022,Journalist,"A copy of the following audits completed by the Internal Audit Division in 2020: • Internal Financial Controls in the Department of Justice • Review of Internal Controls in the Garda Síochána Inspectorate • Audit of Asylum, Migration and Integration Funds. (year end 15 October 2019)",Part Granted,05/05/2021
DOJ-FOI-2021-0030,Clients,Any correspondence briefing notes research or analysis exchanged internally by the Department of Justice - at or above the rank of Assistant Principal Officer or Ministerial level - regarding complaints or delays with the Atypical Working Scheme. Any correspondence complaints or observations received from external parties regarding the operation of the scheme or the functioning of the new online application system.,Granted,05/05/2021
DOJ-FOI-2021-0082,Journalist,A copy of the following internal audits completed by the Department: • Data Protection Commissioner - Internal Controls 2019 • Insolvency Service of Ireland - Internal Controls 2019 • Probation Service - Internal Controls 2019,Part Granted,05/05/2021
DOJ-FOI-2021-0117,Other,"Lobbying submissions received by this Department in 2017 & 2018, relating to the Public Health (Alcohol) Bill/ Act regarding: https://www.lobbying.ie/return/27742/heineken-ireland https://www.lobbying.ie/return/24829/daa-plc https://www.lobbying.ie/return/23286/hume-brophy https://www.lobbying.ie/return/18600/ibec https://www.lobbying.ie/return/17055/daa-plc",Part Granted,05/05/2021
DOJ-FOI-2021-0121,Other,Lobbying submissions received by the Department in 2017 & 2018 relating to the Public Health (Alcohol) Bill/ Act regarding: https://www.lobbying.ie/return/29012/vintners-federation-of-ireland,Granted,05/05/2021
DOJ-FOI-2021-0245,Journalist,All correspondence and records of complaints or concerns to the Minister or his senior officials in relation to digital platform Shaw Academy from 1 September 2020 to 1 April 2021.,Refused,05/05/2021
DOJ-FOI-2021-0105,Journalist,Copies of all correspondence between your Department and the [named company] (or any of its subsidiaries) with regard to the Immigrant Investor Programme. Copies of the minutes/notes of any meetings held between the above company (and its subsidiaries) with Department officials with regard to the Immigrant Investor Programme.,Part Granted,06/05/2021
DOJ-FOI-2021-0122,Journalist,Copies of all correspondence (emails letters texts etc.) between Matheson the Justice Minister and John O’Callaghan Assistant Secretary between 1 May 2020 and 31 August 2020 that relates to Section 32 of the Civil and Criminal Law (Miscellaneous Provisions) Act 2020 and any internal/briefing notes relating to same. see https://www.lobbying.ie/return/69248/matheson,Refused,06/05/2021
DOJ-FOI-2021-0186,Journalist,"Copies of the following internal audit reports: • Internal Financial Controls in the Department of Justice and Equality 9 February 2020. • Review of Internal Controls in the Garda Síochána Inspectorate September 2020. • Audit of Asylum, Migration and Integration Funds. (year end 15 October 2019) April 2020.",Part Granted,06/05/2021
DOJ-FOI-2021-0258,Journalist,The amount of money spent by the Department throughout 2020 on taxi services.,Granted,06/05/2021
DOJ-FOI-2021-0141,Other,Records relating to the Department of Justice Programme Board charged with leading the overall work programme in relation to the recommendations of the Advisory Group on the Provision of Supports including Accommodation to Persons in the International Protection Process including details of the membership of same.,Part Granted,11/05/2021
DOJ-FOI-2021-0189,Journalist,"Where subject matter relates to transgender inmates being housed in the Limerick women’s prison: 1. All emails and letters (including attachments) between the Governor of Limerick Prisons, and the Department of Justice between 1 October 2020 and 10 March 2021. 2. All emails and letters (including attachments) between the Department of Justice and other representatives from Limerick Prisons between the same dates as above. 3. Copies of minutes of any meetings held between the Department and the governor/representatives of Limerick Prison between the same dates as above.",Part Granted,11/05/2021
DOJ-FOI-2021-0267,Journalist,"According to the Lobbying Register, Bartra Capital Property Management Limited sent three letters to Helen McEntee Minister (Department of Justice), Charlie McConalogue Minister of State (Department of Justice), Director General (Department of Justice and Equality) in relation to The Immigrant Investor Programme. https://www.lobbying.ie/return/62402/bartra-capital-property management- limited-trading-as-bartra-capital-property In accordance with section 12 of the Freedom of Information Act 2014, I wish to request access to the following records/details: - All records (correspondence, meeting minutes, documentation) connected to the lobbying.ie entry by Bartra Capital Property Management Limited that relates to the Immigrant Investor Programme.",Granted,11/05/2021
DOJ-FOI-2021-0275,Oireachtas / Public Reps,All correspondence from TDs and Senators between 25 March 2021 and the 16 April 2021 to Minister McEntee in relation to Legal Aid The Stardust Families and the upcoming Inquest into the Fire.,Granted,11/05/2021
DOJ-FOI-2021-0067,Journalist,"According to the Lobbying Register, Edelman Ireland had phone calls and exchanged texts with Minister Helen McEntee last year in relation to making representations on behalf of Didean outlining their alternative solution to current Direct Provision services. https://www.lobbying.ie/return/68144/edelman-ireland In accordance with section 12 of the Freedom of Information Act 2014, I wish to request access to the following records/details: - The texts sent to and from Edelman Ireland to Minister Helen McEntee (referenced on the Lobbying Register) in relation to Didean outlining their alternative solution to current Direct Provision services. - Notes of the calls between Edelman Ireland and Minister Helen McEntee where Didean outline their alternative solution to current Direct Provision services - All subsequent correspondence between Edelman Ireland and Minister Helen McEntee in relation to Didean outlining their alternative solution to current Direct Provision services",Part Grant,12/05/2021
DOJ-FOI-2021-0161,Other,Any documentation/records that are held by the Department of the following: The Expert Review Group on Recruit Education Entry Pathways and Learning & Development for An Garda Síochána.,Part Granted,12/05/2021
DOJ-FOI-2021-0175,Journalist,• A copy of the Department’s social media policy. • Documents/information pertaining to disciplinary proceedings against employees for breaching rules on social networking sites. • A log of all data breaches committed in 2020.,Part Granted,12/05/2021
DOJ-FOI-2021-0277,Other,"Details of all expenditure incurred by the Department of Justice on cloud computing services in 2020. Cloud computing services should be taken to mean any cloud-related service provided to D/Justice, either directly by cloud computing firms (such as, but not limited to, the following: Microsoft Azure, Google Cloud Platform, Oracle, Amazon Web Services, and IBM) or by third party consultancies. In either case, this would incorporate all varieties of cloud computing, including software-as-a- service, infrastructure-as-a-service and platform-as-a-service. Details are requested on the total payments made to each relevant individual private sector entity (cloud computing firm, third party consultancy, etc.) covered by this request, rather than a single accumulative figure.",Granted,12/05/2021
DOJ-FOI-2020-0664,Journalist,Copies of the following audit reports as listed: • Department of Justice Internal Financial Controls • Forensic Science Ireland • IPS Anti-Fraud report,Part Grant,13/05/2021
DOJ-FOI-2021-0110,Journalist,Copies of the following internal audit reports: • 2019 Internal Financial Controls Report (HQ/Main Report) • 2019 Internal Financial Controls Report - Arbour Hill • IPS Anti-Fraud Audit Report,Part Granted,13/05/2021
DOJ-FOI-2021-0243,Journalist,Copies of any briefings submissions memos or other such review/overview documents prepared for Minister McEntee with regard to the Scoping Report into Community Safety and Wellbeing in Drogheda. Copies of any emails messages between the Minister and Vivian Guerin with regard to the above report.,Part Granted,17/05/2021
DOJ-FOI-2021-0035,Journalist,All records held by Department of Justice relating to “Shannonwatch” and Shannon watch” for the years 2000 to 2020.,Part Granted,18/05/2021
DOJ-FOI-2020-0746,Journalist,The memorandum on immigration brought to Cabinet by former Minister Frances Fitzgerald in June 2015 as well as a final report from the working group on Direct Provision brought to Cabinet by former Minister of State Aodhán Ó Riordáin during the same period.,Part Grant,18/05/2021
DOJ-FOI-2021-0265,Other,"In January 2021, the Court of Justice ruled that in effect the 2018 Reception Regulations, in introducing the 'applicant'/'recipient' distinction is contrary to the EU Reception Conditions Directive (Recast) 2013. This only impacts on access to the labour market. The Court of Justice case numbers are; C 322/19 and C-385/19. FOI Request (Temporal Scope: January 2021 to April 2021): Any decisions/discussions/communiques (electronic or hard copy) etc. from officials within the Department of Justice with the Labour Market Access Unit detailing the response to C-322/19 and C-385/19 and permitting protection applicants, subject to Dublin III procedures, to enter the labour market, under a labour market access permission.",Part Granted,18/05/2021
DOJ-FOI-2021-0276,Other,"I would like information relating to visas that meet the following requirement: 1. Join family visa type. 2. Applied and also granted after 21 March 2020. The information required about these visas is: 3. The total number that have been granted. 4. The date each visa was granted. 5. Whether the family member was Irish or not and the relationship to the applicant. 6. The specific reasons given by the applicants, and accepted by visa staff, as to why their purpose of travel is for “imperative family or business reasons”- this is a requirement of Covid-19 visa processing rules. 7. The office/embassy that accepted these reasons.",Part Granted,18/05/2021
DOJ-FOI-2021-0171,Other,Records on actions by the Department of Justice on and from 12 November 2019 to 9 March 2021 relating to allegations of child abuse by probation officer staff. This may include decisions (not) to review allegations conduct of ongoing examination of such allegations direct the Probation Service to do so or contact with the Garda Síochána around the concerns.,Part Granted,19/05/2021
DOJ-FOI-2021-0150,Clients,A copy of the Government statement referred to in paragraph 5 of the Government Press Release which was issued separately to the attached release following the announcement of a Presidential Pardon by the then Minister of Justice Padraig Flynn for named person.,Granted,20/05/2021
DOJ-FOI-2021-0263,Business / Interest Groups,Documents relating to the Minister for Justice’s decision to extend immigration permissions. This extension was given on 26 March 2021 and is the seventh extension given of its kind.,Refused,24/05/2021
DOJ-FOI-2021-0202,Other,"Can you please provide, for the period since 1 January 2021 to 1 March 2021: • records which show how many passengers pass through national airports each week. • records which show how statistics are established on the purpose of people's visits. • records which show how the Dept. of Justice calculate statistics published on purposes of person's travel to Ireland.",Part Granted,26/05/2021
DOJ-FOI-2021-0280,Business / Interest Groups,The average processing time for inward transfer of sentence applications (under Transfer of Sentenced Persons Act 1995 and 1997) from receipt by the Irish Prison Service to the Ministerial decision including the length of time taken by the Chief State Solicitors Office to issue their advices in the following years: 2012 2015 2018 and 2020; and if further information was sought from the sentencing State the average time taken for sentencing States to provide the necessary information.,Refused,26/05/2021
DOJ-FOI-2021-0120,Other,Lobbying submissions received by the Department in 2017 & 2018 relating to the Public Health (Alcohol) Bill/ Act regarding: https://www.lobbying.ie/return/13782/ibec,Refused,31/05/2021
DOJ-FOI-2020-0707,Journalist,A copy of the Minister’s work diary from 1 July to 27 October 2020. A copy of the Secretary General's work diary from 1 July to 27 October 2020.,Part Grant,01/06/2021
DOJ-FOI-2021-0337,Journalist,Copies of the Mazars report on ICT Project Management which was commissioned for the Department of Justice.,Refused,02/06/2021
DOJ-FOI-2020-0359,Journalist,All correspondence (including documentation minutes research etc.) exchanged internally and externally by the Department of Justice regarding the proposed construction of new family law courts at Hammond Lane between 1 June 2019 and 1 June 2020.,Part Grant,03/06/2021
DOJ-FOI-2021-0170,Journalist,All correspondence (and associated and attached documents) between the European Commission and the Department of Justice between 1 October 2020 up to the 10 March 2021 in relation to delays in processing EU Treaty Rights applications.,Refused,11/06/2021
DOJ-FOI-2021-0302,Other,Details on the cost benefit of the recent decision to grant amnesty to illegal Residents. Details on communications on benefit to State of said amnesty.,Refused,11/06/2021
DOJ-FOI-2021-0334,Journalist,"• All correspondence (emails, letters, texts, memos, voicemails) sent between Didean and the Department between 01 November 2019 to 17 May 2021. • Notes of calls and minutes meetings between Didean and the Department between 1 November 2019 and 17 May 2021. • Notes and minutes of the meeting between Dr Catherine Day and named person of Edelman Ireland in relation to Didean between 1 November 2019 and 17 May 2021. • All correspondence (emails, texts, letters, notes of calls and notes of meetings) between Dr Catherine Day and named person of Edelman Ireland in relation to Didean between 1 November 2019 and 17 May 2021 • All correspondence (emails, texts, letters, memos, notes of calls and notes of meetings) between Dr Catherine Day and named person and Didean. • All internal Departmental correspondence (between staff at Principal Officer Level and above) related to Didean between 01 November 2019 to 17 May 2021.",Part Granted,11/06/2021
DOJ-FOI-2021-0235,Journalist,Records of contact between the Office of the Minister for Justice and the Garda Commissioner between March 2020 and March 2021.,Part Grant,15/06/2021
DOJ-FOI-2021-0345,Journalist,All correspondence between Sex Workers' Alliance of Ireland and the Department of Justice / Minister McEntee. Any minutes / briefings / memos / internal correspondence related to any meetings between SWAI and Minister McEntee during 2020 / 2021.,Part Granted,15/06/2021
DOJ-FOI-2021-0282,Journalist,All correspondence received and/or sent by from the following email address - of a named Department of Justice official that contains the words “Skellig” and/or “Cahersiveen” and/or “Caherciveen”. For the period anytime between 1 September 2019 and 23 April 2021.,Part Granted,22/06/2021
DOJ-FOI-2021-0330,Other,All correspondence including text messages between the Minister for Justice and the Tánaiste in relation to the controversy surrounding the appointment of named person to the Supreme Court. I wish to narrow the scope of my request to correspondence which is dated between 18 and 27 November 2020. All correspondence including text messages between the Minister for Justice and any public relations specialists relating to the controversy surrounding the appointment of named person to the Supreme Court which is dated between 18 and 27 November 2020.,Refused,23/06/2021
DOJ-FOI-2021-0303,Journalist,Copies of briefing materials prepared for the following Ministers as they assumed responsibility at the Department while Minister Helen McEntee is on maternity leave: • Heather Humphreys • Hildegarde Naughton • James Browne,Refused,28/06/2021
DOJ-FOI-2021-0391,Journalist,The number of Criminal Legal Aid certificates recorded covering Cavan District and Circuit Courts from 2018 to end of May (inclusive). The amount in monetary terms paid out to legal firms covering both courts over the same period.,Part Granted,29/06/2021
DOJ-FOI-2021-0021,Journalist,The last 15 emails sent by the Minister for this Department including emails they were responding to from the time of receipt of this FOI.,Part Granted,30/06/2021
DOJ-FOI-2021-0301,Other,"Any e-mail(s) received or sent from the Department of Justice, to include, but not limited to the following e-mails, the Minister's e-mail and info@justice.ie, since 1 November 2020, relating to racial discrimination by or within An Garda Síochána, including but not limited to, the keywords racism, racial discrimination, prejudice”.",Part Granted,30/06/2021
DOJ-FOI-2021-0174,Journalist,1. All correspondence in the last 24 months between the Department or the Minister on plans to establish a new gambling authority and overhaul the regulation of betting and other forms of gambling. 2. Any minutes or notes from any meetings on this topic with any external institutions companies or representative bodies.,Part Granted,30/06/2021
DOJ-FOI-2021-0350,Other,Copy of the correspondence between the Chief Executive Officer of the Legal Aid Board and the Director of Corporate Services at the Department of Justice in whatever format made between 15 July 2017 and 5 January 2018 as already released pursuant to an FOI request and some of which was published in the Irish Examiner on 4 January 2018.,Granted,30/06/2021
DOJ-FOI-2021-0362,Other,All documents containing details of the provision of funding by the Department of Justice and Equality to the International Protection Appeals Tribunal since 2016. All documents containing requests for funding from the International Protection Appeals Tribunal to the Department of Justice and Equality since 2016 and all responses thereto since 2016.,Part Granted,30/06/2021
DOJ-FOI-2021-0377,Other,To detail all training or other services contracted by the Department since 2010 from Common Purpose Ireland.,Granted,30/06/2021
DOJ-FOI-2020-0776,Journalist,"All records relating to the costs spent on providing equipment such as computers, desks, chairs and other items in order to facilitate government employees from your Department who have been working from home since the Covid-19 pandemic began. The timeframe for this request is: March 2020 until November 2020 Please provide records with the names of each item (such as “chair”, or “desk”) and how much each item cost. All records relating to the costs spent on providing equipment such as computers, desks, chairs and other items in order to facilitate your Department's Minister working from home since the Covid-19 pandemic began in March 2020 until November 2020. Please provide records with the names of each item (such as “chair”, or “desk”), how much each item cost and who each item was for (example: “Taoiseach”, or “Enterprise Minister”).",Part Grant,07/07/2021
DOJ-FOI-2021-0414,Journalist,A copy of the Ministerial brief prepared for the acting Minister for Justice.,Refused,07/07/2021
DOJ-FOI-2021-0387,Other,Copies of all correspondence in all formats between named persons and organisations and the Department of Justice (to include minutes memos of meetings and phone calls and other correspondence formats) from 11 September 2017 to 4 June 2021. Also to include copies of all correspondence with any other Government Department or agency including An Garda Síochána concerning the above mentioned Firearms Range and its activities in the same period.,Part Granted,08/07/2021
DOJ-FOI-2021-0392,Other,Records that show named person supported the Budget 2019 increases to direct provision allowance. The time frame for this would in light of other documents that exist be around September 2018 to November 2018. This search can be restricted to the named person’s email account.,Part Granted,09/07/2021
DOJ-FOI-2021-0313,Other,• Any documents regarding CBD from 2020 – 29 April 2021 • Any internal correspondence regarding CBD from 2020 – 29 April 2021 • Dates & agenda of any meetings held in connection with CBD from 2020 - .29 April 2021.,Part Granted,12/07/2021
DOJ-FOI-2020-0736,Journalist,All correspondence between the Department of Health and the Department of Justice in relation to graduated fines for breaches of Covid- 19 restrictions. All briefing notes memos and minutes of meetings related to graduated fines for breaches of Covid-19 restrictions. Request to the cover the period 1 July 2020 – 12 November 2020.,Part Grant,14/07/2021
DOJ-FOI-2021-0305,Other,Any public records that your Department may have on total stamp 1G visas applied/granted/rescinded for the years 2018- 2020. Any data relating to conversions of Stamp 1G visas to Stamp 4.,Part Granted,19/07/2021
DOJ-FOI-2021-0379,Other,The number of applications to renounce Irish citizenship for each year from 1 January 2015 to 31 December 2020 (2015 2016 2017 2018 2019 2020).,Granted,19/07/2021
DOJ-FOI-2021-0424,Other,Copies of the reports made by the Garda Commissioner to the Minister for Justice under Section 31 of the Criminal Justice (Miscellaneous Provisions) Act 2009 for each of the years beginning 2010 to 2020 inclusive.,Refused,19/07/2021
DOJ-FOI-2021-0429,Journalist,"Copies of all records held referring or relating to the decision to wind up the working group on jury service, as per the following article: https://www.irishlegal.com/article/jury-service-reforms-effectively shelved-after-working-group-disbanded",Refused,19/07/2021
DOJ-FOI-2021-0370,Other,Any records relating to EU ROXANNE project between 1 January 2019 and 27 May 2021 inclusive.,Part Granted,20/07/2021
DOJ-FOI-2021-0423,Journalist,A copy of all correspondence (including emails) between the Justice Minister and the Garda Commissioner in relation to the cancelling of emergency/999 calls since 1 January 2021.,Part Granted,21/07/2021
DOJ-FOI-2021-0185,Journalist,All correspondence in the last 12 months between the Department or the Minister and the Data Protection Commission on its supervisory work under the GDPR; and any related minutes and notes.,Part Granted,26/07/2021
DOJ-FOI-2021-0421,Journalist,"Copies of any records held referring or relating to the payment of a VAT bill by An Garda Síochána in respect of the shop and restaurant at Templemore. This request to cover the period 1 January 2020 to 22 June 2021. For clarity, it is the payment referenced in the internal audit available at the provided link.",Part Granted,26/07/2021
DOJ-FOI-2021-0419,Journalist,The amount of money handed out in legal aid in Longford District and Circuit Courts between January 2018 and 4 June 2021 which related to Criminal Legal Aid.,Granted,27/07/2021
DOJ-FOI-2021-0426,Other,"In regard to the Insolvency Service of Ireland: • Please advise what technologies (including version) you use for: HR, Payroll, L&D, Finance, Procurement and Contact Centre. • Please advise if any of the following services are outsourced to third parties, and if so, when the contract ends: HR, Payroll, L&D, Finance, Procurement and Contact Centre.",Part Granted,27/07/2021
DOJ-FOI-2020-0502,Journalist,A copy of the Minister's diary for the period from and including 27 June up to and including 31 August 2020.,Granted,03/08/2021
DOJ-FOI-2021-0406,Other,Any correspondence between the Department of Justice and An Garda Síochána regarding funding for the purchase of new Garda vehicles in the years of 2019 2020 and to 11 June 2021. Any correspondence between the Department of Justice and Department of Public Expenditure and Reform regarding funding for the purchase of Garda vehicles in the years of 2019 2020 and to 11 June 2021.,Part Granted,03/08/2021
DOJ-FOI-2020-0775,Journalist,Correspondence between the Minister for Health Stephen Donnelly and the Minister for Justice Helen McEntee or their officials in relation to fines for breaches of Covid-19 regulations.,Refused,03/08/2021
DOJ-FOI-2021-0173,Journalist,All correspondence in the last 24 months between the Department or the Minister on proposals to reform the insurance sector reduce the cost of personal injuries awards and cut the price of insurance premiums. Any minutes or notes from any meetings on this topic with external institutions or representative bodies.,Part Granted,04/08/2021
DOJ-FOI-2021-0328,Other,All documents containing statistics in relation to the length of time it takes for Zambrano applications to be decided in the period since 2016. All documents containing statistics in relation to the length of time it takes to decide a residence card application pursuant to the Citizenship Directive and/or the European Communities (Free Movement of Persons) Regulations 2015 in the period since 2016. All documents containing statistics in relation to the length of time it takes to decide a review decision in respect of a residence card application pursuant to the domestic regulations implementing the Citizenship Directive (the European Communities (Free Movement of Persons) Regulations 2015) in the period since 2016. All documents containing statistics in relation to the reasons for the length of time it takes to decide a Zambrano application. All documents containing statistics in relation to the reasons for the length of time it takes to decide a residence card application pursuant to the Citizenship Directive and/or the European Communities (Free Movement of Persons) Regulations 2015 in the period since 2016. All documents containing statistics in relation to the reasons for the length of time it takes to decide a review decision in respect of a residence card application pursuant to the domestic regulations implementing the Citizenship Directive (the European Communities (Free Movement of Persons) Regulations 2015) in the period since 2016. All documents containing any correspondence between the Department of Foreign Affairs and the Department of Justice (and/or any other Government Department) in relation to delays in issuing passports and/or the reasons thereof.,Refused,04/08/2021
DOJ-FOI-2020-0370,Journalist,"All correspondence (including, but not limited to emails, voice memos, memos, minutes of meetings, calls, letters) between Charlie Flanagan, Minister at the Department of Justice and the following individuals and companies from when Mr Flanagan became Minister of the Department to present (28 May 2020), if any: • Independent Deputy Michael Healy-Rae; • Current State Contractor of Direct Provision Centre Accommodation of named companies; • Operator of the named companies.",Part Grant,05/08/2021
DOJ-FOI-2021-0395,Other,"• Records relating to the number of people who applied for asylum in Ireland, broken down by gender, age and country of origin, across the years 2016-2021. • Records relating to the number of people who sought asylum at immigration borders upon landing at Ireland’s ports, broken down by age, gender and country of origin. • Records relating to the number of asylum seekers in third level education in Ireland, broken down by age, gender and country of origin. • Records relating to the number of visas granted for the purposes of study at Third level Institutions, broken down by Third level institution attended by applicant, across the years 2016-2021.",Part Granted,06/08/2021
DOJ-FOI-2021-0425,Other,A copy of such documents which authorised / directed that the rainbow flag be flown from the Department of Justice.,Granted,06/08/2021
DOJ-FOI-2021-0399,Other,"• The number of times the Minister for Justice’s Office and the Office of the Attorney General has been in contact with a named Judge regarding the section 42 inquiry into the Garda handling of the death of a named person. • The number of times the named judge has been in contact with the Minister for Justice Office and the Office of the Attorney General regarding the section 42 inquiry into the Garda handling of the death of a named person. • The names of the barristers and solicitors who are acting on behalf of the State during this inquiry. Their exact roll in this inquiry and their working hours and pay. • A full breakdown of the payment accumulated so far regarding this inquiry. This breakdown needs to be clearer that just 'payment for barristers/solicitors', e.g. how much each person has been paid to 16 June 2021.",Granted,16/08/2021
DOJ-FOI-2021-0405,Other,Records regarding the drafting and passage of the Data Protection Act 2018.,Part Granted,16/08/2021
DOJ-FOI-2021-0412,Oireachtas / Public Reps,All relevant documentation pertaining to this information relating to the number of recommendations made by the interim Parole Board to the Minister in 2021 the number of these recommendations accepted in full by the Minister/Minister of the State the number of cases where the recommendation was part accepted and the number of cases where the recommendation was rejected.,Refused,16/08/2021
DOJ-FOI-2021-0422,Journalist,1. The number of life-sentence prisoners who were released from custody last year 2. The average term served by life-sentence prisoners before release last year. 3. The number of life-sentence prisoners who were recalled to resume serving their sentences behind bars for breaching the conditions of their release last year.,Refused,16/08/2021
DOJ-FOI-2021-0430,Other,"• All notes, memos or emails exchanged between the Minister(s) for Justice/ Department of Justice and the Taoiseach's Office and or the Department of the Taoiseach, re: amnesty requests in relation to the Smithwick Tribunal. • All correspondence between the Department of Justice and the Smithwick Tribunal in relation to a named person between 2006 and 2014. This request to include any relating to an amnesty re meetings with the named person and or his lawyers. • All correspondence emails or memos received or sent by the Minister for Justice relating to amnesty requests or amnesty(s) given to witnesses from the UK/ Scotland or Northern Ireland at the Smithwick Tribunal at any date between 2005 - 2014. Request to include any correspondence between the Department of Justice and the Attorneys for UK and Northern Ireland and the Attorney General, Ireland. • All correspondence, memos or emails between the Department of Justice and the Attorney General and or his office relating to amnesty requests from a named person's lawyers/ solicitors between 2006 - 2014.",Refused,16/08/2021
DOJ-FOI-2021-0501,Other,All records papers documentation memoranda including electronic communications held by the Department of Justice in connection with the granting of consent (whether by way of general consent or otherwise) by the Minister for Justice to the Civil Legal Aid Board pursuant to Section 3 (2) of the Civil Legal Aid Act 1995 to acquire an interest in property howsoever arising at Station House Railway Square Waterford in the City of Waterford.,Refused,16/08/2021
DOJ-FOI-2021-0514,Journalist,Information on the number of post-mortems that have taken place in Ireland in 2021 to 05 August broken down into counties with the figures for 2020 also given in this format.,Refused,16/08/2021
DOJ-FOI-2021-0496,Clients,"Records which provide a legal definition of what constitutes a 'Hate Crime', details of the relevant legislation which specifically covers or deals with such 'Hate Crimes' and which gives legal authority to the Garda Síochána to investigate such 'Hate Crimes' and which specifies what penalties have been legislated by the Oireachtas for any such 'Hate Crimes'.",Refused,23/08/2021
DOJ-FOI-2021-0487,Other,"All such in written or electronic form which relate to: 1. The departure/retirement on 24 July 2020 of a named person from the position of Official Assignee in Bankruptcy. 2. The fact that the Office of Official Assignee is not a Corporation Sole, and its effect on the appointment of a successor to a named person. 3. The designation of a named person pursuant Section 60C of the Bankruptcy Act 1988 as amended to be the Deputy Official Assignee as of 27th July 2020. 4. An appointment by the Minister for Justice of a successor/replacement to a named person in the role of Official Assignee, and the statutory basis relied on for such appointment. 5. An approval of such appointment sought by the Minister for Justice from the Minister for Public Expenditure and Reform. 6. The Bankruptcy Law Committee Report (also referred to as the Budd Committee) delivered to the Minister for Justice in 1972 (including the Draft Bill). 7. The second updated version of the Bill presented to the Dáil in 1982.",Part Granted,24/08/2021
DOJ-FOI-2021-0486,Journalist,Copies of any briefings memos reports submissions prepared for either the Minister or Secretary General with regard to publication of the US Department of State Trafficking in Persons Report 2021. Copies of all records held referring or relating to publication of that report in the time period 29 June 2021 to 7 July 2021.,Part Granted,26/08/2021
DOJ-FOI-2021-0542,Clients,"The total number of colleges admitted to the Interim List of Eligible Programmes in 2019 and 2020. The number of colleges admitted for entry onto the Interim List in 2019/2020 that satisfied the requirements of regulation criteria contained in Arrangements Applying to English Language Programmes From June 2nd 2015 (updated 14 September 2018) Section 4 part 7: where a provider is seeking inclusion on the Interim List for the first time, it must be able to demonstrate having brought a cohort of EEA students through to the point of successfully completing the programmes for which inclusion is sought and achieving the relevant certification. The number and identity of colleges that were exempted from the regulation in Section 4 (7).",Granted,30/08/2021
DOJ-FOI-2021-0545,Other,Any submissions made to a named NGO to the Review of the Operation of Part 4 of the Criminal Law (Sexual Offences) Act 2017. Any report made to the Department of the results of a RED C poll commissioned by a named NGO at the end of 2019 or beginning of 2020 as part of a 2020 we don't buy it campaign funded through Department of Justice Anti-Trafficking using Dormant Account Funds in full or part.,Part Granted,31/08/2021
DOJ-FOI-2021-0417,Journalist,Response to Estonia’s ad-hoc query on searching of Country of Origin Information (COI) for asylum procedures on 2 July 2014 Response to Belgium’s ad-hoc query on Situation and profile of unaccompanied minors from Afghanistan part II requested on 18 March 2021.,Part Granted,01/09/2021
DOJ-FOI-2021-0565,Journalist,Records created on or after 8 February 2020 and 22 August 2021 relating to an internal audit of the Immigrant Investor Programme (IIP).,Refused,07/09/2021
DOJ-FOI-2021-0570,Journalist,All records relating to payments made to a named company for the period 1 January 2020 - 24 August 2021.,Refused,07/09/2021
DOJ-FOI-2021-0571,Journalist,The results of a named Deputy Garda Commissioner’s investigation into the killing of a named person which were received by the Minister for Justice on 8 April 1988.,Refused,07/09/2021
DOJ-FOI-2021-0340,Journalist,A copy of the ten-year Accommodation Strategy for An Garda Síochána prepared in 2010 with the assistance of the OPW.,Refused,09/09/2021
DOJ-FOI-2021-0540,Clients,A full and complete breakdown of the costs to operate the Stardust Fire Inquests from 31 March 2019 to 11 August 2021.,Refused,09/09/2021
DOJ-FOI-2021-0472,Other,"Copies of all correspondence between any member of the judiciary and the Government/Minister for Justice in which that member of the judiciary requested the appointment of additional judges and the responses to that correspondence from 2019 to 14 July 2021. Copies of all correspondence between the Government/Minister for Justice and members of the judiciary between 2019 and 14 July 2021 on altering the judges conditions of employment such as a proposal to: a) Increase the daily hours of sittings of courts from 4 ½ hours (10.30 to 4 less one hour for lunch) to 6 ½ hours (9.30 to 5 less one hour for lunch), and/or, b) Reducing the 41 day (excluding Saturdays and Sundays) summer holiday period (August and September) to bring it into line with the more usual summer break of 15 or 20 days (excluding Saturdays and Sundays) enjoyed by other servants of the State such as those employed in the Courts Service, and the responses to that correspondence.",Refused,13/09/2021
DOJ-FOI-2021-0485,Journalist,"All records of correspondence, including letters, email, telephone, between: 1. The Department of Justice and the family of a named Garda, from June 7 1996 to 21 July 2021. 2. The Department of Justice and Gardaí, from June 7 1996 to 21 July 2021. 3. Ministers for Justice and Gardaí, from June 7 1996 to 21 July 2021. 4. Ministers for Justice and the family of a named Garda, from June 7 1996 to 21 July 2021. Regarding the investigation into the fatal shooting of a named person.",Part Granted,13/09/2021
DOJ-FOI-2021-0553,Journalist,A copy of the assessment of the governance risk and control features of the Immigrant investor Programme which was recently submitted to the Department. All records of internal Departmental discussion of the same. The records should include but not be limited to any e-mails and any attachments therein and mobile phone text messages including any messages via WhatsApp.,Refused,13/09/2021
DOJ-FOI-2020-0610,Other,Any records relating to speed limits and enforcement of speed limits created between 1 January 2019 and 31 August 2020 inclusive.,Refused,15/09/2021
DOJ-FOI-2021-0449,Other,Records created on or after 1 January 2021 relating to a complaint made by a female criminal defence solicitor following an alleged incident at Cloverhill Prison where the solicitor was denied entry to see a client seeking bail because she was setting off a security scan alarm. To include any correspondence to or from the solicitor correspondence to or from the Irish Prison Service and any documents showing the internal Departmental consideration of the matter.,Part Granted,15/09/2021
DOJ-FOI-2021-0455,Other,"1. Copies of records of statistics of the number of proposals under Section 3(3) of the Immigration Act 1999 (the “1999 Act”) that has the Minister for Justice (the “Minister”) has issued since 1 January 2016, up to 6 July 2021. 2. Copies of records of statistics of the number of applications for humanitarian leave to remain (as it is commonly called) under Section 3(4)(a) of the 1999 Act that have been made since 1January 2016, up to 6 July 2021. 3. Copies of records of statistics of the number of people that have opted for voluntary departure under Section 3(4)(b) of the 1999 Act since 1 January 2016, up to 6 July 2021. 4. Copies of records of statistics of the number of people who have consented to the making of a deportation order under Section 3(4)(c) of the 1999 Act since 1 January 2016, up to 6 July 2021. 5. Copies of records of statistics of the number of deportation orders that have been made by the Minister under Section 3 of the 1999 Act since 1 January 2016, up to 6 July 2021.",Part Granted,15/09/2021
DOJ-FOI-2021-0512,Journalist,Copies of any representations received by the Minister of Justice from elected representatives on behalf of individuals serving custodial sentences in the period 1 January 2021 to 5 August 2021. A record of how many such representations were received in 2019 2020 and in 2021 to 05 August 2021.,Part Granted,15/09/2021
DOJ-FOI-2020-0589,Journalist,All internal correspondence - including briefing notes reports and emails - regarding a dedicated unit for victims of sexual exploitation living in Direct Provision dated between January 2020 and 31 August 2020. This should include internal IPAS emails emails between IPAS and named organisations.,Part Grant,21/09/2021
DOJ-FOI-2021-0513,Other,The amount that the Department of Justice spent on external security personnel at the Garda National Immigration office Dublin 2 in the years of 2019 2020 and to 05 August 2021 in tabular form. The name of the security company that was awarded the contract to provide security personnel to Garda National Immigration Bureau office in Dublin 2; when this contract is due to expire. The number of staff by grade employed by the Department of Justice working in the Garda National Immigration Bureau office in Dublin 2 as of 3 August 2021.,Part Granted,21/09/2021
DOJ-FOI-2021-0016,Journalist,All correspondence between the Chief International Protection Officer the Minister for Justice and the Department for Justice about applications for international protection during Covid-19 (from the period 1 March 2020-1 December 2020).,Refused,24/09/2021
DOJ-FOI-2021-0439,Journalist,Correspondence sent and received (including all attachments) between Tusla and the Department of Justice on the topic of safeguarding and governance issues at a named company between 1 September and 30 December 2020. Correspondence sent and received (including all attachments) between the Department of Justice and a named company on the topic of safeguarding and governance issues at the company between 1 September and 30 December 2020.,Part Granted,24/09/2021
DOJ-FOI-2021-0495,Clients,"Copies of records in respect of the Minister’s assessment under Section 72 of the International Protection Act 2015, specifically: 1. Copies of records of documentation used, relied upon, or otherwise referred to, by the Minister, for the purposes of Section 72(2), Section 72(3)(a) - (d), Section 72(4)(a) - (e), of the 2015 Act, concerning the countries designated as safe under the 2018 Order. 2. Copies of records of documentation used, relied upon, or otherwise referred to, by the Minister, for the purposes of reviewing the situation in the countries designated as safe under the 2018 Order. 3. Copies of the Minister’s notification(s) to the European Commission pursuant to Section 72(6) concerning the designation of certain countries as safe under the 2018 Order.",Granted,28/09/2021
DOJ-FOI-2021-0635,Journalist,Any correspondence and attachments between outside parties and Department officials that relate to the idea of setting up a land price register from 1 September 2020 to 9 September 2021.,Refused,28/09/2021
DOJ-FOI-2021-0497,Oireachtas / Public Reps,All correspondence between the Department’s Communications Unit and Office of the Government Chief Information Officer (in DPER) from October 2018 to 23 July 2021. All correspondence received by the Departments Communications Unit in relation to gov.ie. All records in relation to gov.ie at the level of Assistant Secretary level and above in the time period.,Part Granted,30/09/2021
DOJ-FOI-2021-0577,Journalist,A copy of all correspondence and memos within the Department of Justice that mention 'Travellers' in relation to the Youth Justice Strategy between 01 January 2021 and 15 April 2021.,Part Granted,30/09/2021
DOJ-FOI-2021-0613,Other,Any correspondence or documents relating directly to: Sexual Exploitation Research Project/SERP UCD since it was founded in 2017.,Part Granted,30/09/2021
DOJ-FOI-2021-0619,Journalist,A copy of the ten-year Accommodation Strategy for An Garda Síochána prepared in 2010 with the assistance of the OPW.,Part Granted,30/09/2021
DOJ-FOI-2021-0507,Other,All records held by the Department of Justice in relation to the transfer of responsibility for the Magdalene Laundries from the Department of Justice to the Department of Children Equality Disability Integration and Youth. This request covers the period from 2020 to 27 July 2021. All records held by the Department of Justice in relation to the transfer of records relating to the Magdalene Laundries from the Department of Justice to the Department of Children Equality Disability Integration and Youth. This request covers the period from 2020 to 27 July 2021.,Part Granted,04/10/2021
DOJ-FOI-2021-0581,Journalist,Any material held by the Department relating to the newly announced scheme to regularise the immigration status of undocumented migrants which gives an estimate or analysis of the likely number of undocumented migrants in the country and/or the number who may apply for the regularization scheme.,Refused,04/10/2021
DOJ-FOI-2021-0582,Journalist,Any correspondence regarding the newly announced scheme to regularise the immigration status of undocumented migrants including inter Departmental correspondences that discuss the potential impact of the regularization particularly with relation to rule of law and inward pull factors for migration.,Refused,04/10/2021
DOJ-FOI-2021-0601,Clients,All submissions to the 2020 consultation on setting the discount rate in personal injury cases as well as the recommendation made to the Minister on how to take the matter forward.,Part Granted,06/10/2021
DOJ-FOI-2021-0569,Journalist,I wish to request the following information and any files / records pertaining to the 'Request for Tender for Research Services Approaches to the Concept of Parental Alienation in Other Jurisdictions and Justice Action Plan action 76': • Who or what organisation is to provide the winning tender; • Any documentation regards the aforesaid winning tender; • How and when is the public consultations element of action 76 of the Justice Action Plan to be delivered i.e. Undertake research into the approaches to parental alienation taken by other jurisdictions including public consultations?,Part Granted,11/10/2021
DOJ-FOI-2021-0575,Other,All records in relation the appointment of the Deputy Commissioner and Head of Legal at the Data Protection Commission,Refused,11/10/2021
DOJ-FOI-2021-0648,Other,A breakdown of the €8.5 million which was set aside towards the upcoming Stardust Inquest. A breakdown of who and where the monies has been distributed up to now.,Refused,11/10/2021
DOJ-FOI-2021-0690,Other,Two documents relating to concerns of the Garda Representative bodies presented to Minister for Justice Mr Gerard Collins sometime between July and December 1977 by two leaders of the Garda Associations at the time.,Refused,11/10/2021
DOJ-FOI-2021-0669,Clients,All documents containing details of the provision of funding by the Department of Justice to the International Protection Appeals Tribunal since 2016. All documents containing requests for funding from the International Protection Appeals Tribunal to the Department of Justice since 2016 and all responses to 2016.,Refused,12/10/2021
DOJ-FOI-2021-0625,other,Copy of the 2019 internal audit report produced by the Department of Justice in respect of the Criminal Assets Bureau processes and procedures.,Refused,14/10/2021
DOJ-FOI-2020-0820,Other,A copy of your non-personal FOI log for 2020.,Refused,19/10/2021
DOJ-FOI-2021-0574,Clients,All correspondence received and/or sent by from a list of DOJ employees to the HSE on the 18th 19th & 20th March 2020.,Part Granted,19/10/2021
DOJ-FOI-2021-0622,Journalist,Records relating to spending by the Department on media advisers (including staff) PR companies PR training for staff/Ministers and other relevant expenses for public relations/media events from 1 March 2020.,Part Granted,20/10/2021
DOJ-FOI-2021-0640,Other,All correspondence between the Department of Justice and the Legal Aid Board regarding the Inquest into the Stardust Fire between and inclusive of the dates 23 November 2020 - 24 February 2021. All correspondence between the Department of Justice and the Legal Aid Board regarding the Inquest into the Stardust Fire between and inclusive of the dates 18 May 2021- 10 September 2021.,Part Granted,20/10/2021
DOJ-FOI-2021-0641,Other,"Copies of the following original correspondence, minutes and records on foot of the Freedom of Information Act 2014 from the Department of Justice in relation to all matters concerning the Stardust 1981 Disaster and their respective Appointments as follows: 1. All correspondence, minutes and records of communications between a named S.C. and the Department of Justice between December 2006 and January 2009, and 2. All correspondence, minutes and records of communications between named Senior counsels between December 2007 and January 2009 and all items copied to the Department of Justice, and 3. All correspondence, minutes and records of communications between named Senior Counsel and the Department of Justice between January 2008 and August 2009.",Part Granted,20/10/2021
DOJ-FOI-2021-0652,Journalist,Email correspondence between Vodafone Ireland and the Department regarding Vodafone's position on proposed EU Presidency proposed text on the NIS2 Directive. Between the dates 1 May and 31 August Detailed further on the lobbying register: https://www.lobbying.ie/return/74619/vodafone-ireland,Part Granted,20/10/2021
DOJ-FOI-2021-0698,Journalist,1. The number of inquests currently waiting to be opened in Dublin city. 2. The number of inquests currently which have been opened but are waiting to be heard in full in Dublin city. 3. The longest length of time currently since a person has died that an inquest has not yet been opened into their death. 4. The number of inquests which were waiting to be opened for the corresponding dates in 2020 2019 2018 2017 and 2016. 5. Letters of concern from relatives legal representatives or public representatives regarding the wait for inquests to be heard.,Part Granted,20/10/2021
DOJ-FOI-2021-0454,Other,Request for various statistics for different types of cases under the European Communities (Free Movement of Persons) Regulations 2015.,Part Granted,20/10/2021
DOJ-FOI-2021-0611,Journalist,"A list of guest speakers/motivational speakers hired during each of the years, 2019, 2020, and the first six months of 2021. Please include, the fee paid; where the event took place or if it was a virtual meeting; how long the event lasted; a copy of any presentation material received for the event – i.e. slide presentations, handouts, copy of speeches. A list of appearance fees paid for PR/promotional events guest appearances for each of the years, 2019, 2020, and the first six months 2021. Please include where the event took place or if it was a virtual meeting; how long the event lasted; a copy of any presentation material received for the event – i.e. slide presentations, handouts, copy of speeches.",Part Granted,26/10/2021
DOJ-FOI-2021-0637,Journalist,"The number of requests made to the State from other countries seeking legal assistance in criminal cases in 2015, 2016, 2017, 2018, 2019, and 2020. To include category of offences and country the request(s) for assistance were made to. The number of requests received by the State from other countries seeking legal assistance in criminal cases in the same years, to include category of offence and country the request(s) came from.",Granted,27/10/2021
DOJ-FOI-2021-0658,Journalist,The risk registers for the Department of Justice for 2020 and 2021.,Part Granted,27/10/2021
DOJ-FOI-2021-0623,Journalist,"• A list of all Irish enterprises that received investment through the Immigrant Investor Programme and how much each of these Irish enterprises have received; • A list of all investment funds that received investment through the Immigrant Investor Programme and how much each of these investment funds have received; • A list of all Real Estate Investment Funds that received investment through the Immigrant Investor Programme and how much each of these Real Estate Investment Funds have received; • A list of all arts, sports, health, cultural or educational projects that received an endowment through the Immigrant Investor Programme and how much each project has received.",Part Granted,28/10/2021
DOJ-FOI-2021-0456,Other,The number of applications for a certificate of naturalisation made pursuant to the Irish Nationality and Citizenship Act 1956 (as amended) have been received by the Minister for Justice since 1 January 2011 • The number of those certificates of naturalisation have been issued by the Minister since 1 January 2011 • The number of applications for a certificate of naturalisation have been refused since 1 January 2011 • The number of applications for a certificate of naturalisation remain pending for decision as of the 2 July 2021.,Part Granted,28/10/2021
DOJ-FOI-2021-0630,Clients,Any records in relation to asbestos in any of these buildings: Tallaght the old station; Bantry Co. Cork; and a temporary Garda station in Bridge Street Bantry.,Part Granted,02/11/2021
DOJ-FOI-2021-0687,Clients,The number of student visa that were issued for Dublin based courses for the years: 2014-2018.,Part Granted,02/11/2021
DOJ-FOI-2021-0748,Other,All the information relating to: • Youth crime policy and law in regards to shoplifting; • Financial spending plan for 2021; • Community projects to help prevent youth crime for 2021/2022.,Granted,02/11/2021
DOJ-FOI-2021-0589,Clients,"A complete breakdown of the total cost of the Independent Review Mechanism which was set up in regards to alleged Garda misconduct. 'Complete breakdown' meaning just that, what each Senior and Junior Counsel were paid per case including the five inquiry's which commenced after the Counsel's report. Also, a breakdown cost of each case which received a section 42 Garda Síochána Inquiry due to the outcome of this panel.",Granted,04/11/2021
DOJ-FOI-2021-0701,Journalist,1. Any internal memos or briefing documents the Department has produced in relation to anti-mask groups and protests during the period January 2021 to .11 October 2021. 2. Any correspondence the Department has received from anti vaccination/anti-lockdown groups during the same period. 3. Any correspondence between the Department and the Tánaiste/his Department regarding anti-lockdown/anti- vaccination protests during the same period.,Refused,15/11/2021
DOJ-FOI-2021-0749,Clients,All correspondence between Minister Stephen Donnelly and Ministers Helen McEntee and Heather Humphreys regarding the provision of national and international surrogacy between 1 January 2021 and 27 October 2021. All correspondence between Minister Stephen Donnelly and Ministers Helen McEntee and Heather Humphreys regarding the Assisted Human Reproduction Bill between 1 January 2021 and 27 October 2021.,Refused,15/11/2021
DOJ-FOI-2021-0802,Other,Minutes from meetings in relation to immigration policy from the period 1922- 1960s.,Refused,15/11/2021
DOJ-FOI-2021-0707,Other,All records papers submissions memoranda including all drafts thereof held by the Department of Justice relating to the granting of statutory consent by the Minister for Justice by letter dated 27 September 2021 to the Legal Aid Board pursuant to section 3(2) of the Civil Legal Aid Act 1995 to acquire a Leasehold Interest in premises at Railway Square Waterford.,Part Granted,16/11/2021
DOJ-FOI-2021-0720,Other,The full terms and conditions of the taxi contract that was tendered and awarded to the current taxi supplier to supply taxis to the Department of Justice.,Refused,23/11/2021
DOJ-FOI-2021-0552,Oireachtas / Public Reps,All information including correspondence (including text and WhatsApp messages) and documentation memos held by the Department regarding an event hosted by former Minister Katherine Zappone held in the Merrion Hotel on 21 July 2021.,Refused,24/11/2021
DOJ-FOI-2021-0556,Journalist,All correspondence between the Department of Health and the Department of Justice regarding the passenger locator forms covering the period 01 May 2020 to 01 May 2021.,Part Granted,24/11/2021
DOJ-FOI-2021-0660,Journalist,Copies of any correspondence between the Department and An Garda Síochána with regard to the introduction of drug testing for Garda officers. Copies of any briefings submissions reports memos or other such review/discussion documents prepared for the Minister or the Secretary General with regard to the introduction of the above. Both parts of this request to cover the period 1 January 2021 to 2 October 2021.,Part Granted,24/11/2021
DOJ-FOI-2021-0733,Other,Records as to who has been appointed by the Department of Justice to complete the Approaches to the concept of Parental Alienation in other jurisdictions research advertised here: http://www.justice.ie/en/JELR/RFT Approaches-to-the-concept-of- parental-alienation-in-other jurisdictions.pdf/Files/RFT-Approaches-to- the-concept-of-parental alienation-in-other-jurisdictions.pdf,Granted,24/11/2021
DOJ-FOI-2021-0413,Journalist,The amount of money spent in euros on advertising through paid-for or “sponsored” social media posts or campaigns with a breakdown by social media outlet and nature of advertisement in each of the years 2016 2017 2018 2019 2020 and to 24 June in 2021.,Granted,29/11/2021
DOJ-FOI-2021-0546,Journalist,1. Correspondence between the Director of the Central Mental Hospital and the Department of Justice; 2. Correspondence between the Department of Justice and the Department of Health in relation to the Central Mental Hospital; 3. Briefing documents and memos prepared for Justice Minister/Ministers of State in relation to the Central Mental Hospital.,Part Granted,29/11/2021
DOJ-FOI-2021-0758,Journalist,A breakdown of expenditure for the Criminal Legal Aid Scheme in Longford Roscommon Leitrim Cavan and Monaghan court cases from January 2021 to 1 November 2021. The amount in monetary terms paid out to legal firms covering the courts mentioned above over the same timeline of the year 2021 to 1 November 2021.,Part Granted,29/11/2021
DOJ-FOI-2021-0764,Clients,"The number of people refused leave to land in the State in accordance with s. 4 of the Immigration Act 2004 annually for the years 2017, 2018, 2019 and 2020; A breakdown of the nationalities involved.",Granted,29/11/2021
DOJ-FOI-2021-0807,Journalist,• A breakdown of expenditure for the Criminal Legal Aid Scheme in Leitrim court cases in 2020 and to 12 November in 2021. • A breakdown of expenditure for the Criminal Legal Aid Scheme in Longford court cases in 2020 and to 12 November in 2021. • A breakdown of expenditure for the Criminal Legal Aid Scheme in Roscommon court cases in 2020 and to 12 November in 2021. • A breakdown of expenditure for the Criminal Legal Aid Scheme in Cavan court cases in 2020 and to 12 November in 2021. • A breakdown of expenditure for the Criminal Legal Aid Scheme in Monaghan court cases in 2020 and to 12 November in 2021.,granted,29/11/2021
DOJ-FOI-2021-0679,Journalist,Please supply any correspondence regarding the appointment of a named District Court Judge with the Department of Justice between January 2017 and October 2021? Please supply copies of correspondence regarding complaints relating to a named Judge between these dates.,Part Granted,30/11/2021
DOJ-FOI-2021-0691,Journalist,Copies of all correspondence between the Department and the Judicial Council the Bar Council of Ireland and the Law Society regarding the specialist teaching/training for legal practitioners involved in sexual assault trials and in dealing with vulnerable witnesses. The correspondence period should cover 1 July 2020 to 5 October 2021.,Part Granted,30/11/2021
DOJ-FOI-2021-0751,Journalist,All correspondence with stakeholders in relation to the regulation of gambling received since the start of 2021 and any responses issued by the Department.,Part Granted,30/11/2021
DOJ-FOI-2021-0765,Journalist,"• A copy of the pre-budget submission from your Department to the Department of Finance ahead of Budget 2022. • A copy of any cover, explanatory or accompanying letters sent by the Minister or Secretary General of your Department along with the pre-budget submission. • A copy of any response received from the Department or from D/PER.",Part Granted,30/11/2021
DOJ-FOI-2021-0790,Journalist,Any correspondence/memos/briefings/submissions between FLAC and the Department/its Minister relating to the reform of civil legal aid from May 2021 until 2 November 2021.,Part Granted,30/11/2021
DOJ-FOI-2021-0752,Journalist,• Advertising spend of the Department from March 2020 to 20 October 2021. • Outline what proportion of this spend comprised of advertising related to Covid-19.,Granted,07/12/2021
DOJ-FOI-2021-0795,Journalist,Any correspondence received and sent in return by the Minister from the courts service or any individual on the matter referenced in this article. https://www.irishtimes.com/news/ireland/irish-news/garda-and- courts service-dispute-over-media-exclusion-from-sitting-deepens 1.4714387?fbclid=IwAR27UYFBCWRy ePZtwYu5p7vWn8HgyOyVjdwfLNUtrhiCGedW1mVoPLAMXQ,Part Granted,07/12/2021
DOJ-FOI-2021-0735,Other,Correspondence to and from the Department of Justice regarding the future of the former prison on Rathmore Road in Cork city since the prison closed in February 2016.,Part Granted,13/12/2021
DOJ-FOI-2021-0800,Other,"1. Outline the structure and titles of the roles within the Department’s Communications team. 2. The number and gender of Press officers/ Communications officers/ Media relations officers - who deal primarily with media queries, interview requests and issuing press releases 3. The number and gender of Social media coordinators/ officers/ digital coordinators - who are primarily responsible for Facebook, Twitter, Instagram content etc. 4. The number and gender of Communications/ Social media Team managers. 5. Provide a recent job description for each role within the Communications / Press / Social media team. 6. Provide the salary scales for each of these roles in line with current Government pay policy.",Granted,14/12/2021
DOJ-FOI-2021-0799,Journalist,All correspondence in relation to drink or injection ‘spiking’ and ‘date rape drugs’ in women from the period January 2021 to 8 November 2019. The request is for records to include – but not limited to: • Internal and external correspondence • Minutes of meetings • Notes or memos in relation to discussions or telephone calls. The time period for this request is January 2021 to 9 November 2021.,Part Granted,15/12/2021
DOJ-FOI-2021-0645,Journalist,Copies of all internal Departmental correspondence from 1 May 2019 to 23 September 2021 relating to work to complete the review of the Defamation Act 2009 its delivery to the Minister for Law Reform and the Minister for Justice and anticipated dates for its delivery to Cabinet and publication.,Part Granted,15/12/2021
DOJ-FOI-2021-0590,Clients,"1. Copies of any records held referring or relating to plans to expedite asylum or visa applications from Afghan citizens. 2. Copies of any briefings, submissions, memos, or other such overview/discussion documents prepared for the Minister with regard to the above and/or a decision by the Department of Justice to take in a certain number of refugees from Afghanistan. Both parts of this request to cover the period 1 August 2021 to 3 September 2021.",Part Granted,16/12/2021
DOJ-FOI-2021-0211,Clients,• All diary entries in your possession of meetings with the then Attorney General prior to the Minister's written request where she requested the JAAB to convene a meeting for recommending a person or persons for judicial office and details of all persons you were personally acquainted with prior to the appointment being made; • Copies of all correspondence to JAAB for such purpose; • Copies of all diary entries in relation to meetings where judicial appointments were discussed; • Copies of your Data and Privacy Policy in relation to data which came in to your possession and how you disposed of it; • Copies of all representations received by the Minister from people seeking appointment to judicial office. The period for which this information is being sought is limited to the period of Minister McEntee's tenure as Minister for Justice.,Part Granted,21/12/2021
DOJ-FOI-2021-0824,Journalist,The number of employees in the Department as of Monday 15 November 2021.,Granted,21/12/2021
DOJ-FOI-2021-0852,Other,Any actions if any by any of the Ministers of Justice to invoke section 42 of the Garda Síochána Act 2005 since the coming into operation of that section.,granted,21/12/2021
DOJ-FOI-2021-0853,Oireachtas / Public Reps,All internal and external communications between Department officials special advisors attached to the Minister for Justice and officials in the PQ office of the Houses of the Oireachtas regarding parliamentary questions 58139/21 and 58251/21.,Part Granted,21/12/2021
DOJ-FOI-2021-0809,Journalist,• Copies of all correspondence between the Department of Justice and An Garda Síochána since December 2020 regarding the establishment of a dedicated immigration unit at Dublin airport for foreign nationals who are refused leave to land in Ireland and are awaiting their return flight. • Copies of all correspondence between the Department of Justice and the Irish Prison service since December 2020 regarding the detention of foreign nationals in Irish prisons who are refused leave to land and awaiting a flight out of the country. • Copies of all correspondence between the Department of Justice and migrant support groups since December 2020 regarding the practice of detaining foreign nationals in Irish prisons who are refused leave to land and awaiting a flight out of the country. • Copies of all correspondence between the Department of Justice and the European Committee for the Prevention of Torture since December 2020 regarding the practice of detaining foreign nationals in Irish prisons who are refused leave to land and awaiting a flight out of the country.,Part Granted,23/12/2021
DOJ-FOI-2021-0692,Clients,All minutes and details of meetings between the Minister of Justice and her Ministers of State and An Garda Síochána for the months of August and September 2021 (or from August 2021 up until 7 October 2021).,Granted,31/12/2021
