FOI Reference,Category of Requester,Request,Decision Made,Date of Reply
156/001/2018,Journalist,"Copies of all records held by the Minister and the Department referencing the Church of Scientology and also referencing Narconon, Criminon, Drug‐Free World, Citizens Commission on Human Rights, The Way to Happiness, for the period January 2016 to 30 December 2017.",Part Grant,14/06/2018
156/002/2018,Others,"A copy of the following: Any and all correspondence, electronic mails, invoices, reports, draft reports, telephone communication, official documentation, statements, files, records (digital or in paper form), green and white papers, audits outsourced (if any) memorandums of understanding, planning applications, future acquisition of land and financial accounts (if any) to do with the construction of an Immigration Detention Centre which, according to ‘THE IRISH TIMES’, is to be built in or near the vicinity of Dublin Airport",Refused,23/01/2018
156/003/2018,Journalist,Details of the pension arrangements and/or lump sum of the former Secretary General Mr Noel Waters to include details of any added years or similar added to his service for the purpose of pension calculation.,Refused,31/01/2018
156/006/2018,Journalist,"All compensation payments made by the Department of Justice to Gardaí, prison officers, other staff and members of the public during the course of 2016 and 2017. Details of each payment and the nature of the compensation claim in each case.",Part Grant,28/02/2018
156/007/2018,Journalist,"All records of costs incurred by the Department relating to all Christmas parties/events in November 2017/December 2017. Copies of all invoices/itemised bills relating to same. All correspondence to staff/outside parties in relation to same. These records should include the time, venue and number of people in attendance in relation to all events.",Refused,13/03/2018
156/009/2018,Journalist,Copies of all correspondence between the Department and the Garda Commissioner/An Garda Síochána and the PSNI in relation to potential terror attacks on the island of Ireland (between 1 April 2017 and 5 January 2018) Copies of all correspondence between the Department and members of the public in relation to potential terror attacks on the island of Ireland (between 1 April 2017 and 5 January 2018) Copies of all correspondence between the Department and members of the public in relation to the potential radicalisation of people living in Ireland (between 1 January 2017 and 5 January 2018).,Part Grant,13/02/2018
156/014/2018,Journalist,The amount spent flying foreign nationals back to their native countries in each of the past five years. This would include the nationality and number of foreign nationals flown home each year. The number of foreigners deported by the State in each of the past five years. This would include the top ten countries of origin of those deported. The number of foreign nationals refused entry at Irish air and sea ports in each of the past five years.,Granted,13/08/2018
156/015/2018,Journalist,An update on the inquiry taking place into the death of named person in 1984 and any information that can be made public at this time.,Refused,29/01/2018
156/019/2018,Journalist,"Information about the cost of legal aid provided in the defence of any and all prosecutions brought relating to the Jobstown protest on 15 of November 2014 on the Fortunestown Road in Tallaght, Dublin 24. Specifically: The Children's Court 2016 prosecution of a minor (named person) The 2017 Dublin Circuit Criminal Court case against seven defendants The cost of legal aid provided to 11 defendants charged before the Dublin Circuit Criminal Court (charges were dropped against 10 of them in October 2017, and one was prosecuted for criminal damage today 18 January 2018",Granted,12/02/2018
156/021/2018,Journalist,Notes of the meeting between the Minister Charlie Flanagan and the Legal Services Regulatory Authority scheduled for last November.,Refused,21/02/2018
156/022/2018,Journalist,"All tender applications for the contract to provide/set‐up the passport 'eGates' at Dublin Airport, which were launched in November 30th 2017. This request would be for the successful tender application, and copies of the other bid submissions made for the contract.",Refused,12/03/2018
156/024/2018,Journalist,Details relating to all payments made under the Criminal Legal Aid Scheme during 2017 relating to proceedings before Limerick District Court during 2017.,Granted,09/02/2018
156/025/2018,Journalist,Details relating to all payments made under the Criminal Legal Aid Scheme during 2017 relating to proceedings before Limerick Circuit Court during 2017.,Granted,09/02/2018
156/026/2018,Journalist,"Any documents, including correspondence, memorandum, briefings, minutes or submissions, addressing potential constitutional or legal obstacles to carrying out the Government's plans to remove the so‐called Baptism barrier at Catholic schools.",Refused,25/01/2018
156/027/2018,Journalist,All of the information and correspondence held by the Department on two reports from the Garda Commissioner relating to the presence of UK police spies in Ireland.,Part Grant,09/03/2018
156/032/2018,Others,"A sound recording file of the 14 minute long telephone call between former Garda Commissioner Noirín O'Sullivan and former Minister for Justice and Equality, Frances Fitzgerald which occurred on the 15th of May, 2015. I would also like a transcript of the recording sent to this email address.",Refused,18/01/2018
156/033/2018,Others,"A list of all members of the Interdepartmental Taskforce on right to work for asylum seekers; and All documents pertaining to this taskforce including, but not limited to: Agendas of meetings, minutes of meetings, reports/memos prepared by each member of the task force for meetings; the final report of the taskforce.",Part Grant,20/02/2018
156/034/2018,Journalist,A copy of all correspondence between Minister Flanagan and Holocaust Education Trust Ireland in 2017 and 2018. Details of the correspondence is set out in the following lobbying return: https://www.lobbying.ie/return/23806/holocaust‐education‐trust‐ireland,Granted,07/02/2018
156/035/2018,Journalist,Copies of all correspondence between Department/Reception & Integration Agency and the Knockalisheen Accommodation Centre in the period 1 January 2017 and 17 January 2018 Copies of any records held by the Department /Reception & Integration Agency regarding an attempt by residents at Knockalisheen to hold a Christmas celebration in December 2017 (which was not permitted by the centre),Part Grant,21/02/2018
156/041/2018,Oireachtas / Public Reps,"A report provided to the Department on 26 July 2017 by An Garda Síochána into the events on the day of a protest in Jobstown, the subsequent investigation and court proceedings.",Part Grant,14/02/2018
156/042/2018,Others,"I refer to the enclosed minute from Department of Public Expenditure and Reform to the Secretary General, Department of Justice & Equality dated 28 September 2012 and I would be obliged to receive the following: All documents relating to any of the listed allowances as Classes of allowances to be abolished for new beneficiaries, where those allowances have either been abolished and reinstated or not abolished at all. The documents should include where necessary, the reason for reinstatement. Concerning Category 3 ‐ Allowances paid in An Garda Síochána ‐ Classes of allowances proposed to be abolished for new beneficiaries. I request all documentation touching upon the sanctioning of these proposals to be abolished and the reasons therein. As at (i) above, the documentation should include where those allowances have either been abolished and reinstated or not abolished at all. The documents should include where necessary, the reason for reinstatement. Concerning Priority list for elimination/review for current beneficiaries ‐ I would be obliged to receive all documentation concerning the elimination of allowances payable within your Department to current beneficiaries for the following allowances within An Garda Síochána: Clerical Allowance, Gaeltacht Allowance, Promotion Exam Grant, Transport Allowance, Change Management Allowance, Exam Bonus – Inspector, Bicycle, Aran Island. All documentation detailing the allowances your Department intended to prioritise for elimination/review for current recipients within An Garda Síochána only ‐ detailing the proposals, including timeframes for the completion of the process. Any and all documentation relating to consideration of your Department in abolishing allowances, pursuant to the Employment Equality Act 1998, as amended.",Part Grant,28/03/2018
156/043/2018,Journalist,"The number and list of all Bills enacted and which relate to matters for which the Minister has responsibility since 2011. The number of reports reviewing such legislation laid by the Minister before an Oireachtas committee since 2011 as required under Dáil Standing Orders 141A (now 164A). Drafts of all such reports which may have been commenced or prepared but not laid in the Dáil library. All internal memos, notes or guidelines held by your Department relating to compliance with Standing Order 164A (and its predecessor 141A in the 31st/32nd Dáil).",Part Grant,13/03/2018
156/045/2018,Journalist,Any and all correspondence between the Department and the Minister for Transport Shane Ross in relation to Stepaside Garda station since February 2016.,Part Grant,09/02/2018
156/046/2018,Journalist,Copies of correspondence to and from the Department and the Minister since 1 January 2017 in relation to the payment of enhanced fees (fees above the usual rate) to prosecution counsel and/or solicitors in criminal cases.,Refused,28/03/2018
156/047/2018,Business/ Interest Groups,"All documents relating to a consultation that was held in 2016 in Farmleigh House with, inter alia, representatives from the technology sector, and relating to the reform of Irish surveillance laws, including interception and data retention.",Part Grant,30/04/2018
DOJ‐FOI‐2018‐0003,Business/ Interest Groups,Log of non‐personal FOI requests for 2017.,Part Grant,28/03/2018
156/053/2018,Journalist,"Copies of records, including internal memos, Departmental notes, briefing documents, reports and correspondence with the Office of the Data Protection Commissioner dating back to 1 January 2017 relating to the adequacy of the resources, staffing and budget of the ODPC to deal with the provisions of the new General Data Protection Regulation.",Granted,09/03/2018
156/058/2018,Business/ Interest Groups,The number of transfer orders issued to international protection applicants for each of the years from 2006‐2018; The number of international protection applicants removed from the State on foot of a transfer order for each of the years from 2006‐2018; The number of international protection applicants who have been found to have come from the UK before applying for international protection in the state for each of the years form 2006‐2018; The number of Eurodac hits for international protection applicants in the State for each of the years from 2006‐2018; The number of Article 34 requests for information to the UK for each of the years from 2006‐2018.,Part Grant,26/02/2018
156/061/2018,Journalist,All records relating to this entry in the lobbying database: https://www.lobbying.ie/return/24302/microsoft‐ireland‐operations‐ltd,Part Grant,04/05/2018
156/063/2018,Oireachtas / Public Reps,Copy of the advice given by the AG to former Minister Frances Fitzgerald in relation to the setting up of a Commission of Investigation into the alleged cover up of sex crime by a named person.,Refused,02/02/2018
156/064/2018,Journalist,"The number of civilian immigration officers by grade and gender employed by the Department of Justice and Equality at Dublin Airport and Irish Naturalisation and Immigration Service, Dublin 2 as of 31 December 2015, 31 December 2016 and 31 December 2017 in tabular form.",Granted,28/02/2018
156/066/2018,Journalist,The transcripts of any complaints made to the Department in 2017 by residents and operators of Direct Provision centres.,Part Grant,15/08/2018
156/067/2018,Journalist,Records relating to the number of people residing in Direct Provision Centres despite having secured official status to remain in Ireland outside of the asylum process. The number of cases where the lack of alternative accommodation is cited as the reason for people continuing to reside in accommodation centres after securing status. Correspondence between the Reception and Integration Agency (RIA) and NGOs relating to the issue as outlined above.,Granted,25/04/2018
156/070/2018,Oireachtas / Public Reps,"All notes, records and memoranda in relation to meetings held between the Minister for Justice and Equality and An Garda Síochána in relation to the Emergency Response Unit and the Armed Support Unit from 1 January 2016 to 1 January 2018.",Refused,05/04/2018
156/072/2018,Journalist,All records held on consideration of the impact of the UK’s decision to leave the EU (Brexit) on extradition to and from this State.,Part Grant,18/05/2018
156/073/2018,Journalist,"The costs to the State of the Disclosures Tribunal in 2017. A breakdown of the various costs involved. In tabular format, the payments made to an individual (named counsel) for 2017 and for the month of January 2018.",Part Grant,09/03/2018
156/074/2018,Others,All records relating to or touching upon any and all applications for inclusion on the Interim List of Eligible Programmes (ILEP) or the Internationalisation Register made by named college to the Internationalisation Register made by named college to the Irish Naturalisation Service (INIS) from 2011 to 01 February 2018. All records relating to or touch upon any and all investigations and or/inspections of named college carried out by or on behalf of INIS from 2011 to 01 February 2018. All records relating to or touching upon any and all decisions to suspend named college from the ILEP or Internationalisation Register from 2013 to 01 February 2018.,Refused,26/03/2018
156/075/2018,Journalist,The overall amount received by Gardaí in retirement lump sum payments in 2017 and 2016. The top 20 amounts received by Gardaí last year in retirement lump sums and the county in which they operated and their rank.,Granted,12/02/2018
156/078/2018,Others,"All documents held on computer or in other electronic form concerning the selection of candidates for appointment as members of the Irish Human Rights and Equality Commission to fill vacancies caused by the conclusion of the Terms of Office of seven members of the commission (PAS campaign ID 1718702). This request covers all matters pertaining to the selection criteria for candidates, the preparation of advertising material, meetings minutes and notes of telephone conversations regarding the selection criteria and process inputs to description/bios of candidates and input to the selection of the interview board.",Granted,12/03/2018
156/080/2018,Journalist,The amount of money spent for years 2012 – 2017 on free legal aid in Ireland. A full list of earnings for solicitors and barristers for 2016 and 2017.,Granted,21/02/2018
156/082/2018,Journalist,"Correspondence between a named organisation and Minister Flanagan in October, 2017. Internal correspondence (from October to December, 2017) between the Minister and Department staff on a request for an increased grant from the named organisation.",Granted,09/02/2018
156/083/2018,Journalist,Correspondence between (sent and received) the Secretary General (or acting Secretary General) of the Department and An Garda Síochána in relation to Garda overtime between 1 November 2017 and 4 February 2018. Correspondence between (sent and received) the Secretary General (or acting Secretary General) of the Department and the Minister for Justice in relation to Garda overtime between 1 November 2017 and 4 February 2018.,Refused,13/03/2018
156/084/2018,Journalist,"The top ten awards made under the Garda Compensation Act in 2017. Details of the payments made in 2017 showing the type of injury sustained, the year the injury was sustained and the award in each case.",Part Grant,20/02/2018
156/085/2018,Others,"Please forward under the FOI Act all documents, files e mails and written notes etc. in relation to the determination and investigation carried out by the Department of Justice and Equality in 2015 relating to the contract for the construction project in D wing of Mountjoy Prison and the disqualification of a named company’s tender. Please advise of costs and payment method.",Granted,10/04/2018
156/087/2018,Journalist,A copy of the minutes of all meetings of the Parole Board during 2017.,Refused,15/02/2018
156/088/2018,Journalist,"Details of Volunteer Visa applications, for the last two calendar years 2016 and 2017, showing: The number of applications; The nationalities of the applicants; The reasons given by the applicants for applying; The sponsoring organisations; The number of successful applications; The number of applications rejected and the reasons why those applications were rejected.",Part Grant,17/04/2018
156/089/2018,Journalist,All transcripts of any complaints made to the Department in 2017 by residents and operators of Direct Provision centres.,Refused,07/03/2018
156/095/2018,Business/ Interest Groups,"The total number of persons issued with new permissions under the Atypical Working Scheme for Non‐EEA Crew in the Irish Fishing Fleet in 2016; The total number of persons issued with new permissions under the Atypical Working Scheme for Non‐EEA Crew in the Irish Fishing Fleet in 2017; The total number of persons issued with new permissions under the Atypical Working Scheme for Non‐EEA Crew in the Irish Fishing Fleet in 2018; The total number of persons having a permission under the Atypical Working Scheme for Non‐EEA Crew in the Irish Fishing Fleet renewed in 2016, 2017, 2018; The total number of pending applications for new permissions under the Atypical Working Scheme for Non‐EEA Crew in the Irish Fishing Fleet; The total number of pending applications for renewal of permission under the Atypical Working Scheme for Non‐EEA Crew in the Irish Fishing Fleet; The total number of applications under the Atypical Working Scheme for Non‐EEA Crew in the Irish Fishing Fleet to change employer made from 1 February 2016 to 07 February 2018; The total number of applications under the Atypical Working Scheme for Non‐EEA Crew in the Irish Fishing Fleet to change employer made from 1 February 2016 to 07 February 2018 which were granted by INIS; and The total number of persons formerly having permission under the Atypical Working Scheme for Non‐EEA Crew who have thereafter been granted a permission under the Administrative Immigration Arrangements for the Protection of Victims of Trafficking in Human Beings.",Granted,22/03/2018
156/096/2018,Journalist,Any records you may have of a named person who was granted lifelong anonymity in Britain and may have lived in Ireland for a period of time under his own name or an alias to protect his identity between 01 January 2017 and 31December 2017.,Refused,13/02/2018
156/099/2018,Oireachtas / Public Reps,"All internal and external correspondence, documents, recommendations and minutes of meetings held by the Department of Justice relating to the implementation of liquor licensing laws and monitoring of special exemption orders, from January 2010 to 12 February 2018. To include written and electronic communications.",Refused,16/03/2018
156/102/2018,Others,Any and all documentation regarding the agreement surrounding the cut‐off point of 1 October 1976 for eligibility for Pensions for An Garda Síochána. All documentation in relation to the decision to exclude those prior to the cut‐off date of 1 October 1976. All documentation in relation to any Exemptions to this cut‐off date of 1 October 1976 and specifically if a decision was made on the cut off criteria that if a member of An Garda Síochána had made full pension contribution that the cut‐off date of October 1976 would not apply. All documentation with any necessary redactions regarding the decision to grant a pension to a member of An Garda Síochána despite retiring prior to the cut‐off date of 1 October 1976.,Part Grant,26/03/2018
DOJ‐FOI‐2018‐0002,Journalist,Copies of all correspondence between your Department and the Office of the Information Commissioner relating to the Department's failure to deal with FOI requests in a timely and thorough fashion. This request to cover the period 1 January 2016 to 12 February 2018. The number of non‐personal FOI requests received by your Department in the period since 1 January 2017 to 12 February 2018 and the number of non‐personal FOI requests where the Department has sought a four‐week extension during the same period.,Part Grant,12/03/2018
156/104/2018,Journalist,"The total amount spent on private consultants by Cosc, between 2010 and 2017 inclusively, broken down by year, project, recipient and amount.",Granted,09/04/2018
156/108/2018,Journalist,"The following four internal audits conducted by the Department of Justice in 2017 into: Probation Service, National Disability Authority, Property Services Regulatory Authority, Private Security Authority",Part Grant,09/04/2018
156/111/2018,Journalist,"Copies of all correspondence between your Department and the National Archives relating to whether a copy of the transcript of the “Kerry Babies” tribunal would be given over for archival purposes. Copies of any representations received by the Department relating to the above. Copies of any submissions, briefing, memoranda, or recommendations prepared relating to decision not to give a transcript of the above to the National Archives.",Part Grant,09/05/2018
156/114/2018,Journalist,Copies of all certificates issued in 2017 under the provisions of section 8(4) of the National Archives Act. The schedule(s) of records supplied to the National Archives in 2017 under the provision of sections 5(2)(a) of the National Archives Regulations 1988.,Refused,28/02/2018
156/115/2018,Journalist,"Any documents pertaining to the number of Irish citizens (18+) resident in Ireland from 2010‐19 February 2018, the number of adults currently living in Ireland without citizenship, the total number of non‐citizens (18+) resident in Ireland for at least 5 years for the years 2010, 2011, 2012, 2013, 2014, 2015, 2016, 2017, 2018. Any documents containing the number of people born in the Republic since the enactment of the 2004 citizenship referendum, and of these, the number of those without citizenship. Any documents containing the number of citizenship requests recorded for the years 2010‐2018, and of which, how many were successful in their respective years. Any documents containing information regarding the duration of the application process, including the average time it takes to process an application, the shortest time, and the longest time to 19 February 2018. Any documents containing information of how many non‐citizens (18+) are currently living in Limerick City and County, the number of non‐citizens (18+) currently living in Dublin. Information pertaining to which county outside of Dublin has the largest and smallest numbers of non‐citizens (18+).",Part Grant,14/03/2018
156/116/2018,Journalist,"The number of staff from the Department as well as ministerial advisors that attended the launch of Ireland 2040 on February 16, 2018, in Sligo IT. How many of these staff stayed in Sligo either the night before or the night of the launch and the cost associated with this accommodation? The costs/expenses associated with travelling to the Sligo launch.",Refused,13/08/2018
156/117/2018,Journalist,All records from a named person concerning disabled autistic children.,Granted,22/02/2018
156/120/2018,Journalist,The minutes of all meetings of the Internet Safety Advisory Committee dating from 1 January 2013 to 21 February 2018.,Granted,10/04/2018
156/123/2018,Journalist,Records memos emails or reports carried out by the Coroner Dr. Marie Cassidy or any of her assistants in relation to the excavation at the site of the former Tuam mother and baby home.,Granted,05/03/2018
156/124/2018,Journalist,"Copies of any letters or emails between Microsoft Ireland and Minister for Justice Charles Flanagan & Department of Justice officials concerning the company’s “US Warrant Case”‐ the American legal action over accessing an email server in Dublin‐ dating from between 1 September, 2017 and 31 January, 2018. Copies of any briefing notes for meetings or minutes between the aforementioned parties between the same dates.",Part Grant,04/05/2018
156/125/2018,Journalist,All submissions received by the Department and/or ministers on the digital age of consent from the period 1 January 2017 to 21 February 2018.,Part Grant,15/06/2018
156/128/2018,Journalist,Copies of all correspondence between the Department and the National Archives relating to the handover of archival material relating to the phone tapping scandal of 1982.,Part Grant,15/03/2018
DOJ‐FOI‐2018‐0004,Others,The Archives Advisory Committee's reports minutes of its meetings and any other information relevant to the Committee's business.,Granted,03/07/2018
156/137/2018,Others,A copy of all complaints written by asylum‐seekers in the Abbeyfield Hotel emergency reception and orientation centre in Ballaghaderreen since 1 July 2017.,Granted,25/04/2018
156/138/2018,Journalist,"A list of all Department files (including file names and dates) which are 30 years or older, which have not been released for public view under the provisions of the National Archives Act, along with stated reason (e.g.; public interest, cause distress or danger to living persons, etc.) for their being withheld from public view.",Refused,04/05/2018
156/139/2018,Oireachtas / Public Reps,"All notes, records and memoranda in relation to meetings held between the Minister for Justice and Equality and the National Emergency Coordination Unit in preparation for the inclement weather that hit the country on 28February 2018.",Refused,08/03/2018
156/142/2018,Oireachtas / Public Reps,The review carried out by the INIS on the Immigrant Investor Programme completed in Q 3 2017.,Refused,21/05/2018
156/147/2018,Journalist,"All documentation and correspondence during 2017 and 05 March 2018 between the Minister of Justice / Irish Naturalisation and Immigration Service / Department officials and the UK Government in relation to the Common Travel Area. All documentation and correspondence in 2017 and 05 March 2018 between the Minister of Justice / Irish Naturalisation and Immigration Service / Department officials and the Garda Commissioner/ Garda National Immigration Bureau in relation to immigration enforcement, border control, and the Common Travel Area. All documentation and correspondence during 2017 and 05 March 2018 between the Minister of Justice / Department officials and the Northern Ireland Office in relation to immigration enforcement, border control, and the Common Travel Area.",Refused,24/05/2018
156/148/2018,Journalist,"A copy of all receipts and expense claims made by members of the Oireachtas, Government staff and public officials attending the National Emergency Co‐ordination Group.",Refused,14/03/2018
156/149/2018,Journalist,"Minutes/memos/emails arising out of the meeting between named company and Charlie Flanagan, Minister for Justice in relation to the Immigrant Investor Programme.",Refused,27/04/2018
156/150/2018,Journalist,Copies of minutes of all meetings held by the Government taskforce on Irish Refugee Protection Programme from 2015 to 07 March 2018.,Part Grant,27/04/2018
156/151/2018,Others,"The following information from the State Pathologist Dr. Marie Cassidy: Inquest report, Tests, Toxicology, Medical reports, Lab reports, Coroners’ notes and emails or any correspondence regarding the deaths of named people.",Refused,13/03/2018
156/161/2018,Journalist,A record of deaths resulting from suicide within direct provision centres for the period from 1 January2008 to 31 December 2017. Please breakdown the data by the counties where the deaths occurred.,Refused,04/04/2018
156/162/2018,Oireachtas / Public Reps,"A detailed breakdown, in tabular form, of all expenditure of the Disclosures Tribunal since its inception to 12 March 2018, including payments to counsel, tribunal staff, expenses, IT, specialist work etc.",Part Grant,04/04/2018
156/164/2018,Clients,"Details of the internal advice and estimate of the proportion of existing asylum seekers who would be able to find work under the conditions published on 9 February 2018 whereby the Government introduced a temporary interim measure for access to the labour market for international protection applications. Number of those in direct provision as at 31 December 2017 split by Gender, Adult/Child, Time in Direct Provision.",Part Grant,27/04/2018
156/166/2018,Others,"Correspondence from the National Women’s Council of Ireland (NWCI) to the Department of Justice and Equality from 1 September 2017 to 13 March 2018 in relation to the funding it receives from the Department and/or the upcoming Referendum in respect of the Eight Amendment of the Constitution, and correspondence from the Department to the NWCI in relation to same during the same time period.",Part Grant,10/05/2018
156/167/2018,Journalist,"Details concerning costings of RIA contracts in Longford re Richmond Court Hostel since its reopening in 2015. Details concerning complaints made by residents concerning accommodation and service provided there and if any similar episodes were made re threats to staff/abuse. Details concerning the allocation of additional resources set aside by the Department for the allocation of ten Syrian refugees to the county, if available at this juncture.",Part Grant,11/04/2018
156/168/2018,Journalist,"Records pertaining to the immigrant investor programme, specifically: Correspondence between Department of Justice and other Government Departments or agencies on the addition or removal of investment categories from the list since the scheme’s inception. Records of decisions by Department of Justice to include or remove investment categories, including supporting documents. Records relating to decisions of the evaluation committee on approving projects. Records that show the projects approved by the committee and the nature of the approved projects.",Refused,27/04/2018
156/169/2018,Journalist,"Copies of all interactions (correspondence, minutes of meetings, WhatsApp messages etc.) between members of the Legal Services Regulatory Authority and the Department from 6 November 2017 to 14 March 2018.",Granted,21/05/2018
156/170/2018,Journalist,"All correspondence with Microsoft, agendas for meetings, minutes of minutes, briefing notes prepared for Minister in advance of meetings, briefing notes for officials/advisors in advance of meetings that relate to the following engagements with Microsoft: https://www.lobbying.ie/return/12877/microsoft‐ireland‐operations‐ltd, https://www.lobbying.ie/return/21425/microsoft‐ireland‐operations‐ltd, https://www.lobbying.ie/return/24302/microsoft‐ireland‐operations‐ltd. All correspondence, agenda for meetings, minutes of meetings, briefing notes prepared for meetings with Microsoft since 1 January 2018.",Part Grant,08/05/2018
156/173/2018,Others,Records relating to: How much is spent on legal aid for trials in Dublin. How much is spent on legal aid for trials in Ireland. How much is spent on legal aid for re offenders.,Part Grant,20/04/2018
DOJ‐FOI‐2018‐0007,Journalist,"Any correspondence between An Garda Síochána and the Department of Justice and Equality seeking funding for the purchase of replacement aircrafts within the Garda Air Support Unit in the years 2016, 2017 and 14 March 2018. Any correspondence between An Garda Síochána and the Department of Justice and Equality seeking funding for the purchase of replacement boats within the Garda Water Unit in the years 2016, 2017 and 14 March 2018. Any correspondence between An Garda Síochána and the Department of Justice and Equality seeking funding for the purchase of additional vehicles for the fleet in the years 2017 and 14 March 2018.",Part Grant,07/06/2018
156/176/2018,Business/ Interest Groups,"Re: Civil Law (Miscellaneous Provisions) Act 2008 – No. 14 of 2008. All correspondence and notes of meetings and telephone calls as appropriate between representatives of the Law Society of Ireland and the Bar Council and the Department of Justice & Equality from the commencement of the publication of the 2008 Bill to its enactment. Please ensure the documentation includes correspondence and debates in the house, if any, including any amendments and debates of the Bill in Seanad Eireann.",Refused,10/05/2018
156/179/2018,Journalist,"All correspondence between Minister David Stanton’s office and private individuals, businesses, state agencies, government figures and any other stakeholders regarding future legislation regulating the gambling industry, dating back to January 1, 2017. This would include, but not be excluded to, the use of fixed odds betting terminals, fruit machines, gambling apps and taxation of the industry.",Part Grant,12/06/2018
156/180/2018,Journalist,Copies of all submissions/lobbying on the recently published Data Protection Bill. Please include memos or any meetings with external parties about the bill’s contents.,Part Grant,29/06/2018
DOJ‐FOI‐2018‐0009,Journalist,The number of non‐personal FOI requests received by your Department in the period since 1 January 2018 to 21 March 2018 and the number of non‐personal FOI requests where the Department has sought a four‐week extension during the same period.,Granted,23/04/2018
156/181/2018,Journalist,A copy of a Garda report on the operation of the Go Safe traffic cameras as requested by the Minister for Justice in 2014.,Granted,25/04/2018
DOJ‐FOI‐2018‐0012,Journalist,"Copies of any correspondence between your Department and the Information Commissioner where they offered advice, training, guidance on the Department fulfilling its requirements under the FOI Act 2014. Copies of any correspondence between your Department and the Information Commissioner regarding the problem of deemed refusals at both stages under the FOI Act 2014.",Part Grant,16/05/2018
156/183/2018,Journalist,"All correspondence between Department officials and the European Commission regarding section 42 (section 43 now, following amendments) of the Data Protection Bill 2018, between 1 January 2018 and 21 March 2018. All correspondence between Minister Flanagan and the European Commission regarding section 42 (section 43 now, following amendments) of the Data Protection Bill 2018, between 1 January 2018 and 21 March 2018.",Refused,29/05/2018
156/184/2018,Journalist,"A copy of a report prepared by or on behalf of the Garda Commissioner in relation to a Garda Internal Audit Service report dealing with payments to the IT Consultancy Accenture; and all related documentation between the Department of Justice, An Garda Síochána, and the Department of the Taoiseach regarding this issue, from 1 October 2017 to 24 March 2018.",Part Grant,12/07/2018
156/185/2018,Journalist,"Any documents pertaining to the Firearms Consultation Panel submitted to the Department by a named organisation, currently a member of said Panel, on or about 23 March 2018.",Refused,22/05/2018
156/186/2018,Journalist,"Records of concerns raised about the Russian embassy, diplomats or agents acting in Ireland. Contact to or from the Minister’s Office in relation to Russian activities in Ireland. Documents relating to or referencing Russian intelligence activity in Ireland. The timeline is from January 2012 26 March 2018.",Refused,25/04/2018
156/188/2018,Journalist,"All briefing material prepared by the Department of Justice, from 15 June 2017 to 27 March 2018, in relation to the Supreme Court ruling last June that the first marriage of a Lebanese man with two wives can be recognised under Irish law. Any communications between the Department of Justice and the Irish Human Rights and Equality Commission in relation to this case, from June 15 2017 to 27 March 2018.",Part Grant,15/06/2018
156/190/2018,Journalist,Copies of all records referring to the decision to publish a report entitled Report in relation to alleged activities of UK police officer to the Departmental website on 27 March 2018.,Part Grant,07/06/2018
156/191/2018,Others,A copy of correspondence issued by the National Women’s Council of Ireland (NWCI) to the Department of Justice and Equality in relation to the funding it receives from the Department and / or the upcoming Referendum in respect of the Eight Amendment of the Constitution and which was referred to in an article in The Irish Times on March 12th or 13th 2018.,Part Grant,21/05/2018
DOJ‐FOI‐2018‐0014,Journalist,"All documents, memorandum and relevant material, including correspondence with other agencies and Departments, in relation to a proposed public relations strategy based on Garda crime statistics. The period under which I wish to request this data is from 1 June 2017 to 27 March 2018.",Part Grant,05/06/2018
156/194/2018,Others,All minutes form the sub‐group/committee of the Firearms Consultative Panel (FCP) tasked with firearms dealers’ security. Please provide the estimated cost of obtaining this information prior to commencement.,Granted,15/06/2018
156/197/2018,Journalist,Copies of all refused expense claims and any related correspondence to the refused claim.,Refused,12/04/2018
156/202/2018,Others,"Records of payments made to the Institute of International and European Affairs (IIEA) for the calendar years 2015, 2016, 2017 and any payments made thus far in 2018.",Granted,17/05/2018
156/203/2018,Journalist,"A record of all correspondence, letters, emails, briefing documents and phone calls to and from Minister’s office with named company. A record of all correspondence, letters, emails, briefing documents and phone calls to and from Minister of States’ office with named company. A record of briefing documents prepared for the Ministers about named company. Minutes and notes from meetings members of the Department, including but not limited to the ministers and junior Ministers, had with named company representatives. A record of all staff at the Department, Ministers and Ministers of State who have received guidance or training from named company regarding the management of Government, Ministerial and personal named company accounts.",Part Grant,23/05/2018
156/204/2018,Others,"The total evaluation, all outlays, and expenses incurred through the McCartan Assessment of the Stardust Disaster.",Granted,16/04/2018
DOJ‐FOI‐2018‐0017,Journalist,"A list of all reports, studies or consultations commissioned by the Department from external consultants or other professionals for the years 2015, 2016 and 2017. Title and description of each report, name of consultant/consultancy, dates they were started and completed and whether they were published/made public or not. Please included the costs of each.",Granted,25/05/2018
156/227/2018,Journalist,"A record or all correspondence to and from the Minister’s office in reference to the Kerry Babies case. A record of all briefing documents, memos, reports and draft reports prepared for the Minister about the Kerry Babies case. A record of all speeches, draft speeches, notes and documents linked to the Taoiseach’s apology on the back of the Kerry Babies case.",Part Grant,12/07/2018
156/239/2018,Journalist,"How much money has the Department spent on air travel between January 2016 and December 2017? Please specify breakdown of spend with specific airlines. Does the Department collect or accumulate air miles/ credits from frequent flier programmes on flights booked and paid for by the Department or do staff members travelling collect their air miles/ credits personally ? How are the benefits of the air miles/ credits used by the Department? Are staff permitted to use accumulated air miles for personal travel or to purchase items from frequent flier programmes? If staff are permitted to use air miles for personal travel, does the Department treat this as benefit in kind?",Part Grant,02/05/2018
156/242/2018,journalist,All correspondence between the Department of Justice and the Disclosures Tribunal where the Tribunal requested information to be provided to it by the Department between February 2017 and April 2018.,Refused,30/04/2018
156/243/2018,Others,Evidence pre transcript 429 of the hearings of the Morris Tribunal.,Refused,01/05/2018
156/252/2018,Journalist,A breakdown of all staff in the Department by grade and gender.,Granted,24/05/2018
156/257/2018,Journalist,"A list of all staff, Ministers, spouses, or partners who travelled abroad for St. Patrick’s Day 2018 on official Departmental business. A table of costs associated with their travel to include flights, hotel, transport, entertainment, gifts, dining, subsistence, and all other related expenditure. Copies of the actual invoices/receipts relating to all of the above.",Part Grant,29/08/2018
DOJ‐FOI‐2018‐0022,Journalist,"The number of certificates of naturalisation that were granted to US Citizens, Australian Citizens, South African Citizens, Chinese Citizens by Irish Naturalisation and Immigration Service in the years 2015, 2016, 2017 and to 25 April 2018 in tabular form.",Granted,17/05/2018
156/259/2018,Journalist,"What legal fees were paid to the legal representatives of a named person on foot of the awarding of legal representation to him by a named judge from 2010 ‐ 2013 or later? (Legal fees paid from Department funds). What expenses were paid to a named person in relation to his engagement with the Tribunal at any time? What meetings were held with a named person in this country or another, or his representatives, by any members of the Department of Justice and Equality, or law agents or officials, acting on behalf of the Irish State, the Department or the Government?",Part Grant,28/06/2018
156/260/2018,Others,The minutes of all sub‐group meetings which took place within the MacMahon working group process during 2014‐2015.,Part Grant,13/07/2018
156/261/2018,Others,Complete details of the full content of all standards used within SI 646/2017.,Refused,22/05/2018
DOJ‐FOI‐2018‐0026,Journalist,The amount of money paid by the Department to consultancy companies since 2014 and a breakdown of that spend by year and company.,Granted,11/07/2018
156/270/2018,Journalist,"A copy of all correspondence between the following companies and the Department of Justice from 1 June 2017 to 27 April 2018, relating to issues with citizenship applications. Companies include: Facebook, Google, Airbnb, Indeed.com, Dell, Microsoft, Twitter, Amazon, eBay.",Refused,25/05/2018
156/273/2018,Others,"Details of all meetings held by Mr. David Stanton Minister of State in relation to the Betting Act 1931, the Gaming and Lotteries Act 1956, the Gambling Control Bill 2013 and the Courts and Civil Law (Miscellaneous Provisions) Bill since his appointment as Minister of State. The name of any organisations or individuals whom the Minister of State met with and when the meeting took place.",Granted,27/06/2018
156/274/2018,Journalist,A copy of Minister Charlie Flanagan’s diary from 1 January 2018 to the 30 April 2018.,Part Grant,28/08/2018
156/276/2018,Journalist,"All records, correspondence (sent and received), from the Criminal Law Reform Division in relation to identified issues, problems, implementation, or recommended changes to the Road Traffic Act 2016, between 1 August 2017 and 1 May 2018.",Refused,24/05/2018
156/277/2018,Journalist,The business case for GSOC referred to by Minister Charlie Flanagan at the Justice Committee on 18 April 2018.,Refused,16/05/2018
156/278/2018,Journalist,Correspondence with multinational companies which have a presence in Ireland in relation to the Data Protection Bill 2018. Internal correspondence concerning the Bill and the affect it might have on named company operating in Ireland.,Refused,08/06/2018
156/279/2018,Journalist,The letter referred to in this entry in the lobbying database https://www.lobbying.ie/return/26298/irish‐council‐of‐churches,Granted,07/06/2018
156/280/2018,Journalist,Correspondences in relation to Caroline Murphy's appointment as special adviser to include all correspondence between the Department and the Department of Finance and Department of Public Expenditure and Reform.,Granted,12/07/2018
DOJ‐FOI‐2018‐0030,Others,A list of solicitors who practice “criminal law” under the new Mediation Act 2017.,Refused,23/05/2018
156/282/2018,Journalist,"All communications (letter and electronic) to and from the Minister for Justice in relation to female genital mutilation (FGM) in the following period: 1 February 2018 to 30 April 2018. Any submissions or correspondence received by the Department in relation to incoming FGM legislation/Criminal Justice FGM Act 2012, from 1 January 2010 to 30 September 2012 and the Department’s response, if issued.",Part Grant,24/05/2018
156/284/2018,Journalist,Copies of all meetings held by the Government taskforce on Irish Refugee Protection Programme from 2015 to 05 May 2018.,Part Grant,03/10/2018
156/287/2018,Journalist,"Copies of all correspondence between the Department and AGS regarding the PWC survey of 6,500 Garda members. Copies of any briefings, submissions, memoranda, speaking notes and so on prepared for Minister Flanagan relating to the report mentioned above.",Granted,06/06/2018
156/288/2018,Journalist,"Copies of any letters, emails, or text messages received by the Department from Shane Ross (or his Ministerial office or private office) related to the reopening of Stepaside Garda Station. Copies of any records held relating to representations made by Shane Ross (or his ministerial office or private office) regarding the reopening of Stepaside Garda Station.",Refused,06/06/2018
156/289/2018,Journalist,Details of how much has been spent on the development of the Blue Blindfold website by the Department of Justice. This figure to be broken down according to service provider and also services provided. Details of the numbers of unique visitors to the website in each of the months since it was set up. Details of the number of reports of incidents/concerns via the website since its establishment. The number of requests for awareness raising material made via the website. The number of downloads of training material from the website.,Part Grant,06/06/2018
156/291/2018,Business/ Interest Groups,"The total number of persons issued with new permissions under the Atypical Working Scheme for Non‐EEA Crew in the Irish Fishing Fleet in 2016, 2017, 2018; The total number of persons having a permission under the Atypical Working Scheme for Non‐EEA Crew in the Irish Fishing Fleet renewed in 2016, 2017, 2018; The total number of pending applications for new permissions under the Atypical Working Scheme for Non‐EEA Crew in the Irish Fishing Fleet; The total number of pending applications for renewal of permission under the Atypical Working Scheme for Non‐EEA Crew in the Irish Fishing Fleet; The total number of applications under the Atypical Working Scheme for Non‐EEA Crew in the Irish Fishing Fleet to change employer made from 1 February 2016 to 04 May 2018; The total number of applications under the Atypical Working Scheme for Non‐EEA Crew in the Irish Fishing Fleet to change employer made from 1 February 2016 to 04 May 2018 which were granted by INIS; and The total number of persons formerly having permission under the Atypical Working Scheme for Non‐EEA Crew who have thereafter been granted a permission under the Administrative Immigration Arrangements for the Protection of Victims of Trafficking in Human Beings.",Granted,11/07/2018
156/297/2018,Business/ Interest Groups,"The following records for the period 2014, 2015, 2016, 2017 & 2018: Breakdown of the total amount spent on ICT Equipment by the Department in each calendar year. Breakdown of the total amount spent on ICT Software by the Department in each calendar year. Breakdown of the total amount spent on ICT Services by the Department in each calendar year. The name and company details of each provider of ICT Equipment, Software or Services provided to the Department, and the value of each individual contract, and the duration of the contract. Breakdown of the total amount spent on training for Department staff or personnel on GDPR training or awareness, cyber security training or awareness, data protection training or awareness, and the names of the providers of this service.",Granted,12/06/2018
156/298/2018,Business/ Interest Groups,Copies of all communication received by the Department or Minister from the named newspaper or from members of the public relating to the named newspaper's keeping children online safe campaign (this would include communications relating to the Digital Age of Consent issue). This would include requests for comment from journalists to the Minister or staff operating on his behalf. This would also include letters or emails from members of the public. This would also include any petitions submitted. The names and details of any journalist or member of the public does not need to be provided and can be removed. Any responses issued do not need to be included. This is only for external communication sent in. The time period is 1 September 2017 to 30 April 2018.,Part Grant,17/07/2018
156/299/2018,Journalist,"Details of the full costs incurred to 14 May 2018 of the Commission on the Future of Policing in Ireland. The costs should include the fees and expenses paid to each of the members of the Commission since its establishment identified by name. Expenses could include ‐ but are not limited ‐to the cost of accommodation, flights, entertainment, gifts, taxis etc. The number of days (or full day equivalent) that the chairperson has claimed her daily rate of €750 per day since she took up the position and up to 14 May 2018. Details of the overall costs should include the number of administrative staff assigned to the Commission and details of their pay. I am seeking a detailed breakdown of the overall costs which would include details of expenditure including‐ but not limited to ‐ sums spent on IT equipment and support, tea, coffee and other refreshments for meeting, the hire of venues for meetings and any other sundry expenditure. Details of the number of meetings held by the Commission and their location.",Part Grant,24/07/2018
156/301/2018,Journalist,"Records of the mobile phone usage of the then‐Minister for Justice and Equality, Frances Fitzgerald TD, for the month of February 2017. The Minister's diary of events/engagements for February 2017.",Part Grant,09/08/2018
156/302/2018,Journalist,"All correspondence including any reports, business case proposals or assessments between GSOC chair Ms Justice Mary Ellen Ring and the Minister for Justice and/or the acting Secretary General of the Department covering the period from January 1st 2018 to 18 May 2018.",Refused,18/06/2018
156/303/2018,Journalist,"All correspondence between the Acting Secretary General of the Department, or which was sent or received on their behalf, and the Minister, including via the Minister’s Parliamentary Secretary; and any notes or minutes of meetings between the Secretary General and Minister covering the period of April 2018.",Part Grant,08/11/2018
156/304/2018,Journalist,"All correspondence (sent and received) between the Minister for Justice and any multinational companies on the digital age of consent in Ireland, between 1 January 2018 and 21 May 2018.",Refused,08/06/2018
156/306/2018,Business/ Interest Groups,Documents pertaining to all applications for removal orders made by GNIB in the last 3 years. Documents relating to all corresponding decisions of INIS on foot of such applications by GNIB. Documents relating to all corresponding decisions of the INIS Review panel (if the relevant person to be removed sought a review). All policy documents created by the Department of Justice relating to the EC (Free movement of workers) Regulations 2015.,Refused,31/05/2018
156/307/2018,Business/ Interest Groups,Documents pertaining to all applications for removal orders made by GNIB in the last 3 years. Documents relating to all corresponding decisions of INIS on foot of such applications by GNIB. Documents relating to all corresponding decisions of the INIS Review panel (if the relevant person to be removed sought a review). All policy documents created by the Department of Justice relating to the EC (Free movement of workers) Regulations 2015.,Refused,31/05/2018
156/308/2018,Journalist,"Copies of all correspondence between the Department of Justice and Equality and the Department of Public Expenditure and Reform and Social Protection on the following subjects: 1.The eGovernment Strategy, 2.Public Services Cards, 3.MyGovID. Copies of all internal correspondence within this Department relating to subjects listed above. The correspondence would comprise of ‐ letters, emails, faxes, copies of all documents enclosed with letters and attachments to emails. The correspondence is limited to items between 1 September2017 and 21 May 2018.",Part Grant,28/08/2018
DOJ‐FOI‐2018‐0039,Journalist,Copies of the Minister's diary dated 1 January 2018 to 21 May 2018.,Part Grant,17/10/2018
156/309/2018,Journalist,"A breakdown of the number of male staff employed by the Department and their pay grade, and a breakdown of the numbers of female staff employed by the Department and their pay grade, as of 31 December 2016, 31 December 2017 and 31 December 2018.",Granted,20/06/2018
156/310/2018,Journalist,Minutes / memos / briefings / correspondence arising out of the meeting between a named person on behalf of the IUA and Minister Flanagan. Details of the meeting are referred to in the following lobbying return: https://www.lobbying.ie/return/27684/irish‐universities‐association,Refused,20/06/2018
156/312/2018,Journalist,"All discussions and correspondence in relation to Thornton Hall for the period, 2017 to 21 May 2018. All records relating to the cost of its upkeep (security, maintenance etc.) for the same period, 2017 to 21 May 2018.",Part Grant,12/09/2018
156/314/2018,Journalist,"All records, memos, internal correspondence (sent and received) relating to the review of future restorative justice/redress schemes, between 1December, 2017 and 22 May, 2018. All records, memos, internal correspondence (sent and received) relating to the failings, problems, or flaws with the Magdalen redress scheme, between 1 December, 2017 and 22May, 2018.",Part Grant,28/06/2018
156/315/2018,Journalist,All correspondence between the Committee and the Minister for Justice Charlie Flanagan (sent and received) between 1 December 2017 and 10 May 2018. All correspondence between Minister Flanagan and Department officials in relation to correspondence or issues raised by the National Safeguarding Committee between 1 December 2017 and 10 May 2018. Any briefing notes prepared for Minister Flanagan in relation to any meetings held with a representative of the National Safeguarding Committee between 1 December 2017 and 10 May 2018.,Part Grant,03/08/2018
156/316/2018,Journalist,"All correspondence (sent and received) between the National Board for Safeguarding Children in the Catholic Church in Ireland and Assistant Secretary Peter Mullan between 1 December and 20 May. All correspondence (sent and received) between the Minister and Assistant Secretary Peter Mullan between 1 December and 20 May, in relation to the correspondence from the National Board for Safeguarding Children in the Catholic Church in Ireland.",Refused,21/06/2018
DOJ‐FOI‐2018‐0040,Journalist,The amount spent by the Department on Facebook advertisements in 2017. The amount spent by the Department on Facebook advertisements in the first 5 months of 2018. The amount spent by the Department on Google advertisements in 2017. The amount spent by the Department on Google advertisements in the first 5 months of 2018.,Granted,29/06/2018
156/326/2018,Journalist,Correspondence in 1998 between Department of Justice & Equality and the Superior Court Rules Committee in relation to Order 99 of the Rules of the Superior Courts.,Refused,22/08/2018
DOJ‐FOI‐2018‐0046,Journalist,"The total amount spent on public notices in print media outlets (newspapers or magazines) in 2017, and a listing of amounts paid to each media outlet. The total amount spent on public notices on digital media outlets in 2017, and a listing of amounts paid to each media outlet. The total amount spent on public notices on broadcast media outlets in 2017, a listing of amounts paid to each media outlet.",Refused,29/06/2018
156/337/2018,Oireachtas / Public Reps,All correspondence received from European and international bodies relating to the Judicial Appointments Commission Bill 2017.,Refused,28/06/2018
156/338/2018,Journalist,"Copies of any briefing, reports, submissions, memos, recommendations etc. prepared for Minister Flanagan relating to the introduction of a minimum twelve‐year sentence for life sentence prisoners.",Refused,05/09/2018
156/339/2018,Journalist,"Number of employees dismissed, including reason. Number of employees suspended, including reason. Number of complaints of bullying. Number of complaints of sexual harassment. During the course of 2016, 2017 and 2018.",Granted,03/07/2018
156/341/2018,Clients,"I would like to be furnished with copies of all correspondence sent/received by officials from this Department or the Minister(s) in relation to the Pope’s visit since 2016. This should include all correspondence including letters, emails etc. And it should include correspondence from members of the public as well as official representations.",Part Grant,24/08/2018
156/343/2018,Journalist,"Details of all expenses and fees claimed by members of the Commission on the Future of Policing in Ireland from 1 May 2017 until 31 May 2018, or as far up‐to‐date as possible. Insofar as possible, broken down as follows: 1. Name of member/position, 2. Breakdown of expenses to include mileage and subsistence; other transport; meals; miscellaneous (please explain individual cost if possible); 3. Credit card payments, 4. Overall amount of expenses per annum",Part Grant,30/07/2018
DOJ‐FOI‐2018‐0048,Journalist,"A copy of the review of FOI, data management, record keeping and related matters referenced in provided document.",Refused,23/08/2018
DOJ‐FOI‐2018‐0049,Journalist,"A copy of records showing in each of the following years; 2013, 2014, 2015, 2016, 2017 and 2018 how many FOI requests the Department has received and in how many of those cases the Department has requested a time extension of four weeks to answer the request.",Granted,03/07/2018
156/346/2018,Journalist,All correspondence to the Minister for Justice regarding the Judicial Appointments Commission Bill between the period 14 June 2017 and 5 June 2018. All correspondence between the Minister for Justice and Sinn Féin regarding the Judicial Appointments Commission Bill between the period 14 June 2017 and 5 June 2018. All correspondence between the Minister for Justice and the Minister for Transport regarding the Judicial Appointments Commission Bill between the period 14 June 2017 and 5 June 2018.,Part Grant,04/07/2018
156/350/2018,Journalist,Copies of all correspondence sent/received by officials from this Department or the Minister(s) in relation to smartphones or internet access for minors since 2016.,Part Grant,08/08/2018
156/354/2018,journalist,"A copy of the following internal audits completed within the Department between 1 May 2017 and 7 June 2018: Office of the Data Protection Commissioner, Charites Regulatory Authority, Garda Síochána Ombudsman’s Commission, AMIF",Part Grant,13/08/2018
156/356/2018,Journalist,"Re: Independent Culture Audit of An Garda Síochána: 1. Copies of all correspondence between the Department and AGS regarding the PWC survey of 6,500 Garda members (excluding records already released to me). 2. Copies of any briefings, submissions, memoranda, speaking notes and so on prepared for Minister Flanagan relating to the report mentioned above.",Part Grant,29/08/2018
DOJ‐FOI‐2018‐0054,Journalist,Copies of all records created since January 2012 relating to the underfunding of the Garda CyberCrime Bureau and concerns about the annual funding provided for that unit.,Refused,24/08/2018
DOJ‐FOI‐2018‐0058,Journalist,A list of all reports that have been compiled at State expense that have been sent to the Office of the Minister since the formation of the present Government in 2016.,Granted,15/09/2018
DOJ‐FOI‐2018‐0059,Oireachtas / Public Reps,Any completed application form for Grant Aid for a Community Based CCTV Scheme received by the Department from Limerick County Council since January 2017.,Refused,10/08/2018
DOJ‐FOI‐2018‐0060,Oireachtas / Public Reps,Any completed application form for Grant Aid for a Community Based CCTV Scheme received by the Department in relation to CCTV schemes in the villages of Duleek and Donore Co Meath.,Refused,10/08/2018
156/358/2018,Clients,"All records and details held in the Department in relation to any travel that was undertaken by members of the Department to the Web Summit in Lisbon last November. These to include, but not be limited to, the following: All costs in relation to air fares, including what class traveller; All costs in relation to hotel accommodation during the trip; All costs in relation to conference fees paid for attendees; The numbers of persons from the Department that attended; The names or Department positions of those persons who attended. Any further details relevant to the trip, for instance, per diems, expenses or subsistence claims submitted after the event in connection with Web Summit.",Refused,15/06/2018
156/366/2018,Journalist,All correspondence received from members of the judiciary (including from the Association of Judges of Ireland) and memos of any meetings with same concerning the Judicial Council Bill and/or the Judicial Appointments Commission Bill between 18 July 2017 and 15 June 2018.,Part Grant,09/08/2018
156/368/2018,Journalist,All of the documents held by the Department relating to legislating for automatic inquests for maternal deaths over the last year.,Part Grant,09/08/2018
156/369/2018,Journalist,"Copies of all complaints issued by the asylum seekers/refugees in the Abbeyfield Hotel Emergency Reception and Orientation Centre (Ballaghaderreen) since January 2018. Information on the planned closing date of the centre and whether it will remain open beyond December 2019, when the current contract expires.",Refused,05/10/2018
156/370/2018,Journalist,Copies of all complaints received by asylum seekers in the direct provision centres in a) Longford and b) Athlone this year.,Refused,05/10/2018
156/371/2018,Journalist,Purchase orders in relation to plastic cups cutlery and straws dated 2013 – 2018. These records should reflect both quantity of goods ordered and the amount paid.,Granted,08/08/2018
156/372/2018,Journalist,Copies of complaints made by residents or staff inside the direct provision centres around the country from January 2018 to 20 June 2018.,Refused,05/10/2018
156/373/2018,Others,"Copies of the annual returns to the Department of Justice and Equality of deaths reported, post‐mortems, and inquests held or pending for the years 2016 and 2017 by the Coroner for North Galway.",Part Grant,20/07/2018
156/375/2018,Journalist,How much money did the legal team prosecuting a named person earn during the course of the 87 day trial specifying how much each counsel (senior and junior) earned.,Refused,28/06/2018
156/376/2018,Others,Copies of all written submissions made to the Department of Justice in relation to the draft Mediation Bill.,Granted,25/07/2018
156/377/2018,Others,The amount spent ensuring that all systems and procedures were GDPR compliant ‐ please detail any spending made to ensure GDPR compliance to 21 June 2018. The amount spent on GDPR training to 21 June 2018.,Granted,20/07/2018
156/378/2018,Journalist,All records relating to the application for the licence to include all correspondence letters emails phone calls texts and any electronic communications relating to the operation of the event the safety issues site survey and risk assessment control measures associated with the licence application and any other supporting documentation.,Part Grant,18/07/2018
156/380/2018,Oireachtas / Public Reps,"All records, correspondence, briefings etc. relating to the consideration of granting a money message in relation to the Multi‐Party Actions Bill 2017.",Refused,23/07/2018
DOJ‐FOI‐2018‐0065,Others,"(1) Records created after 1 January 2017 related to new applications for Irish citizenship, or, in the alternative, the total number of people for whom applications for citizenship were received by the Irish Naturalisation and Immigration Service in 2017. (2) Records created after 1 January 2017 related to the approval of applications for Irish citizenship received between 1 January 2017 and 31 December 2017, or, in the alternative, the total number of people whose citizenship application in 2017 has been approved (up to June 2018). (3) Records created after 1 January 2017 related to the refusal of applications for Irish citizenship received after 1 January 2017, or, in the alternative, the total number of people whose citizenship application in 2017 has been refused (up to June 2018). (4) Records created after 1 January 2017 related to the granting of Irish citizenship in respect of applications for Irish citizenship received after 1 January 2017, or, in the alternative, the total number of people whose citizenship application in 2017 has been granted (up to June 2018). (5) Records created after 1 January 2017 related to Ministerial approval for the granting of Irish citizenship in respect of applications for Irish citizenship received after 1 January 2017, or, in the alternative, (a) the total number of people whose citizenship application in 2017 has been granted despite not meeting eligibility rules for citizenship (b) the total number of people whose citizenship application in 2017 has declined by the Minister despite meeting eligibility rules for citizenship.",Part Grant,09/08/2018
156/381/2018,Journalist,A copy of the recent submission from a named association and any internal discussion of same.,Refused,24/07/2018
156/382/2018,Business/ Interest Groups,All records held by the Department concerning the transposition of Directive 2012/13/EU of the European Parliament and of the Council of 22 May 2012 on the right to information in criminal proceedings.,Refused,18/07/2018
156/383/2018,Business/ Interest Groups,All records held by the Department concerning the transposition of Directive 2010/64/EU of the European Parliament and of the Council of 20 October 2010 on the right to interpretation and translation in criminal proceedings.,Refused,18/07/2018
156/384/2018,Others,"The number of visas applied for in Turkey between 1 January, 2007 and 30 December 2017 on an annual basis. Please provide the breakdown by mission/agency in Turkey. Fees collected annually in respect of visa applications during the same period by mission/agency.",Part Grant,13/08/2018
156/387/2018,Oireachtas / Public Reps,"A report into the policing and investigation into the ‘Josbtown Protest’ which was presented to the Policing Authority by An Garda Síochána, and was discussed at a meeting of the body on 26 April 2018 (item 16 on the agenda) and on 22 March 2018 (item 12 on the agenda). Also any subsequent additions to the report which have been completed since then.",Refused,10/07/2018
156/391/2018,Journalist,"Copies of all letters of complaint sent from residents (or representatives for these residents) in the three EROC Centres ‐ Hazel Hotel, Monasterevin, Abbeyfield Hotel, Ballaghadereen and Clonea Strand Hotel, Dungarvan – to the Department of Justice regarding living conditions in the centres. Copies of correspondence sent from residents (or their representatives) in the three EROC Centres ‐ Hazel Hotel, Monasterevin, Abbeyfield Hotel, Ballaghadereen and Clonea Strand Hotel, Dungarvan – to the Department of Justice regarding requests to bring more family members to Ireland. Copies of all letters of complaint sent from residents (or their representatives) in the three EROC Centres ‐ Hazel Hotel, Monasterevin, Abbeyfield Hotel, Ballaghadereen and Clonea Strand Hotel, Dungarvan – to the Department of Justice regarding the wait for housing around the country and the location of this housing. Copies of any correspondence from EROC residents who applied for family reunification but have been rejected. I would like to request this correspondence for the time period between December 2015 and June 2018.",Granted,08/08/2018
156/392/2018,Journalist,"Copies of any submission, briefings, reports, memoranda or any other such explanatory documents prepared for Minister Flanagan or the Departmental Secretary General relating to the system for granting work visas to asylum seekers.",Part Grant,27/07/2018
156/399/2018,Journalist,"Access to records which outline how many residents of Knockalisheen, Co. Clare, Mount Trenchard, Foynes. Co. Limerick and Hanratty’s Accommodation Centre, Glenworth Street, Limerick, were transferred to another centre after making a complaint.",Refused,10/08/2018
156/400/2018,Journalist,"Access to records which outline how many residents of Knockalisheen, Co. Clare, Mount Trenchard, Foynes. Co. Limerick and Hanratty’s Accommodation Centre, Glenworth Street, Limerick, were transferred from another centre after making a complaint.",Refused,10/08/2018
156/401/2018,Journalist,Access to records of transfer requests from residents of Mount Trenchard Foynes Co. Limerick in 2018.,Refused,10/08/2018
156/403/2018,Journalist,The amount of money categorised as miscellaneous spending/miscellaneous expenditure by the Department for the calendar year 2017. A line by line breakdown from your financial system of all the items categorised as miscellaneous as per the above.,Refused,25/07/2018
156/404/2018,Journalist,Copies of any records held relating to the introduction and subsequent reversal of a smartphone ban at the Eyrepowell Hostel in Newbridge.,Part Grant,10/08/2018
156/405/2018,Journalist,Copies of correspondence from refugees to the Department of Justice who have been recently awarded international protection but are unable to secure housing outside direct provision. Also any responses from the Department of Justice to these complaints. Any complaints over refusals by landlords to lease a home to people who have been living in direct provision. Copies of correspondence between refugees and the Department of Justice re discrimination of people availing of the HAP scheme. Correspondence between Department of Justice and landlord representative groups regarding how to make hosing available to people leaving direct provision.,Refused,08/08/2018
156/406/2018,Journalist,Copies of all letters of complaint from foreign nationals applying/reapplying for visas or applying for GNIB cards regarding the online wait and backlog when trying to book an appointment at the INIS on Burgh Quay. Copies of all letters of complaint from foreign nationals applying/reapplying for visas or applying for GNIB cards regarding their interactions with staff at the INIS office on Burgh Quay. Copies of all correspondence between third level institutions and the Department of Justice/INIS regarding delays in securing study visas for students visiting Ireland from abroad.,Part Grant,06/09/2018
156/407/2018,Journalist,From 2012 to 29 August 2018‐ audits where Internal Audit outsourced to an external company.,Granted,10/08/2018
156/408/2018,Journalist,"1. The number of people who took part in the voluntary assistance return programme last year. 2. The amount of money that was spent on the scheme last year broken down according to flights, grants, etc. 3. A list of the countries to which participants returned last year. 4. An anonymised list of the small business grants awarded and the purposes for which they were used. 5. The top five countries to which participants returned and how many returned to each of those five.",Granted,05/09/2018
156/409/2018,Others,"Statistic of events (incidents, episodes, arrests or similar) originated since the implementation of the PNR tool per year. Considering the range of information that comprises the PNR, is there any statistic about which ones were most effective in generating security alerts?",Refused,10/08/2018
156/410/2018,Oireachtas / Public Reps,"All records (including electronic records) prior to 5 July 2018 (including date stamps and acknowledgement correspondence and filing records) showing the date on which the Department received the text (including draft text) of the Fourth Evaluation Round – Interim Compliance Report Ireland adopted by GRECO Council of Europe adopted 22 June 2018 (the “report of 22nd June 2018”) prior to its subsequent publication on 5 July 2018. All records in the Department relating to the consideration of the report of 22 June 2018 or any draft thereof following its receipt in the Department. All records in the Department relating to the furnishing of the report of 22 June 2018 to the Minister and/or Minister’s Office. All records in the Department relating to the receipt of and or/consideration by the Minister for Justice of the report of 22 June 2018, including all records as to whether the said report was seen by the Minister. All records in the Department indicating whether the report of 22 June 2018 or any draft thereof was circulated to other Ministers of Departments at any time up to and including 4 July 2018.",Granted,22/08/2018
156/412/2018,Journalist,"All emails and correspondence from and to the Minister in relation to the position of Garda Commissioner, including the possibility of Drew Harris or another outsider getting the post, from September 2017 to July 2018.",Part Grant,27/09/2018
156/414/2018,Journalist,Copies of any representations made to the Minister for Justice from January 2014 – 09 July 2018 in relation to any judicial appointments.,Refused,11/09/2018
DOJ‐FOI‐2018‐0068,Business/ Interest Groups,"The composition/membership of the committee of inquiry as referred to under section 19 of the Irish Nationality & Citizenship Act 1956, as amended. The number of cases referred by the Minister for Justice & Equality for the years 2016, 2017 and 2018. The number of inquiries concluded by the committee of inquiry. Any guidance/briefing notes provided to the committee of inquiry and its establishment.",Granted,01/09/2018
156/415/2018,Business/ Interest Groups,All correspondence to and from the European Commission with respect to Section 30 of the Data Protection Act 2018.,Granted,11/09/2018
156/417/2018,Others,The number of Vietnamese citizens granted a tourist visa to Ireland in the year 2017. The number of Vietnamese citizens granted a tourist visa to Ireland to 10 July 2018.,Granted,14/08/2018
156/420/2018,Journalist,Copies of all correspondence between members of the Executive as well as the General Secretaries of the Association of Garda Sergeants and Inspectors (AGSI) regarding pay negotiations from September 2016 to 21 July 2018.,Part Grant,13/08/2018
156/422/2018,Journalist,Information on grants from the Victims of Crime Office and the Commission to support the victims of crime since 2014 and a list of the current members of the Department’s Victims of Crime Office.,Granted,29/08/2018
DOJ‐FOI‐2018‐0071,Oireachtas / Public Reps,All completed application forms received by the Department of Justice for its Community‐based CCTV grant‐aid scheme since April 2017.,Refused,10/08/2018
156/428/2018,Journalist,Copies of minutes from meetings of the Department of Justice and Equality interdepartmental working group on the possible implications of Brexit.,Refused,09/08/2018
156/429/2018,Journalist,"Documents, briefing notes for the Minister, and internal and external correspondence (sent and received) in relation to capacity within direct provision centres between January and 18 July 2018. Documents, briefing notes for the Minister, and internal and external correspondence (sent and received) in relation to individuals with leave to remain/subsidiary protection remaining in the direct provision system due to accommodation shortages between January and 18 July 2018. Documents, briefing notes for the Minister, and internal and external correspondence (sent and received) in relation to problems accepting refugees under relocation programmes due to shortage of space in the direct provision system between 1 January and 18 July 2018.",Granted,29/08/2018
156/430/2018,Journalist,"Copies of all interactions (correspondence, minutes of meetings, WhatsApp messages etc.) between staff of the LSRA and the Department from 6 November 2017 to 18 July 2018.",Part Grant,16/11/2018
156/431/2018,Journalist,"Copies of all documents (correspondence, minutes or memos of meetings, WhatsApp messages etc.) relating to interactions between members of the judiciary and the Department on matters connected to judicial appointments and the judicial council from 6 November 2017 to 18 July 2018.",Part Grant,07/09/2018
156/432/2018,Others,The number of staff employed in the Irish Naturalisation and Immigration Service of the Department of Justice and Equality.,Granted,23/08/2018
156/434/2018,Journalist,All correspondence between the Department of the Justice and Quest Labs between March and July 2018.,Refused,10/08/2018
156/435/2018,Journalist,All correspondence and records/minutes of meetings with the Licensed Amusement Association of Ireland and its representatives in relation to the Lotteries and Gaming Act since 2016.,Granted,29/08/2018
156/436/2018,Journalist,"Correspondence exchanged between the Chief Justice and the Minister in the Department of Justice, Charlie Flanagan in the time period 1 January to 30 May 2018. All records of meetings between the Chief Justice and the Minister for Justice in the same period.",Refused,29/08/2018
156/437/2018,Journalist,"All correspondence between INIS officials of assistant principal grade and higher and the Department of Employment Affairs and Social Protection regarding the creation of a hybrid EU Residence Permit/Public Services Card, dated between 1 September 2017 and 16 July 2018. All correspondence between INIS officials of assistant principal grade and higher and the Department of Foreign Affairs regarding the creation of a hybrid EU Residence Permit/Public Services Card, dated between 1 September 2017 and 16 July 2018. All internal correspondence involving INIS officials of assistant principal grade and higher regarding the legal costs involving the existing PSC contract with regard to the production of a hybrid EU Residence Permit/Public Services Card, dated between 1 September 2017 and 16 July 2018.",Granted,06/11/2018
156/441/2018,Oireachtas / Public Reps,"All information regarding the Justice for Magdalene ‘Dublin Honours Magdalene’ initiative. This information to include all data of logged phone calls; All personnel and organisations involved; Any grants that were given to the event; All application for funding of the event; All information as to the staffing of this event and Garda vetting; All correspondence and information between Dublin City Council, a named group, a named company and the Department of Justice, and Áras an Uachtarán; All information regarding representation made by Ministers, TDs, Department officials who were lobbied in relation to this event or who sought funding for this event; This information also to include all information regarding the visit of a named group to the former Magdalene Laundry Compound at Sean McDermott Street or Grace Park Road and also the visit to Áras An Uachtaráin; Further, all correspondence from the Lord Mayor’s office in and around this event; All information regarding liaison between DCC, a named group, the Department of Justice and Aran an Uachtaráin, the Department of Health and the Department of Education.",Granted,05/09/2018
156/443/2018,Journalist,All available correspondence relating to the closure of the EROC centre in Ballaghaderreen Co. Roscommon.,Refused,23/08/2018
156/444/2018,Journalist,Materials showing the cost of the prosecution teams in three stated trials in February 2013.,Refused,08/08/2018
156/445/2018,Journalist,Materials showing the cost of the defence teams used in the past ten years in provided cases.,Granted,05/09/2018
156/447/2018,Journalist,"Materials providing the total cost of free legal aid paid for the District and Circuit courts, Cork city and county, on an annual basis from 2010 to 26 July 2018.",Granted,11/09/2018
156/448/2018,Journalist,"Materials showing the list of solicitors and their practices in Cork city and county who have registered with the Criminal Legal Aid Scheme, and the top ten highest paid in 2010, 2011, 2012, 2013, 2014, 2015, 2016 and 2017 in Cork city or county.",Refused,12/09/2018
156/449/2018,Journalist,A list of all the headings/sub headings currently in use by the Department in its Chart of Accounts & General Ledger or whatever other financial management system is currently in place.,Granted,24/08/2018
156/450/2018,Journalist,Copies of all correspondence between the Department or bodies under its aegis and the operators of the Abbeyfield Hotel in the period 1 January 2017 to 26 July 2018. Copies of any records held discussing or explaining why the Department does not plan to renew its contract with the above hotel for the purposes of housing refugees.,Granted,28/08/2018
156/451/2018,Journalist,All correspondence between Ministers in the Department and Fine Gael political director between the period 14 June 2017 and 9 July 2018. All correspondence between Special Advisers in the Department and Fine Gael political director between the period 14 June 2017 and 9 July 2018.,Refused,31/07/2018
156/455/2018,Journalist,A copy of all submissions and correspondence to the Department regarding the Criminal Justice (Corruption Offences) Bill/Act 2017. A copy of all briefing memos to the Minister regarding the same piece of legislation.,Part Grant,19/10/2018
156/456/2018,Journalist,All records concerning the consideration of a scheme to deal with or regularise the situation of “aged‐out/timed‐out” students who have remained in the State after their education has come to an end. Please include records of the estimated numbers of students involved and any records indicating the likely cost of such a scheme.,Part Grant,14/12/2018
156/457/2018,Business/ Interest Groups,"The total number of persons issued with new permissions under the Atypical Working Scheme for Non‐EEA Crew in the Irish Fishing Fleet in 2016, 2017 and 2018; The total number of persons having a permission under the Atypical Working Scheme for Non‐EEA Crew in the Irish Fishing Fleet renewed in 2016, 2017 and 2018; The total number of pending applications for new permissions under the Atypical Working Scheme for Non‐EEA Crew in the Irish Fishing Fleet; The total number of pending applications for renewal of permission under the Atypical Working Scheme for Non‐EEA Crew in the Irish Fishing Fleet; The total number of applications under the Atypical Working Scheme for Non‐EEA Crew in the Irish Fishing Fleet to change employer made from 1 February 2016 to 01 August 2018; The total number of applications under the Atypical Working Scheme for Non‐EEA Crew in the Irish Fishing Fleet to change employer made from 1 February 2016 to 01 August 2018 which were granted by INIS; and The total number of persons formerly having permission under the Atypical Working Scheme for Non‐EEA Crew who have thereafter been granted a permission under the Administrative Immigration Arrangements for the Protection of Victims of Trafficking in Human Beings.",Granted,30/08/2018
156/461/2018,Journalist,"Copies of all records, to include files, letters, emails, briefing notes (including Departmental briefings), meeting minutes, relating to meetings and correspondence between Facebook Ireland Limited and Pat Breen or Department officials, as registered in this return: https://www.lobbying.ie/return/28783/facebook‐ireland‐limited.",Refused,23/08/2018
156/462/2018,Journalist,Minutes and notes from meetings members of the Department including but not limited to the Minister had with Dublin Airport Authority representatives.,Part Grant,11/09/2018
156/467/2018,Journalist,A copy of all the complaints that the Department of Justice has received in relation to the Abbeyfield Hotel Emergency Reception and Orientation Centre in Ballaghaderreen for 2017 and up to July 2018.,Part Grant,30/08/2018
156/468/2018,Journalist,A copy of all the complaints received from the Old Convent accommodation centre in 2017 and to end of July 2018.,Part Grant,09/10/2018
156/470/2018,Journalist,"All records of correspondence, memos, and other documentation from Monday 13 November 2017 to 06 August 2018 in relation to the appointment of a new Secretary General to the Department of Justice. All records of correspondence, memos and other documentation from Monday 13 November 2017 to 06 August 2018 that relate to decisions taken not to have an open competition process for the appointment of a new Secretary General of the Department of Justice. All records of applications or expressions of interest in the position of Secretary General of the Department of Justice from Monday 13 November to 06 August 2018.",Part Grant,05/09/2018
DOJ‐FOI‐2018‐0073,Journalist,"Records created after 1 January 2015 related to the exercise by the Minister for Justice of powers contained in section 19 of the Irish Nationality and Citizenship Act 1956, or, in the alternative, the number of citizens whose citizenship was revoked in (a) the 12 months of 2015 (b) the 12 months of 2016 (c) from 1 January 2017 to 28 November 2017 and (d) from 29 November 2017 to 09 August 2018.",Granted,11/09/2018
156/473/2018,Journalist,"A copy of the full memo/minutes of the meeting on 31 May between the AG's office, the Department of Justice and the Association of Judges of Ireland.",Refused,14/09/2018
156/474/2018,Journalist,All of the documents and correspondence held by the Department in relation to the Thornton Hall site since January 2015.,Part Grant,17/10/2018
156/475/2018,Journalist,Correspondence on the additional civilian staffing members required in the new Dublin Airport immigration unit including the numbers of translators and legal professionals needed on call and within the centre.,Refused,10/08/2018
156/479/2018,Journalist,"A list of all the payments made to solicitors or barristers (by name) in counties Roscommon, Leitrim and Longford this year as a result of criminal legal aid payments and information on the case each payment was made in relation to.",Refused,11/09/2018
156/483/2018,Business/ Interest Groups,"All correspondence relating to the Assisted Decision‐ Making (Capacity) Act 2015 and its interaction with the Consumer Protection Code 2012 (and any addendum thereto) in the period 1 January 2016 to 16 August 2018. All correspondence referring to the Act and whether all service providers should be considered “Interveners” (as defined in the Act) and/or whether Financial Professionals, as referred to in s.103(2)(xi) of the Act, should be considered Interveners, and/or referring to amending the Act to include Financial Professionals (or other service providers) as Interveners in the period 1 January 2016 to 16 August 2018. All correspondence referring to the code of practice for Financial Professionals (as referred to in s.103(2)(xi) of the Act in the period 1 January 2016 to 16 August 2018.",Part Grant,19/09/2018
156/486/2018,Journalist,Copies of the six records mentioned by the Information Commissioner that were considered out of scope in decision 170315.,Part Grant,20/09/2018
156/487/2018,Journalist,"Copies of any records held relating to FOI: 156/164/2017. This request is to include ( but is not limited to) all records discussing the handling of this request, correspondence between the Department and any other public body or individual with regard to the request, any records held relating to answer of media queries related to this request. This request to cover the period 11 March 2017 to 20 August 2018. Copies of any records held relating to Office of the Information Commissioner decision 170315 (on the same terms outlined above).",Part Grant,27/09/2018
156/488/2018,Journalist,"A copy of all correspondence to and from the Minister, briefing documents and memos regarding the number of people in Ireland’s prisons / growth in prison population and related management issues. The query should cover the period 1 January, 2018 to 20 August 2018.",Part Grant,19/09/2018
156/489/2018,Journalist,Copies of any briefings reports memoranda submissions or other such documents relating to concerns over an influx of asylum seekers and/or economic migrants as a result of Brexit.,Refused,11/09/2018
DOJ‐FOI‐2018‐0076,Journalist,"All records held by the Department, including the Minister's office, regarding the reopening of Stepaside Garda station from the period 1 January 2018 to 20 August 2018 inclusive. All records held by the Department regarding the construction of a modular station on the site of the former Stepaside Garda station from the period 1 January 2018 to 20 August 2018 inclusive. All correspondence between the Minister's office and the office of the Minister for Transport from the period 1 January 2018 to 20 August 2018 inclusive. All records related to the reopening of six Garda stations on a pilot basis from the period 1 January 2018 to 20 August 2018 inclusive.",Part Grant,13/11/2018
156/494/2018,Journalist,All communications between Department of Justice and a named person and her company from 1 May to 29 May 2015.,Part Grant,26/09/2018
156/495/2018,Journalist,"All communications between Frances Fitzgerald, Noel Waters, Ken O’Leary and a named person and her company from 1 May to 29 May 2015.",Granted,26/09/2018
156/498/2018,Journalist,"Copies of all letters of complaint sent from residents (or representatives for these residents) in the three EROC Centres ‐ Hazel Hotel, Monasterevin, Abbeyfield Hotel, Ballaghadereen and Clonea Strand Hotel, Dungarvan – to the Department of Justice regarding living conditions in the centres. Copies of correspondence sent from residents (or their representatives) in the three EROC Centres ‐ Hazel Hotel, Monasterevin, Abbeyfield Hotel, Ballaghadereen and Clonea Strand Hotel, Dungarvan – to the Department of Justice regarding requests to bring more family members to Ireland. Copies of all letters of complaint sent from residents (or their representatives) in the three EROC Centres ‐ Hazel Hotel, Monasterevin, Abbeyfield Hotel, Ballaghadereen and Clonea Strand Hotel, Dungarvan – to the Department of Justice regarding the wait for housing around the country and the location of this housing. For the time period between December 2015 to July 2018.",Part Grant,11/09/2018
156/499/2018,Journalist,"All records and details held in the Department in relation to the cost of preparing and publishing the Department’s annual reports. These to include, but not be limited to, the following: The specific cost paid for the compilation and presentation of the official report of the Department for the most recent calendar year? Copies of records relating to the costs of reports published for the past three consecutive years if applicable; 2017, 2016 and 2015? Additional and separately the costs for the publication of the reports in Irish? If the report was prepared out‐of‐house, who secured the contract for this project? Was the contract tendered if yes to above? Copies of records relating to any other costs associated with publications?",Part Grant,19/09/2018
156/501/2018,Journalist,Copies of any correspondence from residents in the three EROC centres (or their representatives) – Hazel Hotel Monasterevin Abbeyfield Hotel Ballaghaderreen and Clonea Strand Hotel Dungarvan – to the Irish Refugee Protection Programme who applied for family reunification but have been rejected for the time period between December 2015 to July 2018. I would also like to request any responses in this period from the IRPP.,Refused,17/10/2018
156/502/2018,Journalist,Copy of the most recent Compliance Statement provided to the Minister of Justice by the Director General of Forensic Science Ireland.,Granted,05/09/2018
156/503/2018,Journalist,"All correspondence between Forensic Science Ireland and the Department/Minister for Justice from 1 January 2018 to 23 August 2018, in relation to staffing. Any business case plan for additional resources, prepared by the FSI for the attention of the Department in 2018 to 23 August 2018.",Part Grant,27/09/2018
156/506/2018,journalist,"All records relating to payments made to a named person and or his legal representatives, relating to meetings with or attendance at, the Smithwick Tribunal from its setting up in 2005 to end of 2014. All records relating to payments made as expenses, fees or legal costs, to a named person aka witness 37 and or his legal representatives in relation to the Smithwick Tribunal from 2005 to end 2014.",Part Grant,31/10/2018
156/510/2018,Journalist,"I am seeking various audits carried out either by, or for, the Department of Justice. The list of those audits, which relate to the Criminal Assets Bureau, is below: 2014 ‐Criminal Assets Bureau audit. 2015 ‐ Criminal Assets Bureau audit. 2016 ‐ CAB – European Security Funds",Refused,26/09/2018
156/511/2018,Journalist,"Audits carried out either by, or for, the Department of Justice: 2017 ‐ Criminal Assets Bureau, 2017 ‐ Criminal Assets Bureau Receivership Fund, Audits Completed to Q2 2018 ‐ Criminal Assets Bureau, 2014 INIS Direct Provision Centres management audit, 2014 INIS Beijing Office audit, 2014 Irish Naturalisation and Immigration Service audit, 2015 INIS Stamp 4 review (jointly with An Garda Síochána Internal Audit), 2015 INIS Citizenship Division review of application processes, 2015 Irish Naturalisation and Immigration Service audit, 2017 INIS Income, Audits Completed to Q2 2018 Irish Naturalisation and Immigration Service",Part Grant,16/10/2018
156/512/2018,Journalist,The number of Deportation Orders issued by the Department of Justice between 1 January 2014 and 30 August 2018 with a monthly breakdown of each year's figure.,Granted,19/09/2018
156/514/2018,Others,The name of the Review Body and the name of the Act (or guideline) that Frances Fitzgerald introduced.,Granted,18/10/2018
DOJ‐FOI‐2018‐0078,Others,"Electronic copies of all policy and/or guidance to decision makers within INIS on deciding applications under Sections 15, 15A, 16 and 16A of the Irish Nationality and Citizenship Act.",Refused,27/09/2018
156/515/2018,Journalist,"Details and copies of all complaints received from residents of the St. Patricks RIA centre in Monaghan between 1 January and 1 September 2018. Details and copies of all complaints received from members of the public, other than residents, about the St. Patricks RIA centre in Monaghan between 1 January to 1 September and 2018.",Part Grant,25/10/2018
156/517/2018,Others,"Full detail relative to the passage of the Family Law Bill, 1994 through the Houses of the Oireachtas.",Refused,11/09/2018
156/518/2018,Others,Information on whether the Department of Justice has authorised additional less‐lethal firearms to be carried by members of An Garda Síochána and also have more modern less‐lethal firearms of the ones mention being authorised for carriage.,Part Grant,21/12/2018
156/521/2018,Others,"Information about the number of applications made and visas granted for the world meeting of families 2018, held by Irish catholic church from 22‐26 August 2018, which were submitted by Pakistani Christian applicants.",Refused,18/10/2018
156/522/2018,Journalist,A spreadsheet/database listing the full costs of any works undertaken by the Department/RIA at the Abbeyfield Hotel in Co. Roscommon. Also a list of items purchased as part of any development to include each item’s cost and a line description of it.,Refused,05/10/2018
156/523/2018,Journalist,"Copies of any invoices / receipts associated with the attendance by the Minister at a Gaeltacht during the Summer. This is to include (but not limited to) accommodation, course fees, mileage, subsistence or any claims made for subsistence / accommodation by Ministerial drivers.",Refused,12/09/2018
156/527/2018,Journalist,Copies of all documents related to concerns about cross‐ border policing after Brexit for the period 30 June 2017 to 30 June 2018.,Part Grant,12/10/2018
156/528/2018,Others,Copies of all correspondence in all formats between Muintir na Tire and the Department of Justice covering all aspect of programmes funded by the Department of Justice and managed by Muintir na Tire from 7 February 2018 to 10 September 2018 to include copies of all correspondence with any other Government Departments concerning Muintir na Tire and its activities.,Part Grant,01/11/2018
156/532/2018,Journalist,All correspondence and replies between Minister Charlie Flanagan and the Secretary General between 1 June 2018 and 12 September 2018. To include written and electronic correspondence including from personal email addresses.,Part Grant,03/12/2018
156/534/2018,Journalist,All submissions made to this review (Review of the Administration of Civil Justice).,Refused,25/09/2018
156/535/2018,Journalist,Records on complaints made to the Department of Justice / Minister relating to a named District Court Judge during the period 1 January 2017 to 14 September 2018.,Part Grant,21/12/2018
156/536/2018,Journalist,Copies of all correspondence between Ms Frances Fitzgerald TD (and/or her parliamentary staff and/or her legal team) and the Department of Justice in the period 1 June 2018 to 13 September 2018.,Part Grant,19/11/2018
156/539/2018,Journalist,"All advice to and inside the Department, including to and from the Minister, about people/groups or individuals occupying empty property in Ireland. This should include emails, any reports, advises over the last year as well as to or from any justice linked bodies or agencies.",Part Grant,01/11/2018
156/543/2018,Journalist,"Correspondence (sent and received, including attachments), memos, briefings, and minutes of meetings, between the Minister and named company in relation to the Immigrant Investor scheme, between 15 April and 15 September.",Refused,21/12/2018
156/544/2018,Journalist,The number of asylum seekers who have died in Ireland while in the direct provision system since it was established in the year 2000 up to September 2018. Could you break this down by: cause of death; county; accommodation centre; private contractor running accommodation centre; year; whether there was a coroner’s report/inquest.,Refused,24/09/2018
DOJ‐FOI‐2018‐0083,Journalist,Any correspondence between Minister Flanagan and a named company or memos / minutes relating to meetings with named company.,Refused,13/11/2018
156/545/2018,Journalist,"Correspondence (sent and received, including attachments) in relation to the lobbying return below, between 30 May and 14 September 2018. https://www.lobbying.ie/return/31811/mccann‐fitzgerald",Granted,16/11/2018
156/546/2018,Journalist,The submission referred to in this entry in the lobbying database. https://www.lobbying.ie/return/32675/arthur‐cox,Granted,16/11/2018
156/547/2018,Journalist,All records associated with this entry in the lobbying database https://www.lobbying.ie/return/30905/hume‐brophy,Granted,17/10/2018
156/548/2018,Journalist,"Access to the submission to Minister Flanagan earlier this year by the Bar Council of Ireland, the Law Society of Ireland, Dublin Solicitors Bar Association, A&L Goodbody and other Irish law firms regarding opportunities to further develop Ireland as a market for the provision of international legal services in a post‐Brexit environment. Details of the submissions are documented in the following lobbying return: https://www.lobbying.ie/return/32263/william‐fry",Granted,16/11/2018
156/549/2018,Journalist,Access to correspondence between the Consumer Association Ireland and the Minister Flanagan during 2018 regarding collective redress actions.,Granted,01/11/2018
156/550/2018,Journalist,"Copies of any reports, briefings, submissions, memoranda or any such documents discussing the lack of capacity in direct provision centres. This request to cover the period 1 June 2018 to 22 September 2018. Copies of any reports, briefings, submissions, memoranda or any such documents discussing the issue of homelessness among asylum seekers. This request to cover the period 1 June 2018 to 22 September 2018.",Granted,25/10/2018
DOJ‐FOI‐2018‐0084,Journalist,Copies of all correspondence – both written and electronic – between the former Minister Frances Fitzgerald and/or her private office and any of the following people or companies – a named person and/or named company. This request to cover the period subsequent to that covered by FOI 156/164/2017 until the day after Ms Fitzgerald’s resignation from the Department.,Refused,19/11/2018
DOJ‐FOI‐2018‐0085,Journalist,Copies of any records held in the Minister’s office relating to the handling of FOI requests for communications between Frances Fitzgerald and named person. This request to cover only the period 1 June 2018 to 25 September 2018. Searches of any relevant private email addresses and/or messaging services should be considered when processing this request.,Part Grant,13/11/2018
156/552/2018,Journalist,A copy of the review of the Defamation Act 2009 recently conducted by the Department of Justice.,Refused,19/10/2018
156/553/2018,Journalist,A copy of the second interim report compiled by the Interdepartmental Group examining issues relating to people with mental illness who come in contact with the criminal justice system.,Refused,26/09/2018
DOJ‐FOI‐2018‐0086,Journalist,All submissions made by the Minister/Secretary General to the commission on the future of policing.,Refused,24/10/2018
156/557/2018,Journalist,A copy of the correspondence between the VFI and Minister Flanagan in relation to the Intoxicating Liquor Act 2000. Details of the correspondence are set out in the following lobbying return: https://www.lobbying.ie/return/29668/vintners‐federation‐of‐ireland,Granted,11/10/2018
156/558/2018,Journalist,Any minutes / memos / correspondence arising out of the meeting between a named person and Michael Kirrane. Details of the meeting are outlined in the following lobbying return: https://www.lobbying.ie/return/32995/irish‐universities‐association,Granted,02/11/2018
156/560/2018,Journalist,The report/findings of the Levy Provisions in the 2015 Legal Services Regulation Act as carried out by an independent expert Financial Consultant for the Legal Services Regulatory Authority (due for completion July 2018 according to LSRA minutes).,Refused,02/11/2018
156/561/2018,Journalist,"Correspondence between the Department and the National Board for Safeguarding Children in the Catholic Church (sent and received, including attachments), between 1 June and 25 September 2018. Internal memos or briefings prepared for the Minister in relation to discussions or correspondence between the Department and the National Board for safeguarding Children in the Catholic Church, between 1 June and 25 September 2018.",Granted,31/10/2018
DOJ‐FOI‐2018‐0087,Journalist,"The following records, which relate to audits carried out by the Department of Justice into the Property Services Regulatory Authority, for the following years: 1. 2016, 2. 2017, 3. 2018",Granted,13/11/2018
DOJ‐FOI‐2018‐0088,Journalist,"The following records, which relate to audits carried out by the Department of Justice into the Private Security Authority, for the following years: 1. 2016, 2. 2017, 3. 2018",Granted,13/11/2018
DOJ‐FOI‐2018‐0089,Journalist,"The following records, which relate to audits carried out by the Department of Justice into the Charities Regulatory Authority, for the following years: 1. 2016, 2. 2017",Part Grant,13/11/2018
DOJ‐FOI‐2018‐0090,Journalist,"The following records, which relate to audits carried out by the Department of Justice into the National Disability Authority, for the following years: 1. 2016 ‐ Review of Internal Financial Controls, 2. 2016 ‐ Review of Project Management, 3. 2017, 4. 2018",Part Grant,19/11/2018
DOJ‐FOI‐2018‐0091,Journalist,Audit carried out by the Department of Justice into the Garda Síochána Ombudsman Commission in 2017.,Part Grant,13/11/2018
DOJ‐FOI‐2018‐0092,Journalist,Audit carried out by the Department of Justice into the Legal Services Regulatory Authority in 2017.,Granted,13/11/2018
DOJ‐FOI‐2018‐0093,Journalist,"All correspondence to and from Minister Charlie Flanagan regarding all aspects of how to conduct his speech responding to the motion of no confidence in Minister Eoghan Murphy tabled in the Dáil on 25 September 2018, including such any correspondence sent to or from his private email.",Refused,13/11/2018
156/565/2018,Others,"Copies of the relevant documents pertaining to information about the name or identity of the management company or companies that are tasked with the running of the direct provision centres in the Eyre Hotel, Newbridge and the former Hazel Hotel in Monasterevin.",Part Grant,01/11/2018
156/566/2018,Journalist,"Copies of any reports, briefings, memoranda, submissions or other such review/briefing documents prepared within the Department relating to “loot boxes” in gaming products and/or the possibility of licensing such games as gambling products.",Part Grant,02/11/2018
156/574/2018,Journalist,"Any correspondence, notes, minutes or memos since 1 January 2018 relating to the bots being used for the block booking of INIS appointments.",Part Grant,10/12/2018
156/575/2018,Journalist,"All correspondence between Minister David Stanton’s Office and private individuals, businesses, state agencies, Government figures and any other stakeholders regarding future legislation regulating the gambling industry, dating back to 1 January 2017. This would include, but not be excluded to, the use of fixed odds betting terminals, fruit machines, gambling apps and taxation of the industry.",Part Grant,21/12/2018
156/576/2018,Journalist,Any correspondence notes minutes or memos since 1 January this year relating to the Gaming and Lotteries Act.,Part Grant,21/12/2018
156/577/2018,Business/ Interest Groups,Documents relating to Government Decision (S180/20/10/01221) of November 2017 of the interdepartmental taskforce on the State’s opt‐in to the EU (Recast) Reception Conditions Directive (2013/33/EU) covering the period 30 May 2017 to 9 October 2018.,Part Grant,21/11/2018
156/581/2018,Journalist,The independent expert Financial Consultant's analysis of the Levy provisions in the Legal Services Regulation Act 2015 as submitted by the LSRA. Any correspondence (digital or otherwise) that has since passed between the LSRA (the Board and its executive) and the Department.,Refused,16/11/2018
156/582/2018,Journalist,"A breakdown in the amount spent on flights (or any other means of transport) to assist people from the EEA returning to their home country (broken down by country of origin) in 2016, 2017 and 2018 to 9 October 2018.",Part Grant,31/10/2018
156/584/2018,Journalist,"1. Cá mhéad airgid atá caite ag An Roinn Dlí agus Cirt agus Comhionannais ar sheirbhísí trí Ghaeilge agus thionscadail, deontáisí, imeachtaí nó eile atá bainte leis an nGaeilge le ceithre bhliain anuas? 2. Briseadh síos ar na costais seo don tréimhse ceánna de réir bliana. 3. Cén céatadán é seo den chaiteachas iomlán don tréimhse seo de réir bliana?",Granted,11/11/2018
156/585/2018,Journalist,"All correspondence, internal or external, generated or reviewed as part of the process required to consider, research and reply to the written question to the former Minister of Justice, Alan Shatter, on Wednesday, 19 September 2012, and recorded in the Dáil record for the day under reference number PQ 39590/12.",Refused,16/11/2018
156/587/2018,Others,End of year statements for 2017/2018 for named company.,Refused,01/11/2018
156/588/2018,Others,End of year statements for 2017/2018 of named company.,Refused,01/11/2018
156/589/2018,Others,End of year statements for 2017/2018 for named company.,Refused,01/11/2018
DOJ‐FOI‐2018‐0096,Business/ Interest Groups,"In the matter of the Disclosure Tribunal established by Law on the 17 February 2017, a full individualised financial breakdown is requested of the payments made to named legal personnel and entities. Please provide copies of the all supporting documents relative to this expenditure. In the event that the complete quantum has not been established please provide the figures available to 17 October 2018. A statement of daily rates is required where applicable.",Part Grant,13/11/2018
156/595/2018,Journalist,The number of people who have gone missing from DP accommodation centres without explanation since January 2014. The ages of those people who have gone missing from DP accommodation centres without explanation since January 2014. Any and all internal reports concerning human trafficking within the context of the direct provision system.,Refused,31/12/2018
DOJ‐FOI‐2018‐0098,Journalist,Could you please provide the records wherein the Data Protection Commissioner's Office has confirmed as recently as May of this year that it does not have any concerns on the legislative basis for CCTV.,Granted,12/11/2018
DOJ‐FOI‐2018‐0100,Others,Correspondence between the former Deputy Secretary General at the Department of Justice Ken O’Leary and a named person between 1 May 2015 and 31 July 2016.,Refused,10/12/2018
156/599/2018,Others,Any and all documentation regarding the Agreement surrounding the cut‐off point 1 October 1976 for eligibility for Pensions for An Garda Síochána. All documentation in relation to the decision to exclude those prior to the cut‐off date of 1 October 1976. All documentation to any exemptions to this cut‐off date 1 October 1976 and specifically if a decision was made on the cut‐off criteria that if a member of An Garda Síochána had made full pension contribution that a cut‐off date of 1 October 1976 would not apply. All documentation with any necessary redactions regarding the decision to grant a pension to a member of An Garda Síochána despite retiring prior to the cut‐off date of 1 October 1976.,Part Grant,29/11/2018
156/600/2018,Business/ Interest Groups,"Records which outline the number of deportation orders issued in 2017 and 2018 broken down by months and a breakdown of the reasons for the decision to issue the deportation orders. How many decisions were made under the Immigration Act 1999 during this time and how many orders for deportation were issued and how many cases were appealed? A breakdown of those who were deported by age, gender, nationality under The Refugee Act of 1996.",Granted,28/11/2018
156/601/2018,Journalist,"Documents, briefing notes for the Minister and internal and external correspondence (sent and received) in relation to capacity within direct provision centres between 1 August and 23 October 2018.",Part Grant,10/12/2018
156/602/2018,Journalist,"All written records including letters, faxes, emails, social media including WhatsApp and text messages, memos, reports, between Pat Breen and a named person/his companies/his representatives from 1 May 2016 to 22 October 2018. All written internal records including memos, reports, emails, letters, faxes, social media including WhatsApp and text messages pertaining to a named person/his companies/his representatives and Pat Breen.",Refused,20/11/2018
156/604/2018,Journalist,All correspondence between the Minister of State Pat Breen and a named person between the period 2 June 2016 and 23 October 2018. Minutes of any meetings between the Minister of State Pat Breen and a named person between the period 2 June 2016 and 23 October 2018.,Refused,20/11/2018
156/605/2018,Journalist,The legal status of the United Nations Convention of Rights for People with Disabilities.,Refused,22/11/2018
156/606/2018,Others,Details of payments made to a named person in each of the last three years.,Refused,26/11/2018
156/607/2018,Others,The total evaluation and outlay all expenses incurred through the 2009 assessment of the Stardust Disaster by a named person.,Refused,21/12/2018
156/612/2018,Journalist,A copy of the recently completed report: Value for Money and Policy Review of Prisoner Escort Services.,Refused,27/11/2018
DOJ‐FOI‐2018‐0104,Journalist,All correspondence to and from Minister Charlie Flanagan from members of the public concerning the Disclosures Tribunal since the beginning of this year.,Part Grant,28/12/2018
156/625/2018,Journalist,Numbers of people living in direct provision centres in Ireland. Number of people living in direct provision centres in Ireland who are currently registered students of third level institutions. Information on locations of direct provision centres that currently house registered students of third level institutions in Ireland. Information of duration of residency of people in direct provision who are registered students of third level institutions in Ireland. Information on the weekly allowance for residents in direct provision centres who are registered students of third level institutions in Ireland.,Refused,10/12/2018
156/628/2018,Journalist,"The following records dated between 1 May 2018 and 7 November 2018. A record of all correspondence, including but not limited to letters, emails, reports, documents, white papers, memos and briefing documents to and from the Minister’s office in relation to the following lobby activity: https://www.lobbying.ie/return/33393/beauchamps. A record of a written proposal to the Minister for Justice and Equality by the Bar Council of Ireland, the Law Society of Ireland, Dublin Solicitors Bar Association, Beauchamps and other Irish law firms regarding opportunities to further develop Ireland as a market for the provision of international legal services in a post‐Brexit environment.",Granted,14/11/2018
156/630/2018,Journalist,"Records relating to the people refused permission to enter/land in the Republic in the first nine months of this year. I am seeking: Records showing a breakdown of the nationalities of the people refused permission to enter/land. (This would involve a list of countries and the number of their citizens refused permission to land/enter between 1 January and 30 September 2018.) Records revealing where people refused permission to land/enter were actually refused; a stated port, airport or location on the border. (This would involve a list of port/airport facilities and other locations with the total number of refusals recorded at each between 1 January and 30 September 2018.",Part Grant,06/12/2018
DOJ‐FOI‐2018‐0110,Journalist,"Correspondence between the Department and the National Board for Safeguarding Children in the Catholic Church (sent and received, including attachments), between 26 September 2018 and 9 November 2018.",Part Grant,10/12/2018
156/634/2018,Others,Copy of the record showing BMU at Dublin airport doing documents checks at departure gates on 20 July 2017 at around 15:30 ‐16:30 and the gates numbers where such activity was performed.,Granted,05/12/2018
156/635/2018,Journalist,Copies of any records held by the Department that refer to the RTÉ TV programme about the direct provision system ‘TAKEN DOWN’. Copies of any records held by the Reception and Integration Agency that refer to the RTÉ TV programme about the direct provision system ‘TAKEN DOWN’.,Part Grant,31/12/2018
156/636/2018,Journalist,"Records relating to the provision of new and/or additional places in the direct provision system dating from 1 September 2017. Records detailing plans for the creation of new/additional places, where they will/might be and over what time frame and/or the reasons why additional places are needed.",Granted,14/12/2018
156/639/2018,Journalist,"A copy of the following documents which relate to the Criminal Legal Aid Scheme. The amount of money spent on legal fees for criminal cases in the county of Kerry in 2017. The amount of money given to each solicitor who represented legal aid recipients in District 17 in 2016, 2017 and so far in 2018.",Part Grant,21/12/2018
DOJ‐FOI‐2018‐0115,Journalist,A copy of the email from Dale Sunderland to George B Trimble dated 16 January 2017 13:31. A copy of the New Code of Practice for Community Based CCTV systems mentioned in that email; A copy of the email from named person to Dale Sunderland dated 16 May 2018. A copy of the response email from Dale Sunderland to named person dated 28 May 2018 14:15.,Part Grant,12/12/2018
DOJ‐FOI‐2018‐0117,Journalist,Copies of any records held referring or relating to the recruitment or subsequent appointment of former Garda Commissioner to the post of Assistant Secretary‐General for Safety and Security at the United Nations.,Refused,05/12/2018
156/640/2018,Journalist,"The most recent recidivism rate (after 2013) classified by gender, age, and time period between release from prison and re‐offence. If possible, please classify this by the reason for re‐ offence, the reason as specific as possible.",Refused,20/11/2018
DOJ‐FOI‐2018‐0119,Journalist,"A copy of all correspondence, memos and briefing documents regarding the establishment/provision of Divisional Protective Services in Garda stations, covering the area of sexual crime investigation. The documents should include the anticipated timeframe/schedule for the roll out of these units and related issues, including funding and staffing. The request should cover the time period 1 January 2017 to 15 November 2018.",Granted,21/12/2018
DOJ‐FOI‐2018‐0120,Journalist,"Copies of the audits carried out by the Data Protection Commissioner in 2017 of the following organisations/bodies: Mosney Accommodation Centre, Athlone Accommodation Centre, St Patrick's Accommodation Centre",Refused,18/12/2018
DOJ‐FOI‐2018‐0122,Business/ Interest Groups,A list of all registered civilian weapons in the territory of Ireland between January 2015 and October 2018.,Refused,26/11/2018
DOJ‐FOI‐2018‐0127,Journalist,Materials providing details on how many residents of direct provision centres in Cork who were granted asylum or leave to remain in Ireland to 19 November 2018 did not immediately leave the centre; reasons they didn't and couldn't leave the centre; the length of time they remained there after asylum or leave was granted.,Refused,20/12/2018
DOJ‐FOI‐2018‐0130,Journalist,Information as to how and when these four named people gained Irish nationality status and passports.,Refused,21/12/2018
DOJ‐FOI‐2018‐0133,Journalist,The number of people arrested/charged/prosecuted under Part 4 of the Criminal Law (Sexual Offences) Act 2017 from its inception in March 2017 until 13 November 2018.,Refused,19/12/2018
DOJ‐FOI‐2018‐0136,Journalist,"Copies of any briefings, memos, submissions, information notes or other such documents prepared for any of the Ministers at your Department relating to the use of commercial hotels as temporary direct provision centres. This request from 1 January 2018 to 26 November 2018.",Granted,28/12/2018
DOJ‐FOI‐2018‐0137,Journalist,"Copies of all correspondence to/from the Justice Minister and/or officials from the Bar Council of Ireland dated 1 January to 21 November 2018 on the following matters: The Judicial Appointments Bill, The Judicial Council, The O'Malley Review, Insurance awards. A schedule of all meetings within the same time frame where representatives of the Bar Council/Law Library attended to include the purpose of that meeting and minutes if available.",Refused,04/12/2018
DOJ‐FOI‐2018‐0138,Journalist,"Copies of any correspondence (emails, letters, memos, etc.) since 1 February 2018 between the Office of the Data Protection Commissioner and the Department of Justice on the resources and funding of the office and the ODPC’s ongoing capacity to deal with the requirements of General Data Protection Regulation (GDPR) that came into effect in May 2018 along with any internal memos at the Department of Justice concerning the above.",Part Grant,28/12/2018
156/650/2018,Journalist,The most up‐to‐date number of people refused entry to Ireland and a breakdown of what country they are from.,Granted,11/12/2018
DOJ‐FOI‐2018‐0139,Others,"The amount of money the Department of Justice spent on direct provision centres and services between 2016 and 2018, broken down by centre. The number of asylum seekers in direct provision who are currently working under the right to work in Ireland. The workplaces of asylum seekers living in direct provision broken down by sector. The number of complaints made to the Ombudsman by people living in direct provision, specifically about the right to work system.",Refused,27/12/2018
DOJ‐FOI‐2018‐0145,Journalist,All correspondence relating to Government business to and from the private email account or accounts of Ministers in the Department from the period 1 January 2018 to 3 December 2018.,Refused,21/12/2018
DOJ‐FOI‐2018‐0155,Journalist,Copies of the most recent post‐enactment reports relating to the pieces of legislation listed below: Fines (Payment and Recovery) Act 2014 ‐ 5 May 2015; Criminal Justice (Forensic Evidence and DNA Database System) Act 2014 ‐ 19 June 2017; Court of Appeal Act 2014 ‐ 20 February 2018; Irish Human Rights and Equality Commission Act 2014 ‐ 13 July 2015; Garda Síochána (Amendment) Act 2015 ‐ 9 March 2018; Redress for Women Resident in Certain Institutions Act 2015 ‐ 1 March 2016; Criminal Justice (Mutual Assistance) (Amendment) Act 2015 ‐ 22 March 2017; Equality (Miscellaneous Provisions) Act 2015 ‐ 22 March 2018; Garda Síochána (Policing Authority and Miscellaneous Provisions) Act 2015 ‐ 9 March 2018; Courts Act 2015 ‐ 20 February 2018; Legal Services Regulation Act 2015 ‐ 27 February 2018; Criminal Justice (Spent Convictions and Certain Disclosures) Act 2016 ‐ 22 March 2017; Proceeds of Crime (Amendment) Act 2016 ‐ 28 July 2017; Commission of Investigation (Irish Bank Resolution Corporation) Act 2016 ‐ 25 July 2017; Criminal Law (Sexual Offences) Act 2017 ‐ 29 March 2018; Criminal Justice (Suspended Sentences of Imprisonment) Act 2017 ‐ 29 March 2018; Courts Act 2017 ‐ 18 May 2018; Criminal Justice (Offences Relating to Information systems) Act 2017 ‐ 12 September 2018; Criminal Justice Act 2017 ‐ 7 August 2018; Criminal Justice (Victims of Crime) Act 2017 ‐ 22 November 2018,Refused,12/12/2018
DOJ‐FOI‐2018‐0156,Journalist,"Copies of any correspondence dating back to 1 June 2018 between management at Dublin Port Company, Rosslare Europort and the Port of Cork AND the Department of Justice in relation to immigration checks and other immigration‐related issues after Brexit and preparations for the UK’s departure from the EU. Copies of any correspondence dating back to 1 June 2018 between management at Dublin Airport, Shannon Airport and Cork Airport AND the Department of Justice in relation to immigration checks and other immigration‐related issues after Brexit and preparations for the UK’s departure from the EU.",Refused,21/12/2018
156/097/2017,Journalist,"Records of all correspondence to and from the Minister’s Office with the Office of the Garda Commissioner about gangland violence, gangland feuds and intelligence on gangland/cartel figures known to the Gardaí. Briefing documents and memos prepared for the Minister about gangland violence, gangland feuds and intelligence on gangland/cartel figures knows to the Gardaí. Records of all correspondence to and from the Minister’s Office with the office of the Garda Commissioner about the Garda Inspectorate.",Part Grant,04/04/2018
156/374/2017,Journalist,"All correspondence between the Department of Justice/Minister for Justice and the following Offices/bodies on the issue of reopening of Stepaside Garda station: An Garda Síochána, The Department of Transport / Minister for Transport, The Department of An Taoiseach/ Office of An Taoiseach, Policing Authority. And all internal correspondence such as emails, memos and letters on the aforementioned issue. Timeframe 1 May 2017 to 18 July 2017.",Part Grant,27/03/2018
156/476/2017,Journalist,"Any correspondence, emails or reference to problems or concerns about social media use and its interference in court or justice matters, including any mention of Twitter and its use in sub‐judice matters. This should include any internal consideration about these matters as well as correspondence to and from the relevant Ministers within the Department.",Part Grant,26/03/2018
156/531/2017,Business/ Interest Groups,The number of applications to revoke deportation orders that were made in each of the years from 2006‐2017; The number of deportation orders that were revoked in each of the years from 2006‐2017; The number of deportation orders that were revoked in each of the years from 2006‐2017 without an application to revoke them being made.,Refused,14/06/2018
156/595/2017,Journalist,Access to the report on the reopening of Garda stations that resulted in the decision to reopen Stepaside Garda Station. Access to any correspondence between Minister Ross and either Minister Flanagan or former Minister Fitzgerald since the start of 2016 in relation to Stepaside Garda Station.,Granted,16/01/2018
156/611/2017,Journalist,All representations made by serving or former members of An Garda Síochána to the Minister/Secretary General in relation to the Employment Control Framework within An Garda Síochána. All replies to such representations.,Part Grant,23/01/2018
156/641/2017,Journalist,"In respect of the Criminal Justice Bill 2016 ‐ (changed from Bail (Amendment) Bill 2016: 1) Letters/emails/communications etc. sent to the Minister (or his representatives in the Department of Justice) from 2016 to 20 October 2017 from Oireachtas members/councillors, and any responses given. 2) Letters/emails/communications/submissions etc. sent to the Minister from 2016‐to 20 October 2017 from any interested party that discuss this Bill. This includes (but is not limited to) any other State body or any other representative of a State body; the Law Society; the Bar Council; the Association of Judges in Ireland; any current or former judge; any solicitor or barrister acting in an individual capacity. 3) Memoranda of any minutes of meetings between the Minister from 2016 to 20 October 2017 with any interested party that discussed this Bill. This includes (but is not limited to): any State body or any other representative of a State body; the Law Society; the Bar Council; the Association of Judges in Ireland; any current or former judge; any solicitor or barrister acting in an individual capacity.",Part Grant,23/01/2018
156/659/2017,Others,"Reference Contract Signed on 17 August 2016 between the Minister for Justice & Equality, the Commissioner of the Garda Síochána and a named company. Specifically Requested ‐ All Records, documents, emails, memos whether paper or electronic relating to: 1. Business Case made for the placing of this Contract, 2. Cost Benefit Analysis Conducted, 3. Correspondence with/from the Garda Síochána on the topic, 4. Road Safety Benefits adduced, 5. Any Alternative Enforcement Methodology considered, 6. Any comparative study conducted between the relative merits of using the Garda Robot Vans as Distinct from the named Detection methodology, 7. Minutes of meeting held between the Department and the Garda Síochána, 8. The identity of the Garda Officers recommending the named option including the commissioner but also identifying the expert advice and analysis provided by others, 9. The operative date of the commencement of the Contract if different from the signature date, 10. The termination date of the contract, 11. Any other bodies consulted on the merits of the contract, 12. Any lobbying activity conducted and if so by whom.",Part Grant,10/01/2018
156/673/2017,Journalist,"Correspondence, minutes, WhatsApp messages, etc. relating to interactions between members of the judiciary and the Department on matters connected to the Judicial Appointments Commission Bill and the Judicial Council Bill from April 2017 to 6 November 2017.",Part Grant,23/01/2018
156/676/2017,Journalist,The documents held by the Department of Justice and Equality from other Government Departments on how they are progressing implementing the national strategy for women and girls 2020. All of the correspondence between the Department of Justice and Equality and other Government Departments on the same issue since the strategy was announced.,Part Grant,12/03/2018
156/679/2017,Others,"Complaints made in relation to the accommodation centres at Richmond Court, Longford, Great Western House, Galway and Globe House, Sligo from January 2017 to November 2017. Records of employment contracts, job applications, job interview notes, performance reviews, salary, and any other human resources files, including disciplinary records and complaints involving RIA employee Ruth Dillon from 1990 to 2017. Reports detailing a breakdown of number of citizens per citizenship/country of origin currently residing in the Direct Provision system from the months of September and October 2017. Complaints made to RIA by residents in the Direct Provision system regarding room inspections alleged to be in violation of C.A. and T.A. v Minister of Justice (2014) and/or RIA rules regarding room inspections. RIA accommodation centre Contractor, Manager and Employee Handbooks for the period of 2016‐2017. Any document relation to correspondence/telephone calls/meetings between named people/ a named company/Great Western House (or employees/others acting on their behalf regarding transfer of residents/complaints made by or about residents, a named person and complaints made by RIA between June and November 2017. Records of compensation paid to Great Western House and Richmond Court for the period of 2000 – 2017. Records/Reports documenting previous closure and later re‐opening of Richmond Court, Longford.",Part Grant,12/01/2018
156/688/2017,Journalist,Copies of all correspondence between the Department and the Garda Commissioner / An Garda Síochána in relation to terror attacks in the UK to 9 November 2017 and copies of all correspondence between the Department and members of the public in relation to terror attacks in the UK to 09 November 2017.,Part Grant,19/01/2018
156/692/2017,Journalist,"Documents relating to a meeting hold at the Department of Justice between David Gilbride, and named people in 30 September 2015; Transcripts of 999 calls from Feb 14/15th 1981 discussed at this meeting; minutes of the same meeting.",Granted,25/04/2018
156/712/2017,Business/ Interest Groups,All information emails and documents related to the eConveyancing review group convened by the Department of Justice in 2016.,Part Grant,03/05/2018
156/720/2017,Journalist,"All correspondence between GSOC and the Department of Justice relating to the request for additional resources, from 1 May 2016 22 November 2017, including any briefing or note prepared on this matter for the Minister.",Part Grant,14/02/2018
156/721/2017,Journalist,"All correspondence from GSOC or other parties, from the period May 2016 22 November 2017, relating to GSOC’s request for a copy of the O’Higgins Inquiry transcript, including any briefing or note prepared on this matter for the Minister.",Part Grant,23/01/2018
156/725/2017,Journalist,All correspondence sent and received by the Department in the last 12 months concerning the ban on the sale of alcohol on Good Friday.,Part Grant,25/01/2018
156/731/2017,Oireachtas / Public Reps,"All complaints submitted by residents or former residents of Richmond Court Direct Provision Centre, Co. Longford, in regard to Richmond Court Direct Provision Centre, Co. Longford since that Direct Provision Centre began operation; All complaints lodged by third parties in regard to Richmond Court Direct Provision Centre, Co. Longford since that Direct Provision Centre began operation.",Part Grant,31/05/2018
"156/732/2017, 156/733/2017, 156/734/2017",Journalist,"All correspondence held by the Department regarding the O'Higgins Commission between the period 25 April 2016 to 1 September 2016. All correspondence held by the Department regarding named person between the period 1 January 2015 and 31 December 2015. All correspondence held by the Department regarding named person between the period 15 February 2017 and 28 November 2017. Correspondence between the Department and the Disclosures Tribunal regarding the establishment, costs and operation of the tribunal between the period 17 February 2017 and 28 November 2017. All correspondence between the Minister for Justice and her special advisers between the period 15 May 2015 and 1 August 2015. All correspondence between the Minister for Justice and his special advisers and any Department officials related to named person and the Disclosures Tribunal between the period 1 November 2017 and 29 November 2017.",Refused,26/03/2018
"156/736/2017, 156/737/2017, 156/738/2017, 156/739/2017",Journalist,Complete minutes of Mac/MB from July 2014; All progress reports on the Strategic Plan from July 2014; Minutes of any meetings of the ‘’cross‐grade Change team’’ from July 2014; A copy of the new Corporate Governance Assurance Agreement; Minutes of the Risk and Audit Committees since July 2014; Departmental Risk Registers since July 2014; Any report by ‘’external facilitators’’ engaged since 2015; Costs relating to engagement of same; Report by Mazars and records relating to the implementation of its recommendations; Reports on Stocktake of the Change Programme; Report on Restructuring of the Department,Part Grant,13/07/2018
156/740/2017,Business/ Interest Groups,"All correspondence and notes of meetings and telephone calls as appropriate between representatives of the Law Society of Ireland and the Bar Council and the Department of Justice & Equality from the time of the publication of the Legal Services Regulation Bill 2011 to the final passing of the Act. Correspondence leading to amendments in Seanad Eireann, including proposed amendments tabled for discussion in Seanad Eireann on 26 November 2015.",Granted,12/03/2018
156/743/2017,Journalist,"Copies of all emails and other correspondence, including any attached documents, between the Department of Justice and An Garda Síochána Press Office or Communications officials of An Garda Síochána, from 1 May 2015 to 29 November 2017.",Part Grant,23/02/2018
156/757/2017,Journalist,"In her address to the Justice Committee this morning (06/12/17), Acting Secretary General Oonagh McPhilips referred to the following in relation to implementing the Toland Report: ** Earlier this year external experts were contracted to take a stock break of progress to date to assist going ahead ** A review of our structure has also been completed again with help from external expertise and this was recently approved by the external management board. I am requesting, under the Freedom of Information Act, the above findings along with any other reports/reviews on implementing organisational/cultural reform in the Department since May 2015.",Refused,06/02/2018
156/766/2017,Journalist,All correspondence (electronic or otherwise) between the then Minister Frances Fitzgerald and/or her advisors and a named person and named company in the period 8 May 2014 and 14 June 2017.,Part Grant,18/09/2018
156/773/2017,Journalist,"Copies of all minutes and agendas for the interdepartmental taskforce on the Supreme Court Judgment, from 1 July to 21 November 2017.",Part Grant,25/01/2018
156/777/2017,Journalist,All correspondence between the Reception and Integration Agency and the Mosney Unlimited Company/Mosney Direct Provision Centre and its agents/directors in 2017 in relation to the introduction of a ‘points’ system for residents of the Centre to ‘purchase’ food or other services. All complaints (redacted of personal information where necessary) received by the Department/Reception and Integration Agency in 2017 regarding the introduction of such a points scheme at the Mosney Direct Provision Centre. A copy of the national guidelines regarding the allocation of ‘points for food’ at direct provision centres as referred to by a named person of the Mosney Centre in a verbal briefing to President Michael D. Higgins during his visit to the Centre on 18 December 2017.,Part Grant,29/01/2018
156/780/2017,Journalist,All submissions received as part of the consultation into Data Protection safeguards for children ‐ digital age of consent.,Refused,16/01/2018
156/787/2017,Others,The annual figures of the total approved applications for residence permission including either only main applicants or also family members broken down by year and country of origin since 2012 until 27 December 2017.,Refused,21/03/2018
156/792/2017,Others,"The names and addresses of every individual that has been, to 27 December 2017, made an Irish citizen by naturalisation or a list of the issues of Iris Oifigiuil in which these details have been published.",Refused,15/01/2018
156/793/2017,Journalist,"All records – to include but not limited to Department/private web based e‐mails, text messages, WhatsApp or other social media messaging services – relating to a media query made by a named person on 15 December 2017 in relation to the incident involving a named person on 24 June 2017.",Part Grant,11/04/2018
156/794/2017,Journalist,"All records ‐ to include but not limited to Department/private web based e‐mails, text messages, WhatsApp or other social media messaging services ‐ relating to the protected disclosure made in relation to the incident involving a named person on 24 June 2017.",Refused,29/01/2018
156/795/2017,Journalist,"All correspondence ‐ to include but not limited to Department/private web based e‐mails, text messages, WhatsApp or other social media messaging services ‐ between the Department of Justice and the Department of the Taoiseach in relation to the incident involving a named person on 24 June 2017. All correspondence between the Department of Justice and An Garda Síochána in relation to the incident involving a named person on 24 June 2017.",Part Grant,11/04/2018
156/796/2017,Journalist,To furnish all records pertaining to Irish companies approved to receive funds during the period 1 July 2015 and 31 October 2017 as a result of applications made under Immigrant Investment Programme or the Start‐Up Entrepreneur Programme as operated by the Irish Naturalisation and Immigration Service.,Refused,07/02/2018
