FOI Ref,Category of Requester,Request,Decision Made,Date of Reply
DOJ-FOI-2021-0771,Journalist,All of the records held by the Department relating to the commission and publication of SAVI II since March 2020.,Part Granted,04/01/2022
DOJ-FOI-2021-0869,Other,"1. A copy of any internal communication in the Department of Justice regarding the Data Protection Commission's decision to label the initial findings in a stated inquiry as confidential for the purposes of Section 26 of the Data Protection Act, 2018. 2. A copy of any communication between the Data Protection Commission and the Department of Justice which discusses the DPC's ruling in the inquiry.",Refused,04/01/2022
DOJ-FOI-2021-0734,Other,"Any documents relating to a statutory gambling regulator as part of your 2021 action plan, from the following dates: 1 January 2021 to 19 October 2021. Documents relating to reform of the gambling licensing regime from the following dates: 1 January 2021 - 19 October 2021.",Part Granted,11/01/2022
DOJ-FOI-2021-0796,Journalist,Records of communications between the Minister and Department officials relating to the appointment of additional commissioners to the office of the Data Protection Commission from 1 September 2021 to 5 November 2021.,Refused,11/01/2022
DOJ-FOI-2021-0797,Journalist,Records of communications from the office of the Data Protection Commission requesting additional resources and/or staff from 1 September 2021 to 5 November 2021,Refused,11/01/2022
DOJ-FOI-2021-0719,Clients,Copies of all records held referring or relating to the issue of delayed warrants of appointment for new members of the judiciary. Copies of all records relating to the decision by a named Judge to cancel a substantial number of trials and hearings as a result of the above delays. Both parts of this request to cover the period 1 September 2021 to 20 October 2021.,Part Granted,12/01/2022
DOJ-FOI-2021-0851,Oireachtas / Public Reps,"All records held by the Department, especially but not limited to correspondence with the Minister, related to the HSE commissioned NIRP review of serious incidents of concern in Ard Greine Court, Stranorlar, which led to the report entitled “Independent Review of the Management of Brandon” AKA “The Brandon Report” being produced.",Part Granted,12/01/2022
DOJ-FOI-2021-0873,Other,"1. The names of all persons appointed as a member of a Special Criminal Court, and their qualification for appointment, under s.39 (2) of the Offences Against the State Act, 1939 as amended, since 1 January 2018 to 8 December 2021. 2. The names of all persons removed as a member of a Special Criminal Court under s.39 (2) of the Offences Against the State Act, 1939 as amended, since 1 January 2018 to 8 December 2021, and the reason for their removal. 3. The names of all persons who resigned as a member of a Special Criminal Court under s.39 (2) of the Offences Against the State Act, 1939 as amended, since 1 January 2018 to 8 December 2021 and the reasons for their resignation.",Part Granted,12/01/2022
DOJ-FOI-2021-0874,Other,Stats for deportations carried out since 2012.,Granted,12/01/2022
DOJ-FOI-2021-0042,Business/Interest Groups,"1. A list of the agencies, Departments, bodies for which the Department of Justice provides the Lotus Notes” information technology system. 2. In the specific case of the Data Protection Commission, the annual cost of maintaining Lotus Notes, from 1 January 2016 to 25 January 2021. Please break this down by year. 3. As an aspect of 2, the cost of maintaining the security of current ICT systems, such as Lotus Notes, that will be replaced by the Data Protection Commission's new Case Management System, in the period 1 January 2016 to the 25 January 2021. Please break this down by year. 4. All communication between the Department of Justice and the Data Protection Commission regarding delays to the DPC Case Management Project, from 1 January 2018 to the 25 January 2021.",Part Granted,17/01/2022
DOJ-FOI-2021-0876,Other,1. The number of civilian staff of the Department of Justice by grade working in Immigration Control Unit at Dublin Airport as of 1 December 2020 and 8 December 2021 in tabular form 2. The number of vacancies by grade in the Immigration Control Unit normally filled by civilian staff of Department of Justice at Dublin Airport as of 8 of December 2021 in tabular form.,Granted,18/01/2022
DOJ-FOI-2021-0885,Journalist,"Information relating to the number of suspected fraudulent Covid-19 test results produced by passengers at Irish airports since March 2020, which were detected by border management unit officials. I am seeking these figures broken down by month, airport, test type (i.e. PCR or antigen) and, if possible, the location from which the incoming passenger who produced a fraudulent test result originated.",Part Granted,18/01/2022
DOJ-FOI-2021-0894,Journalist,The number of firearms certificates issued by Gardaí for each of the years between 2009 and 17 December 2021. The number of firearms reported lost or stolen for each of the years between 2009 and 17 December 2021.,Part Granted,18/01/2022
DOJ-FOI-2021-0897,Journalist,"All reports, briefing papers etc. relating to the results of the red light traffic light trial carried out in Dublin. All records relating to the proposed red-light camera traffic light enforcement camera system between January 2018 and 15 December 2021.",Part Granted,18/01/2022
DOJ-FOI-2021-0849,Journalist,Copies of any records referring or relating to Transaer House at Dublin and difficulties in having it opened fully for use. This request to cover the period 1 January 2021 to 29 November 2021.,Part Granted,20/01/2022
DOJ-FOI-2021-0812,Journalist,Is mian liom iarratas a dhéanamh faoin Acht Um Shaoráil Faisnéise d'aon chomhfhreagras nó caipéisí eile a bhaineann leis an gcinneadh deireadh a chur leis an riachtanas marc 50% a bhaint amach sa Scrúdú Inniúlachta Cainte chun a bheith cáilithe d’ardú céime do ghráid Sáirsint nó Cigire.,Granted,21/01/2022
DOJ-FOI-2021-0875,Journalist,Copies of all audits carried out into the immigrant investor programme (IIP) by the Department and external consultancies it hired since its establishment. A breakdown of the number and nationality of investors and the monies they invested in approved programmes by year. Information on the number of projects that have been declined since the creation of the programme.,Part Granted,21/01/2022
DOJ-FOI-2021-0899,Other,A copy of the 2014 Memorandum of Understanding between UK and Ireland on the Exchange of Information for the purposes of protecting the Common Travel Area and associated Annex on Asylum Data.,Refused,25/01/2022
DOJ-FOI-2022-0022,Clients,Under the Immigrant Investment Programme: 1. The identified Endowment Project approved by the Department of Justice on 21 December 2020; 2. The identified Endowment Project approved by the Department of Justice in or around 2021; 3. The identified Endowment Projec; and 4. A copy of the external review of the said Programme carried out on foot of a contract signed in June 2019 for the Department of Justice.,Refused,25/01/2022
DOJ-FOI-2022-0034,Journalist,1. Copies of any correspondence or meeting minutes between the Minister for Justice and the National Board for Safeguarding Children regarding data protection law/concerns around data protection. 2. Copies of any briefing notes prepared for the Minister about concerns raised by NBSC members.,Refused,25/01/2022
DOJ-FOI-2022-0030,Journalist,The number of people refused entry to Ireland at passport control during 2021,with a breakdown by nationality.,Part Granted,26/01/2022
DOJ-FOI-2022-0011,Journalist,Copies of any meeting minutes of the taskforce to consider the mental health and addiction challenges of persons interacting with the criminal justice system,between 28 April 2021 to end of 2021.,Refused,27/01/2022
DOJ-FOI-2021-0656,Journalist,Any correspondence received and subsequently generated by Oonagh Buckley as a result of this lobby return: https://www.lobbying.ie/return/73980/ibec,Part Granted,31/01/2022
DOJ-FOI-2021-0856,Journalist,Any correspondence sent or received by the Minister (via emails,text,WhatsApp,signal or any other form of communication) on the subject of a named person and his role on the policing authority from 1 November 2021 to 29 November 2021.,Refused,31/01/2022
DOJ-FOI-2021-0889,Other,The number of persons/individuals recognised to be family in the Afghan Admission Programme. The number of persons/individuals that are not recognised to be family in the Afghan Admission Programme. The number of persons/individuals married in the Afghan Admission Programme. The number of persons/individuals not married in the Afghan Admission Programme.,Refused,31/01/2022
DOJ-FOI-2021-0836,Other,"1. Copies of all policy papers, submissions, research papers, and consultation papers, and like documentation, in respect of the research for, introduction of, and review of, the Scheme in relation to Non EEA Family Members of UK Citizens intending to reside in the State. 2. Copies of all ISD decision-maker guidance/guidelines in respect of applying the Scheme. 3. Copies of internal emails and correspondence of the Department of Justice related to the research and implementation of the Scheme. 4. Copies of records of all statistics concerning the application of the Scheme. Please provide a break-down in respect of the above for each year the Guidelines have been in place and by type of application and decision of such application.",Part Granted,01/02/2022
DOJ-FOI-2021-0808,Other,All documents/discussions etc. within the Department of Justice relating to access to the labour market for persons seeking protection from 1 January 2021 to 15 November 2021. All documents/discussions etc. between the Department of Justice and other Government Departments /Ministers /Government on the right to access the labour market for persons seeking protection from 1 January 2021 to 15 November 2021.,Part Granted,02/02/2022
DOJ-FOI-2021-0835,Other,"1. Copies of all policy papers, submissions, research papers, and consultation papers, and like documentation, in respect of the research for, introduction of, and review of, the INIS Policy Document on Non-EEA Family Reunification. 2. Copies of all ISD decision-maker guidance/guidelines in respect of applying the INIS Policy Document. 3. Copies of internal emails and correspondence of the Department of Justice related to the research and implementation of the Policy Document in 2013 and all years prior to its formal introduction and emails concerning reviews of the Policy Document since December 2013. 4. Copies of records of all statistics concerning the INIS Policy Document from December 2013 to 18 November 2021. Please provide a break-down in respect of the above for each year the Guidelines have been in place and by type of application and decision of such application.",Part Granted,02/02/2022
DOJ-FOI-2022-0010,Other,A copy of Draft Report on Approaches to the Concept of Parental Alienation in other Jurisdictions and timeline and methodology to be used for Public Consultations on Parental Alienation as outlined in action 76 of Justice Action Plan (2021-23),Refused,02/02/2022
DOJ-FOI-2021-0870,Other,Any material held by the Department,relating to the scheme to regularise the immigration status of undocumented migrants,to be launched in January,which gives an estimate or analysis of the likely number of undocumented migrants in the country and/or the number who may apply for the regularization scheme.,Refused,08/02/2022
DOJ-FOI-2022-0031,Other,1. A copy of Draft Report on Approaches to the Concept of Parental Alienation in other Jurisdictions and timeline and methodology to be used for Public Consultations on Parental Alienation as outlined in action 76 of justice Action Plan (2021-23) 2. Information on the timeline and methodology to be used to undertake stakeholder consultations as outlined in the justice Action Plan action 76.,Refused,08/02/2022
DOJ-FOI-2022-0040,Journalist,A list of e-submissions sent to the Minister of Justice between 1 November 2021 and 18 January 2022.,Part Granted,08/02/2022
DOJ-FOI-2022-0003,Other,All records relating to a named organisation 12 April 2021 to 31 December 2021.,Part Granted,09/02/2022
DOJ-FOI-2021-0558,Journalist,All correspondence between the Department of Health and the Department of Justice regarding the vaccination of prison officers and members of An Garda Síochána from the period 1 January 2021 to 1 June 2021.,Part Granted,10/02/2022
DOJ-FOI-2022-0009,Other,"1. The number of staff working in communications within the Department. 2. A breakdown of these staff by job description and/or job title (e.g. number of press officers, heads of press office, directors of communications, social media staff, etc.) and for each, their salary bands.",Granted,10/02/2022
DOJ-FOI-2022-0036,Journalist,"Searches on email accounts of Secretary General, Minister McEntee and Minister Humphreys for the period 1 January 2021 and 17 January 2022 using the following terms: 1. Salary of DPP, 2. Remuneration of DPP, 3. Appointment of DPP, 4. Pension of DPP",Refused,10/02/2022
DOJ-FOI-2022-0032,Journalist,1. Complaints received from staff which allege that they were bullied by fellow staff. 2. Complaints received from staff which allege that they were harassed by fellow staff. 3. Complaints received from staff which allege they were sexually harassed by fellow staff.,Part Granted,14/02/2022
DOJ-FOI-2022-0052,Journalist,Access to any correspondence between a named organisation and Minister James Browne in relation to firearm licencing.,Part Granted,14/02/2022
DOJ-FOI-2022-0042,Journalist,"All correspondence between either the UCD/UCC/NUI Galway Confucius Institutes, and the Department of Justice, in relation to discussions on visa policy related to volunteer teachers from China, between 1 January 2021 and 18 January 2022. All correspondence between either the presidents of UCD/UCC/NUI Galway, on behalf of the college’s Confucius Institutes, and the Department of Justice, in relation to discussions on visa policy related to volunteer teachers from China, between 1 January 2021 and 18 January 2022.",Refused,15/02/2022
DOJ-FOI-2022-0051,Journalist,Access to any correspondence between a named organisation and Minister Lawless during 2021 and 24 January 2022.,Part Granted,15/02/2022
DOJ-FOI-2022-0016,Journalist,Any internal briefing documents prepared for the ministers in the Department on the issue of surrogacy in 2021.,Part Granted,16/02/2022
DOJ-FOI-2022-0028,Clients,"1. All guidance, notes, instructions and training material on use of discretion in respect to preclearance applications for Non-Visa required and a Non-EEA Spouses of a UK Citizen Sponsors. a. Recent and up-to-date list of supporting documents required from a UK Citizen to Sponsor an Applicant Spouse, a Non-Visa required and a Non-EEA National with no children or dependents. b. Recent and up-to-date list of supporting documents required in a preclearance application from an Applicant Spouse, a Non-Visa required and a Non-EEA National with no children or dependents. 2. Any document that lists, states, explains, instructs or advises on the evidence required for a preclearance application when: a. A UK Citizen Sponsor of a Non-Visa required and a Non-EEA Spouse has established ordinary residence in Ireland, b. A UK Citizen Sponsor of a Non-Visa required and a Non-EEA Spouse intends to establish ordinary residence in Ireland. 3. The recent list(s) of pre-approved or disqualified private medical insurance plans approved and listed by Health Insurance Authority (An tUdara Arachas Slainte) in compliance with Policy Document for a Category 1 Applicant. If aforementioned list(s) does not exist, please provide 20 recent private medical insurances approved in 2022 for other applicants in respect to Non-EEA Category 1 family member of a UK Citizen preclearance application.",Part Granted,16/02/2022
DOJ-FOI-2022-0049,Other,The Irish response to the Commission’s June 2021 questionnaire regarding data retention which was circulated as Council document WK 7294/2021 INIT and is available here: https://www.statewatch.org/media/2592/eu-council-data-retention-com-non-paper-wk-7294-2021.pdf.,Refused,16/02/2022
DOJ-FOI-2021-0896,Journalist,Any reports,evaluations,reviews or briefing material (or similar) held by the Department of Justice related to the use of electronic tagging or monitoring of offenders or people on bail since 2011.,Part Granted,21/02/2022
DOJ-FOI-2022-0091,Journalist,A copy of the letter sent by Law Society of Ireland Director General to the Minister for Justice Helen McEntee sent since 1 September 2021 relating to the difficulties experienced by third-level graduates from non-EEA countries (who qualified from Irish universities and colleges) in securing visas to train as solicitors in Ireland.,Refused,21/02/2022
DOJ-FOI-2022-0114,Journalist,A breakdown of ‘Official Entertainment’ spending for each Minister/Minister of State from June 2020 to 15 February 2022.,Refused,21/02/2022
DOJ-FOI-2021-0806,Journalist,All correspondence to and from senior officials as well as the Minister for Justice in relation to the proposed courts complex at Hammond Lane between August 2021 and 12 November 2021.,Part Granted,24/02/2022
DOJ-FOI-2022-0085,Other,"1. Report regarding Part 4 of the Criminal Law (Sexual Offences) Act 2017. 2. All submissions made by members of the public, NGOs and other groups in 2020 and 2021 to the review process conducted in respect of Part 4 of the Criminal Law (Sexual Offences) Act 2017. 3. All consultations and engagements with stakeholders in 2020 and 2021 in relation to the review of Part 4 of the Criminal Law (Sexual Offences) Act 2017.",Refused,25/02/2022
DOJ-FOI-2022-0151,Clients,A copy of the Post-Enactment Report: Criminal Justice (Enforcement Powers)(Covid-19) Act 2020.,Refused,25/02/2022
DOJ-FOI-2021-0798,Journalist,"1. Any internal documents, memos, policy papers or intended response to proposals for reform of the Data Protection Commission. 2. Minutes from meetings (in-person or online) with the Irish Council for Civil Liberties, in the last two years, which discussed the Data Protection Commission. 3. Minutes from meetings (in-person or online) with officials from the Data Protection commission in the last two years. 4. Minutes from meetings (in-person or online) with representatives from a named privacy activism group led by a named person.",Refused,03/03/2022
DOJ-FOI-2022-0048,Other,"Letter sent by the Banking & Payments Federation Ireland to the Department in relation to legislative support for a shared fraud database. The letter was sent between 1 September 2021 and 31 December 2021, per the lobbying register: https://www.lobbying.ie/return/80555/banking--payments-federation-ireland",Part Granted,03/03/2022
DOJ-FOI-2022-0071,Clients,A copy of the inquiry report completed by a named Judge and submitted to the Minister for Justice under section 42 of the Garda Síochána Act 2005 (as amended) concerning the adequacy of the Garda Síochána investigations and disciplinary inquiries that took place between 1984 and 1986 following the death of a named person.,Refused,03/03/2022
DOJ-FOI-2021-0441,Other,"1. Copies of any advice, guidance, or policies drafted, provided, or implemented by the Legal Services Support Unit of the Immigration Service Delivery in response to the Chenchooliah judgment. 2. Copies of any guidelines, policies, or criteria issued to decision-making staff of the Immigration Service Delivery when considering whether an individual comes within the remit of the Chenchooliah judgment.",Part Granted,04/03/2022
DOJ-FOI-2021-0834,Other,"1. Copies of any advice, guidance, or policies drafted, provided, or implemented by the Legal Services Support Unit of the Immigration Service Delivery in response to the Chenchooliah judgement and/or external legal providers. 2. Copies of any guidelines, policies, or criteria issued to staff of the Immigration Service Delivery when considering whether an individual comes within the remit of the judgement. 3. Copies of all briefing material provided to the Minister for Justice concerning the judgement.",Refused,04/03/2022
DOJ-FOI-2022-0150,Journalist,1. Copies of all correspondence between the Minister for Justice and/or her political staff and a named person and/or his staff since she was appointed in 2020. 2. Copies of any correspondence or representations the Minister and/or her political staff made on behalf of a named person and/or his staff to other Departments or state bodies since she was appointed.,Part Granted,04/03/2022
DOJ-FOI-2021-0891,Journalist,Any and all correspondence to and from the Department of Justice regarding the revelation that a female solicitor was made to remove item of clothing to enter a Dublin prison and visit her client,including the report which was compiled in the aftermath of the incident.,Part Granted,09/03/2022
DOJ-FOI-2021-0544,Clients,"Records relating to the policies and procedures governing the application of discretion in the treatment of the residence requirements as part of citizenship by naturalisation applications in respect of section 15(1)(c) of the Irish Nationality and Citizenship Act 1956, as amended. Specifically, records which relate to the treatment of absences from Ireland in:- 1. The years leading up to the year prior to making an application for citizenship by naturalisation. 2. The year immediately prior to the making of an application for citizenship by naturalisation (i.e. the ‘6-week rule’). Specifically, any guidance provided to decision makers in relation to the treatment of such absences and any information as regards the pattern of the Minister’s exercise of discretion which might take the form of a guidance document or correspondence.",Refused,10/03/2022
DOJ-FOI-2022-0086,Journalist,All correspondence held by the Department of Justice related to the proposal to replace all civilian drivers for Cabinet ministers and ministers who sit at Cabinet with Garda drivers. This should include any emails,text messages,WhatsApps or any other form of electronic communication as well as any memos and/or any other documentation related to this issue.,Refused,10/03/2022
DOJ-FOI-2022-0089,Clients,All records concerning the exercise of statutory function exercisable by the Minister for Justice to permit members of An Garda Síochána serve beyond their 60th birthday. 1. The dates of and all the records concerning the matters as submitted by the Police Authority and/or An Garda Síochána. 2. The dates such orders were granted by the Minister; 3. The ranks and station of each member of An Garda Síochána for whom the Minister has exercised her statutory functions to permit the member of An Garda Síochána to serve beyond their 60th birthday; 4. The duration of the periods granted by the Minister in each case and the age of each of the Garda at the end of the extensions (i.e. new compulsory retirement date) 5. The number of individuals and the duration of time of the extension. Duration of time covered by the request is 2019 through to 8 February 2022.,Part Granted,10/03/2022
DOJ-FOI-2022-0137,Other,The names and the application forms associated with the people that nominated a named person as a Commissioner of Oaths recently.,Refused,10/03/2022
DOJ-FOI-2021-0443,Other,Copies of any/all guidelines/training documentation provided to or used by decision-making staff/officers when deciding applications for leave to remain pursuant to Section 3(3)(a) of the Immigration Act 1999.,Granted,15/03/2022
DOJ-FOI-2022-0073,Clients,"Copies of any reports, reviews, analyses, submissions, recommendations, memos, approval documents, cost-benefit analysis, or other such high-level documents relating to the Department scheme to regularise the status of undocumented migrants in Ireland.",Part Granted,15/03/2022
DOJ-FOI-2022-0090,Journalist,"1. Any information relating to the Justice Minister’s Regularisation Scheme, particularly any emails or communications between Minister McEntee and any lawyer or other public servant (Government minister or otherwise) relating to the scheme’s constitutional legality. 2. Any information held regarding estimates of the number of illegal immigrants who might take advantage of the Government's new amnesty.",Part Granted,15/03/2022
DOJ-FOI-2022-0095,Other,"All records in the Department about the plans by Minister Helen McEntee to increase the number of beds in refuges and I am providing a link to an Irish Independent article dated 8 February 2022, which carries quotes from Minister McEntee about these plans. https://www.independent.ie/news/justice-minister-helen-mcentee-vows-to-deliver-more-refuge-beds-for-victims-of-domestic-abuse-41324457.html",Part Granted,15/03/2022
DOJ-FOI-2022-0154,Clients,"1. All correspondence (including documentation, minutes, timelines for the proposal, etc.) exchanged internally and externally by the Department of Justice regarding the proposal to add 400 refuge beds in Ireland to combat domestic violence against women. 2. The list of the nine counties that are currently without refuge beds in Ireland. 3. Where the present 140 refuge beds are located in Ireland.",Part Granted,15/03/2022
DOJ-FOI-2022-0015,Journalist,1. All correspondence between the officials in Department of Justice and officials in Hotline.ie on intimate image abuse since the implementation of Coco’s Law in 2021. 2. All briefing notes on the law since 2021 and the number of IIA reports and referrals to An Garda Síochána that the Department has been notified of.,Part Granted,16/03/2022
DOJ-FOI-2022-0041,Journalist,All records or minutes of meetings involving representatives of the OPW and representatives of An Garda Síochána on the matter of the Harcourt Square decant / Military Road build from 1 January 2021 to 19 January 2022,Part Granted,16/03/2022
DOJ-FOI-2022-0082,Journalist,"1. All information and correspondence relating to a review of the criminal law (sexual offences) act 2017, specifically relating to sex work, brothel keeping and the criminalization of the purchase of sex from January 2021 to 4 February 2022. 2. All correspondence held by the Department relating to the we live in a violent system report on Ireland's prostitution laws carried out by Amnesty International.",Part Granted,22/03/2022
DOJ-FOI-2022-0092,Journalist,"1. Any material held by the Department, relating to the scheme to regularise the immigration status of undocumented migrants, to be launched in January, which gives an estimate or analysis of the likely number of undocumented migrants in the country and/or the number who may apply for the regularization scheme. 2. Any correspondence regarding the scheme, including inter-departmental correspondences, that discuss the potential impact of the regularization, particularly with relation to rule of law and inward pull factors for migration.",Part Granted,22/03/2022
DOJ-FOI-2022-0155,Other,"1. Any internal briefings for the Minister For Justice Helen McEntee, and minutes of meetings attended by the Minister, or Department officials regarding the Citizens Assembly on Drugs. 2. List of meetings including date and attendees attended by the Minister For Justice Helen McEntee, or Department officials regarding the Citizens Assembly on Drugs. 3. Minutes of meetings attended by the Minister For Justice Helen McEntee, or Department officials regarding the Citizens Assembly on Drugs. 4. Any other records that relate to the Citizens Assembly on Drugs.",Refused,22/03/2022
DOJ-FOI-2022-0157,Other,"The 'Report of Refusals to Land' for each year (2019, 2020, 2021) from 1 January 2019 to 31 December 2021.",Part Granted,22/03/2022
DOJ-FOI-2021-0890,Journalist,Correspondence between then Minister for Justice Alan Shatter TD and the State of Israel,including the Israeli Embassy in Dublin,between 9 March 2011 and 7 May 2014. This would include a list of correspondence and records of meetings with Israeli representatives during his term of office.,Part Granted,25/03/2022
DOJ-FOI-2022-0124,Other,"1. Records showing the number of employee/official mobile devices - to include smartphones, laptops and tablets - reported lost by or stolen by employees/officials in 2020 and 2021. 2. Breakdown of same by device and year 3. Whether devices were encrypted or not.",Granted,28/03/2022
DOJ-FOI-2022-0006,Journalist,1. Any records held referring or relating to the DPC and allegations that it had lobbied EU data protection authorities. 2. Copies of any correspondence received or sent by the Department with regard to the above issue.,Part Granted,30/03/2022
DOJ-FOI-2022-0141,Journalist,The Departments costs related to paying companies outside of Government to dispose of documents in 2020 and 2021,with a breakdown of each year.,Granted,30/03/2022
DOJ-FOI-2022-0153,Clients,"1. Please provide information about the technologies currently in use along the UK / Irish border with the intention of prevention of illegal migration and/or border-related criminal activities. This includes, but is not limited to, video analytics software, drones/UAVs, facial recognition capable cameras. 2. Please provide information regarding the costs associated with each project. 3. Please outline the manufactures of each product purchased by the Home Office. 4. Please provide a copy of the most recent Data Privacy Impact Assessment completed related to these projects.",Refused,30/03/2022
DOJ-FOI-2022-0166,Clients,"1. Number of IT devices in your organisation (Please differentiate the devices ex: desktops, laptops, servers etc.). 2. Is your organisation planning to procure IT devices for 2022/23, 2023/24 and 2024/25. 3. Is your organisation planning to procure any IT Software applications for the above years.",Granted,30/03/2022
DOJ-FOI-2022-0176,Other,"In relation to Data Protection Commission: 1. Number of IT devices in your organisation (Please differentiate the devices ex: desktops, laptops, servers etc.). 2. If your organisation is planning to procure IT devices for 2022/23, 2023/24 and 2024/25. 3. If your organisation is planning to procure any IT Software applications for the above years.",Part Granted,30/03/2022
DOJ-FOI-2022-0081,Oireachtas / Public Reps,Any relevant documents,minutes and correspondence relating to the amending of the Irish Language requirement for An Garda Síochána recruitment.,Part Granted,05/04/2022
DOJ-FOI-2022-0133,Clients,Any correspondence between Department of Justice and An Garda Síochána regarding the €12m allocated towards the Garda Transport fleet budget in 2022 for the period of 1 October 2021 to 17 February 2022 inclusive.,Refused,05/04/2022
DOJ-FOI-2022-0126,Other,"All records, to include emails and correspondence, relating to the European Commission's proposed abolition of bi-annual clock changes (summer time/winter time) and its potential impact, from November 2018 to 17 February 2022.",Part Granted,07/04/2022
DOJ-FOI-2022-0180,Other,"1. Logs and statistics of Nigerian students who must have sought asylum from 2017-2022 years during or after their study. 2. Statistics of Visa application, refusal, acceptance of such applications from 2017-2022.",Part Granted,11/04/2022
DOJ-FOI-2022-0191,Journalist,All of the correspondence and documents held by the Department for the last two years relating to the Istanbul Convention guideline to have 1 refuge space for every 10,000 people in Ireland.,Part Granted,11/04/2022
DOJ-FOI-2022-0083,Journalist,1. All correspondence between the Minister for Justice and TD Patrick O'Donovan from 11 January 2022 to 4 February 2022. 2. All correspondence between the Minister for Justice and the Minister of State with responsibility for the OPW (also Mr O'Donovan) from January 2022 to 4 February 2022.,Part Granted,12/04/2022
DOJ-FOI-2022-0116,Journalist,All past refusal decision letters of the Criminal Injuries Compensation Tribunal in 2021. The number of decisions the Criminal Injuries Compensation Tribunal gave an extension of the 3 months deadline to in the past 2 years. All correspondence between the Chairperson of the CICT and the Department of Justice from 15 November 2021 to 15 February 2022.,Granted,14/04/2022
DOJ-FOI-2022-0187,Clients,"Minutes of meetings held between Taoiseach Leo Varadkar led team, alongside the Minister for Health Simon Harris TD, and the Minister for Health Promotion and the National Drugs Strategy, Catherine Byrne TD, and their teams on the New Drug and Alcohol Strategy from May 2016, including the Department of Justice and other members Departments of the committee. After the government committed to pursuing a health-led strategy rather than a Criminal Justice approach to drug abuse, to July 2017 when it was launched.",Refused,19/04/2022
DOJ-FOI-2022-0211,Journalist,1. The overall cost up to 1 March 2021 of the Commission of Inquiry into matters surrounding a named person. 2. The breakdown of monies paid to 24 March 2022 to the various legal representatives at the Commission. 3. The amount of days the Commission has sat for since its inception.,Part Granted,25/04/2022
DOJ-FOI-2022-0247,Journalist,I am seeking copies of all report(s) issued by a named company,as part of consultancy work for the Department of Justice,concerning Youth Diversion projects.,Refused,25/04/2022
DOJ-FOI-2022-0256,Other,The statistics of international students who transitioned from Stamp 1G to Stamp 4 in the last one year.,Refused,26/04/2022
DOJ-FOI-2022-0101,Other,"Any documentation/records held by the Department in relation to the following: An Garda Síochána Fitness and Physical Competence Test, to include any reviews and evaluations of same. Timeframe 1 January 2010 to 14 February 2022.",Refused,28/04/2022
DOJ-FOI-2022-0143,Other,"1. Any internal briefings for the Minister, and minutes of meetings attended by the Minister, or Department officials regarding Review of Spent Convictions & Certain Disclosures Act since 2019. 2. List of meetings including date and attendees attended by the Minister, or Department officials regarding Review of Spent Convictions & Certain Disclosures Act since 2019. 3. Minutes of meetings attended by the Minister, or Department officials regarding Review of Spent Convictions & Certain Disclosures Act since 2019. 4. Submissions from the public as part of the Public Consultation on Spent Convictions since 2019. 5. Any records, documents, results, or information derived by processing submissions from the public as part of the Public Consultation on Spent Convictions & Certain Disclosures act since 2019.",Part Granted,29/04/2022
DOJ-FOI-2022-0255,Other,The statistics of international students who transitioned from Stamp 1G to Stamp 4 in the last one year.,Refused,29/04/2022
DOJ-FOI-2022-0204,Journalist,All emails between UK Home Secretary Priti Patel and Minister Helen McEntee dated between 25 February 2022 and 15 March 2022 relating to the Russian invasion of Ukraine and resulting/emerging refugee response. All emails between the UK Home Office and The Department related to same dated between 25 February 2022 and 15 March 2022.,Part Granted,04/05/2022
DOJ-FOI-2022-0144,Journalist,Meeting minutes,internal correspondences,briefing documents,or memos (within the Department and/or office of the Minister) regarding plans for legislation or public campaigns relating to sexual or gender-based violence from the period 1 January 2021 to 21 February 2022.,Refused,10/05/2022
DOJ-FOI-2022-0202,Clients,"1. Statistical information about international students working more than 20 hours per week on a stamp 2 over the last three years. 2. Records/ minutes of meetings held regarding immigration policy, specifically on student permissions, over the last three years. 3. Records/ minutes of meetings or correspondence between The Department of Justice and a named organisation over the last three years.",Part Granted,10/05/2022
DOJ-FOI-2022-0218,Journalist,Any information,documents,or correspondence held by this Department relating to complaints of or investigations into workplace sexual harassment to cover the last five years.,Part Granted,10/05/2022
DOJ-FOI-2022-0131,Journalist,Copies of any correspondence received from Sheriffs nationally (listed in the table below) to the Minister for Justice or Secretary General of the Department of Justice since 1 January 2021 relating to the decline in the number of Revenue Commissioners certificates executed by them during the Covid-19 pandemic.,Part Granted,12/05/2022
DOJ-FOI-2022-0168,Journalist,All documents (briefing notes,internal and external correspondence,messages etc.) in relation to the Minister for Justice's meeting with the Bar Council in December 2021.,Part Granted,12/05/2022
DOJ-FOI-2021-0768,Journalist,Any correspondence between the Data Protection Commissioner and the Minister for Justice or senior figures (from the level of Assistant Secretary up) in the Department of Justice concerning the budget and resources of the Data Protection Commissioner and the pace of decision-making on fines that has been sent since the start of this year,1 January 2021.,Part Granted,16/05/2022
DOJ-FOI-2022-0135,Other,Minutes of or any notes taken,or memos arising from,a meeting between the Minister for Justice and the (outgoing) Inspector of Prisons during the week Monday 14 February 2022 to Friday 18 February 2022.,Refused,16/05/2022
DOJ-FOI-2022-0304,Journalist,1. Any correspondence between the Department of Justice and a named organisation and/or its representative(s) during time period of January 2020 to 6 May 2022. 2. Any correspondence between the Department of Justice and a named organisation during the same time period.,Refused,16/05/2022
DOJ-FOI-2022-0219,Journalist,Copies of any correspondence between Director of the Insolvency Service of Ireland,and the Department of Justice (including potential recipients Minister for Justice Helen McEntee or Secretary General at the Department of Justice Oonagh McPhillips or any other senior civil servants of the rank of Assistant Secretary) since 1 January 2021.,Part Granted,17/05/2022
DOJ-FOI-2022-0266,Journalist,"Copies of any correspondence between the Minister or the Secretary General for the Department, and named people re: 1. The migration programme / pledges by Irish families for accommodation for Ukrainian refugees. 2. Donations to the Red Cross and how money fundraised will be spent. Between 1 March 2022 - 14 April 2022",Refused,17/05/2022
DOJ-FOI-2022-0295,Journalist,"Copies of any reviews (external and internal) of the Immigrant Investor Programme (IIP) carried out since 2018, including but not limited to the first and second phase external reviews of the scheme",Part Granted,17/05/2022
DOJ-FOI-2022-0057,Clients,1. Internal procedure for processing Irish Citizenship applications. 2. Internal procedure for processing of all types of visa applications. 3. Any other relevant documents related to Immigration matters.,Part Granted,25/05/2022
DOJ-FOI-2022-0209,Journalist,"1. Copy of the report completed by a named Judge concerning the Garda investigation into the death of a named person. 2. Copy of the minutes of any meetings between the Minister for Justice and or Department of Justice officials with Garda Commissioner Drew Harris or senior Garda management concerning this report in 2018, 2019, 2020, 2021 and up to 23 March 2022. 3. Copy of the minutes of any correspondence including emails, letters or minutes of phone calls between the Minister for Justice and or Department of Justice officials with Garda Commissioner Drew Harris or senior Garda management concerning this report in 2018, 2019, 2020, 2021 and up to 23 March 2022.",Refused,25/05/2022
DOJ-FOI-2022-0289,Journalist,1. The overall cost up to 1 April 2022 of the Commission of Inquiry into matters surrounding a named person. 2. The breakdown of monies paid to 26 April 2022 to the various legal representatives at the Commission. 3. The amount of days the Commission has sat for since its inception.,Part Granted,30/05/2022
DOJ-FOI-2022-0296,Journalist,The total cost of legal fees defending challenges to asylum/immigration decisions in the High Court or elsewhere for 2019,2020 and 2021,broken down by year.,Granted,30/05/2022
DOJ-FOI-2022-0298,Journalist,A copy of the most up to date valuation report for Thornton Hall,Co Dublin.,Granted,30/05/2022
DOJ-FOI-2022-0132,Journalist,"1. All records from, and correspondence relating to, a meeting between the CEO of a named organisation and Mr Derek Tierney, Assistant Secretary of the Department of Justice in the period 1 September 2019 to 31 December 2019; 2. All correspondence between the organisation and Mr Derek Tierney, Assistant Secretary of the Department of Justice in the period 1 September 2019 to 31 December 2019; 3. All correspondence between the organisation and Mr David Stanton, Minister of State at the Department of Justice in the period 1 September 2019 to 1 July 2020; 4. All correspondence between the organisation and Ms Helen McEntee, Minister for Justice in the period 1 May 2020 to 21 February 2022; 5. All records from, and correspondence relating to, a meeting between the CEO of the organisation, a named person, and Mr James Browne and Ms Hildegarde Naughton, Ministers of State at the Department of Justice in the period 1 May 2020 to 31 August 2020; 6. All records from, and correspondence relating to, the attendance of Mr Charles Flanagan, Minister for Justice at an event hosted by the organisation in the period 1 September 2019 to 31 December 2019; 7. All correspondence between the organisation and Mr Charles Flanagan, Minister for Justice in the period 1 September 2019 to 1 July 2020; 8. All correspondence between the organisation and Mr Charlie McConalogue, Minister of State at the Department Justice in the period 1 July 2020 to 31 September 2020.",Part Granted,31/05/2022
DOJ-FOI-2022-0297,Journalist,1. Copies of any records held by the Department relating to the decision to open a Garda station on O'Connell Street in Dublin. 2. Copies of any correspondence between the Department and AGS with regard to the above from 1 Jan 2022 to receipt of request.,Part Granted,31/05/2022
DOJ-FOI-2022-0302,Other,All correspondence between a named person and Ministry of Justice re Coroner Service Archives.,Part Granted,31/05/2022
DOJ-FOI-2022-0305,Journalist,All correspondence between persons in the Department and the Bar Council of Ireland about the implementation of the Justice Action Plan and in respect of the Criminal Legal Aid Panel from September 2021 to 6 May 2022.,Refused,31/05/2022
DOJ-FOI-2022-0306,Journalist,All documents (briefing notes,notes,etc.) in respect of any meetings between the Bar Council of Ireland and the Minister/Department officials between 1 September 2021 and 6 May 2022.,Part Granted,31/05/2022
DOJ-FOI-2022-0320,Other,The following information relating to the regularisation of Long Term Undocumented Migrant Scheme. 1. Number of applicants who have applied for the above scheme. 2. Number of single or family applicants. 3. Revenue generated by the applicant fees thus far. 4. Number of applicants who were successful thus far. 5. Number of applicants unsuccessful thus far. 6. Statistical numbers about country of origins of applicants (single and family).,Granted,31/05/2022
DOJ-FOI-2022-0246,Journalist,A copy of all written correspondence,in all formats between the then Inspector of Prisons Patricia Gilheany and the Minister for Justice,the Department of Justice and the Minister of State at Justice in the months of January and February 2022.,Refused,01/06/2022
DOJ-FOI-2021-0902,Clients,"1. Copy of the export report on an identified case which was commissioned by the former Minister for Justice Mr Charles Flanagan, and 2. A copy of the additional evidence provided by a named organisation to the Minister for Justice, and 3. All correspondence between the Department of Justice and a named person.",Part Granted,03/06/2022
DOJ-FOI-2022-0162,Journalist,Copies of any records held referring or relating to the decision to waive visa requirements for Ukrainian citizens and/or their family members.,Part Granted,03/06/2022
DOJ-FOI-2022-0307,Journalist,"Records of all correspondence and/or meetings with a named person in 2020, 2021, and 2022.",Part Granted,07/06/2022
DOJ-FOI-2022-0308,Journalist,The response to Ad hoc query on submission of asylum applications at representations of Member State requested by EMN NCP Latvia on 20 August 2021 Link: https://ec.europa.eu/home-affairs/system/files/2022-02/202154_ad_hoc_query_on_submission_of_asylum_applications_at_representations_of_member_state.pdf,Part Granted,07/06/2022
DOJ-FOI-2022-0314,Journalist,1. A full breakdown of the fees paid to lawyers at the Disclosures Tribunal,including the amount paid to each individual. 2. Details of how much has been spent on taxis,on office supplies and on any other miscellaneous expenses.,Part Granted,14/06/2022
DOJ-FOI-2022-0344,Journalist,"1. Copies of any threat assessments, reports or ministerial briefing document in relation to (suspected or confirmed) linkages between the live export trade and criminal activity; 2. Minutes of any meetings with Gardaí, Customs/Revenue, and/or DAFM in relation to (suspected or confirmed) linkages between the live export trade and criminal activity; 3. Reports or assessments in relation to noted cases",Refused,14/06/2022
DOJ-FOI-2022-0359,Journalist,"Copies of correspondence in 2022 between Minister McEntee and the Council of the Bar of Ireland, including the correspondence outlined in the following lobbying return: https://www.lobbying.ie/return/83770/council-of-the-bar-of-ireland",Part Granted,14/06/2022
DOJ-FOI-2022-0370,Other,The names of all people on the Committee overseeing this public consultation. https://www.justice.ie/en/JELR/Pages/PR22000105.,Refused,14/06/2022
DOJ-FOI-2022-0248,Other,All reference to funding in respect of a named organisation since 1 January 2018.,Part Granted,16/06/2022
DOJ-FOI-2021-0659,Journalist,1. The pre-briefing provided to Minister Humphries ahead of her meeting with the Secretary of State for Northern Ireland on 5 May 2021. 2. The minutes from the meeting between Minister Humphries and Secretary of State for Northern Ireland on 5 May 2021. 3. The minutes of the meeting between Minister Humphries and Naomi Long on 5 May 2021. 4. The pre-briefing provided to Minister Humphries ahead of the meeting with Ms Long on 5 May 2021.,Part Granted,22/06/2022
DOJ-FOI-2022-0324,Journalist,"1. All notes, records and correspondence concerning the enforcement of the issuance of Covid 19 fines between 1 January 2020 and 31 December 2021 during the pandemic under the Freedom of Information Act. 2. A breakdown of Covid fines issued, paid and withdrawn/quashed during this period. Could you also provide a breakdown of court cases taken by Gardaí and the results of these?",Refused,27/06/2022
DOJ-FOI-2022-0335,Journalist,Records relating to specific cases where Irish couples went abroad for surrogacy but it transpired that neither were the parents of the child or specific cases where exploitation occurred. The time-period to be covered is the last 5 years.,Refused,04/07/2022
DOJ-FOI-2022-0336,Other,All correspondence between the Department of Justice/Minister for Justice and the Joint Committee on Justice since 5 March 2022 to 18 May 2022 on the Proceeds of Crime (Gross Human Rights Abuses) Bill (also known as the Magnitsky Bill). All correspondence between the Department of Justice/Minister for Justice and the Chair of the Joint Committee James Lawless TD and the Clerk of the Joint Committee on Justice from 5 March to 18 May 2022 on the Proceeds of Crime (Gross Human Rights Abuses) Bill (also known as the Magnitsky Bill).,Part Granted,04/07/2022
DOJ-FOI-2022-0355,Other,"Any email correspondence received or sent by the Minister for Justice, which relates to Human Trafficking or contains the words human trafficking and dated between 1 February 2022 and 30 May 2022. FOI request should focus on both the Minister's government email accounts e.g. gov.ie or justice.ie, and also her oireachtas.ie email account.",Part Granted,04/07/2022
DOJ-FOI-2022-0361,Journalist,"1. The number of inquests currently waiting to be opened in Longford, Leitrim and Roscommon. 2. The number of inquests currently which have been opened but are waiting to be heard in full in Longford, Leitrim and Roscommon. 3. The longest length of time currently since a person has died that an inquest has not yet been opened into their death in Longford, Leitrim and Roscommon. 4. The number of inquests which were waiting to be opened for the corresponding dates in 2021, 2020, 2019, 2018, 2017 and 2016. 5. Copies of any letters of concern from relatives, legal representatives or public representatives regarding the wait for inquests to be heard in Longford, Leitrim and Roscommon with personal information redacted.",Part Granted,04/07/2022
DOJ-FOI-2022-0380,Journalist,"Copies of any reports held based on monitoring of social media or social media mentions of your organisation in the period March, April, May of 2022. This should include any monitoring outputs, whether they are carried out internally, or by external providers and then provided to your offices.",Refused,04/07/2022
DOJ-FOI-2022-0381,Journalist,All correspondence between Trinity College Dublin and the Department of Justice related to the Immigrant Investor Programme from 1 April to 16 June 2022.,Part Granted,04/07/2022
DOJ-FOI-2022-0268,Journalist,Copy of all correspondence (including emails) to and from the Justice Minister in relation to a named Organised Crime Group since 1 July 2021.,Refused,05/07/2022
DOJ-FOI-2022-0275,Client,I wish to request the following records: The number of citizenship applications that have been received by the Department of Justice as of 1 April 2020. The number of citizenship applications that has been received by the Department of Justice as of 14 April 2022. The average timeframe for approving a citizenship application providing all necessary information has been provided in tabular form. The number and grade of staff within the Department of Justice that process citizenship applications on 1 April 2020 and 14 April 2022 in tabular form. I am also looking for the number of citizenship applications that are currently being processed by the Department of Justice on the two dates in question.,Part Granted,05/07/2022
DOJ-FOI-2022-0323,Other,"Please provide a monthly breakdown of how many Resident Cards were applied for by third-country spouses of EU-citizens, and how long the waiting time was, for every month from the time the Act came into force ie, 1 February 2016 to March 2022. 1. Additionally, how many of these Resident Cards were not processed within the statutory time limit, both as an absolute number and as a percentage of the total, for each month. I want to see how the Ministry has responded over time to the demand for Resident Cards. 2. Please provide monthly statistics on the number of people affected by this policy. How many people have been between permits at any point since it was introduced? 3. Additionally, please provide statistics on the number of people seeking permanent residency under the terms of the Directive, and the processing times for those applications. Again, this is for every month from early 2015 to current. 4. A monthly breakdown of how many of these visas - C visas under the terms of the Directive - were applied for, and how long the waiting time was, for every month from the beginning of 2015 (the month specified by Minister Fitzgerald) to currently. If you are unable to answer this question exactly, I will take whatever statistics the Minister was relying on, and their subsequent updates.",Part Granted,05/07/2022
DOJ-FOI-2022-0348,Journalist,"1. Correspondence between former Inspector of Prisoners, and officials in the Department of Justice between 1 January 2022 and 31 May 2022. 2. Correspondence between former Inspector of Prisoners, and the Minister of Justice between 1 January 2022 and 31 May 2022.",Part Granted,05/07/2022
DOJ-FOI-2022-0372,Journalist,All records related to the following lobbying return: https://www.lobbying.ie/return/85873/garda-representative-association,Refused,05/07/2022
DOJ-FOI-2022-0257,Journalist,All correspondence between the Minister for Justice and the Garda Commissioner since 1 January 2020. This includes correspondence under the Garda Síochána Act 2005 and relates to correspondence from/to the Minister and the Garda Commissioner regarding section 41 of the Garda Síochána Act 2005 only.,Refused,08/07/2022
DOJ-FOI-2022-0312,Journalist,"Any documents that lay out the current unaccompanied minor reunification process followed by the Department of Justice bodies, and Tusla. (E.g. when unaccompanied minors arrive at ports/airports in Ireland and an adult says they are a family member/parent there to meet them.)",Refused,11/07/2022
DOJ-FOI-2022-0319,Journalist,"Any correspondence, and attachments, between Tusla and the Department of Justice, including the Border Management Unit, that relates to the quality/adequacy of assessments carried out by Tusla of unaccompanied minors at ports/airports in Ireland, as part of their remit into approving or refusing requests for family reunification. The timeframe for this request is from 1 January 2020 to 17 May 2022. This request relates to when unaccompanied minors arrive at ports/airports in Ireland and an adult says they are a family member/parent there to meet them.",Refused,11/07/2022
DOJ-FOI-2022-0253,Journalist,All of the documents and correspondence held by the Department relating to a review/report carried out on familicide in relation the actual report and any reference to delays that may have been incurred in producing the report. I would like my query to cover the last year.,Part Granted,12/07/2022
DOJ-FOI-2022-0311,Journalist,"1. Records that show the number of times the Border Management Unit at Dublin Airport has called Tusla reps to ask them to assess an unaccompanied minor, broken down by year for 2018, 2019, 2020, 2021, and 2022 so far. 2. Records that show the number of times the Border Management Unit at Dublin Airport has called Tusla reps to ask them to assess an unaccompanied minor and whether they should be allowed to leave with an alleged family member, broken down by year for 2018, 2019, 2020, 2021, and 2022 so far. 3. Records that show how many unaccompanied minors have been allowed to leave with the family member/alleged family member, following the Tusla assessment, broken down by year for 2018, 2019, 2020, 2021, and 2022 so far.",Part Granted,12/07/2022
DOJ-FOI-2022-0326,Journalist,"Correspondence and responses held by the Minister for Justice and her Department from individuals, businesses, companies, charitable entities, regarding the prevalence of racism and racist attacks from 1 January 2022 to 18 May 2022. a) in Dublin, b) countrywide, May I also request briefing notes/reports/emails regarding the prevalence of racism and racist attacks a) in Dublin and b) countrywide from 1 January 2022 to 18 May 2022.",Part Granted,12/07/2022
DOJ-FOI-2022-0337,Journalist,"1. Records showing the number of times border control unit in all ports of entries Dublin, Cork, Shannon and Rosslare has called Tusla reps to ask them to assess an unaccompanied minor, broken down by year for 2018, 2019, 2020, 2021, and 2022 so far. 2. Records that show the number of times the Border Management Unit at Dublin Airport and other ports of entries including Dublin, Cork, Shannon and Rosslare called Tusla reps to ask them to assess an unaccompanied minor and whether they should be allowed to leave with an alleged family member, broken down by year for 2018, 2019, 2020, 2021, and 2022 so far. 3. Records showing how many unaccompanied minors have been allowed to leave with the family member/alleged family member, following the Tusla assessment, broken down by year for 2018, 2019, 2020, 2021, and 2022 so far. 4. Any correspondence, and associated attached documents, between Tusla and the Department of Justice, including the Border Management Unit, that relates to the quality/adequacy of assessments carried out by Tusla of unaccompanied minors at ports/airports in Ireland, as part of their remit into approving or refusing requests for family reunification.",Part Granted,12/07/2022
DOJ-FOI-2022-0347,Journalist,"Copies of any briefings, submissions, reports, memos, or other such overview/explanatory documents prepared for either the Secretary General or the Minister with regard to the introduction of facial recognition technology. This request to cover the period 1 May 2022 to 31 May 2022.",Part Granted,12/07/2022
DOJ-FOI-2022-0379,Other,All correspondence to and from IBEC (in particular the Telecommunications Industry Ireland subgroup) in 2022 regarding data retention,specifically a letter from IBEC and a response that issued in May or early June 2022.,Part Granted,13/07/2022
DOJ-FOI-2022-0387,Other,"1. In relation to all CCTV cameras that you have procured from 2017 until the present, please provide: the names of each company and the names of the products including the model numbers; the contracts with each company; the cost per unit and the total costs; and the duration of contracts and/or licenses. 2. Please provide records that state the capability of the CCTV cameras (along with their storage and processing units whether locally, on a server or in the cloud), such as facial recognition, temperature/thermal scanning, behaviour analysis, object detection or demographic detection (i.e. age, gender, clothing etc). 3. For all CCTV cameras procured between 2019 and present, please also provide the documents and communication (such as letters and emails) involving the company that was awarded the contract. If the records in response to point 1 in this request contain product model/numbers, then point 2 can be removed.",Refused,18/07/2022
DOJ-FOI-2022-0405,Clients,A report on Sex Work,from GOSHH and University of Limerick nominally titled `Working it` Funded through dormant account funds and submitted in 2022 to the delayed Review of Part IV of the Sexual Offences Act 2017.,Granted,19/07/2022
DOJ-FOI-2022-0382,Journalist,Documents related to the selection process and appointment of named person by the Department to the Group of Experts on Action against Violence against Women and Domestic Violence (GREVIO) between 1 February and 15 June 2020.,Part Granted,25/07/2022
DOJ-FOI-2022-0216,Clients,In respect of the Regulation EC4/2009 (Reciprocal Enforcement of Maintenance orders) I request access to the following: Post 1 January 2017: 1. How many applications have there been to Irish Central Authority channelled to the new system? 2. How many effective enforcements have there been cases effectively enforced to the terms of the court order and those monies forwarded to the claimant between 1 January 2017 and 31 December 2021? 3. How many cases are outstanding from this period? Pre 1 January 2017: 1. How many cases remain outstanding from the pre 2017 group under the old system? 2. How many cases have been effectively enforced to the terms of the court order and these monies forwarded to the claimant? The system for incoming applications was changed and all new applications go through Dublin Metropolitan District Court since January 2017.,Part Granted,31/07/2022
DOJ-FOI-2022-0271,Client,"The Minister’s published policy guidance on appraising naturalisation applications on the basis of Irish descent and/or Irish associations. This being entitled “Applications based on Irish descent or Irish associations” and published online at the web address https://www.irishimmigration.ie/how-to-become-a-citizen/applications-based-on-irish-descent-or-irish-associations. The Minister’s policy guidance, whilst discussing ‘ascent’ and ‘descent’ as would typically be the case for blood relations, makes no mention of, or reference to, the Minister’s appraisal of Irish associations through affinity in the form of marriage to an Irish Citizen. Please would you be kind enough to furnish me any supplementary policy guidance or additional records reflecting any principles, procedures, rules, policies and/or guidelines used by the Department of Justice, over and above the aforementioned published policy guidance, that would provide direction as to the Minister’s absolute discretion in appraising naturalisation applications where Irish associations are claimed through marriage to an Irish Citizen.",Refused,31/07/2022
DOJ-FOI-2022-0404,Journalist,Copies of all correspondence – including text messages,emails,letters etc - sent between Justice Minister Helen McEntee and the Clinical Director of Navan Hospital since April 2022 around the topic of Navan Hospital.,Refused,02/08/2022
DOJ-FOI-2022-0410,Other,"All correspondence between the Department and Transgender Equality Network Ireland: TENI over the last five years but especially, 1. Inputs into strategic documents. 2. Requests for legislative change (especially around hate speech/social media discussions). 3. Funding requests. 4. Details of one-to-one meetings with Department of Justice officials either attended or not attended by the Minister. 5. Conflict of interest declarations by staff in relation to dealing with TENI.",Part Granted,02/08/2022
DOJ-FOI-2022-0426,Other,Documents or correspondence between sitting/past Ministers and/or officials,and any member or representative of Cannabis Risk Alliance Ireland since 2018.,Refused,02/08/2022
DOJ-FOI-2022-0159,Clients,"Records relating to the following: 1. How many people have been granted a certificate of naturalisation pursuant to section 16 of the Irish Nationality and Citizenship Act 1956 in total in the past five years and in the past 12 months? 2. How many have been granted pursuant to section 16 by reason of `Irish descent` in the past five years and in the past 12 months? 3. How many have been granted pursuant to section 16 by reason of `Irish association` in the past five years, and in the past 12 months? 4. How many people have been granted pursuant to section 16 by reason of 'Irish association` that were based on Irish ascent in the past five years and in the past 12months?",Part Granted,03/08/2022
DOJ-FOI-2022-0386,Journalist,"The number of adopted minors who have been admitted to the State in accordance with s. 56 of the International Protection Act 2015 since the commencement of that Act, with a breakdown by country of origin.",Refused,03/08/2022
DOJ-FOI-2022-0350,Other,"Records and materials related to the solicitation, acquisition, and use of Facial Recognition Technology (FRT) (ONLY) to cover the period 2016 to date. The software or services may be provided by any company providing FRT/biometric identification services under consideration or a contract with An Garda Siochana and/or Department of Justice. 1. Procurement and tender documents; 2. Contracts, licensing agreements, non-disclosure agreements, free-trial agreements; 3. Records related to meetings or follow-up actions with any vendors, companies, or other private entities marketing FRT and/or biometric identification services to the Department of Justice for any use; 4. Purchase orders and invoices; 5. All marketing materials - unsolicited, requested, or otherwise - acquired from vendors of FRT and/or biometric identification services; 6. Any policy directives, guidance documents, memoranda, training materials, or similar records governing the use of FRT and/or biometric identification services for Policing, immigration, or other purposes. Any memoranda of understanding between the Department of Justice and other agencies to share FRT/biometric data, access remote FRT systems and/or biometric identification systems or other forms information sharing with external agencies; and 7. Records, reports, audits, and other documents sufficient to describe validation, accuracy, reliability, and policy compliance of the FRT and/or biometric identification technology systems.",Part Granted,04/08/2022
DOJ-FOI-2022-0392,Other,"1. Copies of all information, material and documentation pertaining to staff training and procedures surrounding the identification of suspected victims of human trafficking. 2. The number and records of individuals who were referred by airport and port immigration officers as suspected victims of human trafficking in the last 10 years. 3. The number of which who were children.",Part Granted,04/08/2022
DOJ-FOI-2022-0366,Other,"Copies of all correspondence between the Offender Management and Oversight Group (OMOG) and SORAM (or its constituent agencies) regarding the cessation of the production or publication of an annual report during the years 2020, 2021 and 2022 to date.",Refused,09/08/2022
DOJ-FOI-2022-0413,Other,The number of people in the last 5 years that have disembarked an aircraft at Dublin Airport claiming asylum but could not provide a passport.,Part Granted,09/08/2022
DOJ-FOI-2022-0014,Other,Records pertaining to delay in cases before the Court of Criminal Appeal and the Court of Appeal - Criminal Division.,Part Granted,11/08/2022
DOJ-FOI-2022-0343,Journalist,"I understand that from time to time the Department organises exhibitions, conferences etc., where the paid services of guest speakers, broadcasters or others may be required. May I ask for available copies of records created in relation to this from 1 January 2017 to 27 May 2022, to include, but not limited to, the following: Records of events where paid services of MCs, conference hosts, after-dinner speakers, conference or event moderators, broadcasters etc. were acquired. Records of the names of the people hired for each of these events. Individual pay for these persons per event.",Part Granted,12/08/2022
DOJ-FOI-2022-0213,Journalist,"Records relating to expenses incurred and gifts received by the Minister and Junior Ministers at the Department during their visits abroad for St Patrick's Day this year, specifically: The cost of travel and accommodation for the Minister/junior Ministers, The cost of travel and accommodation for any advisers or other staff for the Minister/junior Ministers, The cost of any gifts (including shamrock) incurred by the Department for the trip, Any other costs associated with the trips, Details of any gifts received while the Minister/junior Ministers were on the trips.",Granted,18/8/2022
DOJ-FOI-2022-0393,Journalist,"In relation to travel undertaken by Minister McEntee and Minister of State Browne as part of the 2022 St Patrick’s Day Programme to Rebuild Connections, I would like to receive: 1. The names of people who accompanied the Ministers on their respective trips and their job titles or relationship to the Ministers. 2. The schedule of flights undertaken by the above people as part of their respective trips, including flights to and from Ireland, connecting flights and the names of airports where departures and arrivals took place. Also, please include whether the flights were economy class, business class, first class or other and the name of the airline used for each flight. 3. The Ministers’ itinerary for their respective trips. 4. A breakdown of expenses accrued and paid by Government for the trips, including flights, accommodation, subsistence, gifts, PCR testing, taxis/public transport, etc..",Part Granted,22/08/2022
DOJ-FOI-2022-0408,Business/Interest Groups,1. All reports published by the Steering Committee on Audio and Audio/Video Recording of Garda Questioning of Detained Persons (bar the third report which is available online). 2. All reports published by the Advisory Committee on Garda Interviewing of suspects as set up in 2010 as they pertain to audio visual recording of garda interviews. 3. Any documents produced by the Department of Justice on the matter of audio visual recording of garda interviews.,Part Granted,22/08/2022
DOJ-FOI-2022-0278,Journalist,"I am requesting the release of details regarding expenses incurred by the Minister and Department's Junior Minister(s) during St Patrick's Day programme visits abroad this year, specifically: 1. The cost of travel and accommodation for the Minister, 2. The cost of travel and accommodation for any advisers or other staff for the Minister, 3. The cost of any gifts (including shamrock) incurred by the Department for the trip, 4. Any other costs associated for the trip, 5. A copy of all receipts associated with the trip",Part Granted,23/08/2022
DOJ-FOI-2022-0391,Other,"All documents and records in relation to the selection, and the selection criteria, of the Firearms Expert Committee.",Part Granted,23/08/2022
DOJ-FOI-2022-0425,Other,"Specific information concerning the EUTR Division as currently operating under the Ministry of Justice. 1. I wish to know who the head of this Department is. What title is designated to this position and the duration to which the current individual has remained in the post. Also, what are their contact details. 2. I wish to know if there is a senior management team in place for this Department and if so, the titles given to each position and the names of those is such positions. Also, what are their contact details. 3. I wish to know how many people are currently employed in the operations and duties carried out by the EUTR Division. Also, for the years 2021, 2020, 2019, 2018, 2017, 2016 & 2015.",Part Granted,23/08/2022
DOJ-FOI-2022-0430,Other,"Under the Freedom of Information Act 2014 I would like to request the following information. The average wait time for Report Only / Report & Post Mortem / Report, Post-Mortem & Inquest by County. I am looking to understand the average waiting time a next of kin needs to wait from the moment the coroner is involved until a case is closed i.e. case start date and case end date. I would like these average times by report type (as per your Coroner Annual Returns publication) and by county.",Refused,23/08/2022
DOJ-FOI-2022-0439,Journalist,A list of all e submissions sent to the senior Minister during Q2 of 2022.,Part Granted,23/08/2022
DOJ-FOI-2022-0420,Journalist,A spreadsheet/database of all visa applications received in 2021 broken down by country,by gender,and by the success/failure rate for each country.,Part Granted,30/08/2022
DOJ-FOI-2022-0431,Other,"1. A complete and fully understandable and readable breakdown of payments so far that has been incurred with the Section 42 Inquiry regarding alleged garda corruption into the handling of the investigation into the death of named individual. 2. A complete and fully understandable and readable breakdown of external payments that have incurred in this inquiry outside of the Section 42 Inquiry set-up. 3. A list of time-line extensions that has been granted and a reason for each one. 4. The number of meetings that the Minister for Justice or a representative for the Minister for Justice has had with this Judge over this inquiry. 5. The number of meetings that the Minister for Justice legal team has had to be involved with the continued process of this inquiry and the number of times, and length of times the inquiry had to be stopped until each issue was resolved.",Granted,31/08/2022
DOJ-FOI-2022-0437,Business/Interest Groups,"I am writing to seek information in relation to a subject that covers both Health and Justice. I note that there are previous releases on this subject from your Department, for example DOJ-FOI-2019-0621. I am seeking all records relating to Medically Supervised Injection Centres dated between 14 July 2021 and 13 July 2022.",Refused,31/08/2022
DOJ-FOI-2022-0424,Journalist,1. Records of correspondence between the Department of Justice and An Garda Síochána since January 2022 regarding the opening of a small immigration detention unit within the newly refurbished Garda station at Dublin airport. 2. Records of correspondence between the Department of Justice and An Garda Síochána between 1 March 2022 and 25 June 2022 regarding the number of foreign nationals who have been held at the newly refurbished Garda station at Dublin airport after being refused leave to land. 3. Records of correspondence between the Department of Justice and An Garda Síochána between 1 March 2022 and 25 June 2022 regarding the nationalities and sex of the people held in these four immigration units. 4. Records of correspondence between the Department of Justice and An Garda Síochána regarding any challenges which have arisen in the operation of these 4 detention cells for immigration detainees at the garda station in Dublin airport.,Part Granted,01/09/2022
DOJ-FOI-2022-0435,Other,"All records in all forms concerning the 'Review of extending the retirement age for members of An Garda Siochana”. I am referring to the records as set out in a Department of Justice statement relied upon by the Irish Examiner, as reported on 22 February 2022. … 2018, the then Minister for Justice Charlie Flanagan gave a commitment to review the age of retirement of the leadership tiers of an Garda Siochana. This review is ongoing and it is hoped to be finalised shortly",Refused,01/09/2022
DOJ-FOI-2022-0483,Journalist,Records of communications relating to the Assisted Decision-Making (Capacity) Act 2015 between employees and board members of the HSE and the Minister for Justice and her officials from 1 January 2022 to 31 July 2022 inclusive.,Refused,05/09/2022
DOJ-FOI-2022-0407,Other,"1. Budgets, finances allocated by the Minister to the Irish Prison Service for the operations of equestrian services at Castlerea Prison to include stable construction costs, fit-out of stables, horse and staff specific clothing, saddlery, transport vehicles and other. 2. The cost of transport, security, food and other apropos to the Minister's attendance to any official ceremonies at Castlerea Prison on 21 April 2022.",Refused,09/09/2022
DOJ-FOI-2022-0399,Other,"1. Copies of any proposed legislation, including reports policy papers and drafts relating to the Irish Film Classification Office from 1 January 2020 to 7 July 2022. 2. Copies of any reviews, or reports relating to the Irish Film Classification Office from 1 January, 2020 to 7 July, 2022. 3. Copies of minutes or meeting notes relating to the Irish Film Classification Office from 1 January, 2020 to 7 July, 2022. 4. Above records relating to the policy/operational context of IFCO.",Part Granted,15/09/2022
DOJ-FOI-2022-0448,Journalist,All correspondence between Trinity College Dublin and the Department of Justice related to the Immigrant Investor Programme from 16 June 2022 to 5 August 2022.,Refused,15/09/2022
DOJ-FOI-2022-0467,Journalist,All correspondence to and from the Minister for Justice in relation to the establishment of a dedicated public transport-policing unit from July 2022 until present.,Part Granted,15/09/2022
DOJ-FOI-2022-0442,Business/Interest Groups,"1. The number of applications for family reunification made, in accordance with s. 56 of the International Protection Act 2015, between July 2017 and July 2022 for persons who are said to have adopted by the application sponsor. 2. The number of those applications, which were refused. 3. A breakdown by nationality.",Refused,20/09/2022
DOJ-FOI-2022-0463,Other,1. Annual Expenditure through criminal legal aid to defence Medical Experts for the years 2012 to 2018. 2. Annual Expenditure through criminal legal aid to defence Medical Experts known to be under investigation for misleading the court in another country for the years 2012 to 2018.,Part Granted,20/09/2022
DOJ-FOI-2022-0440,Journalist,Any correspondence between the Data Protection Commissioner and the Department of Justice regarding the recruitment of additional or replacement of staff within DPC in the period of 1 January 2021 and to date in 2022. I'm only seeking information regarding staff recruitment at the grade of APO or equivalent and above.,Part Granted,22/09/2022
DOJ-FOI-2022-0470,Other,A breakdown of the age and sex of the people who arrived with no documents for the year 2022 to end of July as per response to FOI- 2022-0413.,Granted,26/09/2022
DOJ-FOI-2022-0464,Journalist,"All correspondence relating to the Coroner’s Bill, 2007. “Record showing discussions around why that bill did not proceed.” Coroner’s Bill 2007.",Part Granted,29/09/2022
DOJ-FOI-2022-0481,Other,1. All Quarterly Output Reports from Ruhama from 2018 to the present day. 2. All References to Garda Training given by Ruhama from 2018 to the present day.,Part Granted,30/09/2022
DOJ-FOI-2022-0385,Journalist,The Department’s latest internal review/audit report/ document of the citizenship application process.,Refused,30/09/2022
DOJ-FOI-2022-0482,Journalist,"1. Details relating to all payments made under the Criminal Legal Aid Scheme relating to proceedings before the District and Circuit Courts in Louth from 2017 -2021(inclusive) broken down by year. 2. To include, if possible, a general breakdown of what the money was used for, i.e. mileage and subsistence for legal professionals visiting clients, photocopying, translation services, medical reports and technical reports etc.",Part Granted,30/09/2022
DOJ-FOI-2022-0506,Journalist,"1. Correspondence between Extern and the Minister for Justice, sent and received, on the topic of Extern's pre budget submission, between 1 May and 15 September 2022 https://www.lobbying.ie/return/87605/extern-Ireland 2. Internal correspondence within the Department related to Extern's above correspondence on its pre-budget submission, from date of the above correspondence to 15 September 2022.",Granted,04/10/2022
DOJ-FOI-2022-0434,Journalist,Copies of all records held referring or relating to the decision to resume deportations for failed asylum seekers later this year. This request to cover the period 1 April 2022 to date.,Refused,04/10/2022
DOJ-FOI-2022-0491,Other,Can the Department reveal the date of applications received under the Family Member of EU/EEA/Swiss Citizen category of visa that are being processed at this moment?,Refused,11/10/2022
DOJ-FOI-2022-0530,Journalist,"All documents from 1 January 2019 to 1 September 2021, related to any procurement processes by the Department of Justice or bodies under the Department's remit that involve 3 named companies. This includes all correspondence to and from the aforementioned companies.",Refused,12/10/2022
DOJ-FOI-2022-0537,Journalist,1) Correspondence and/or memos between the Department of Justice and the UK government and/or authorities (including Northern Ireland) in relation to UK transit visas for the fishing industry from 1 January 2021 to date. 2) Number and details of prior notifications received by Irish authorities in relation to people with UK transit visas for the fishing industry from 1 January 2021 to date. Please include the ethnicity of migrant workers where recorded.,Refused,13/10/2022
DOJ-FOI-2022-0396,Journalist,1. All emails and letters (including attachments) between representatives of the Irish Prison Service and the Department of Justice between 1 April 2021 and 30 June 2022 that relate to the logistics of housing transgender inmates. 2. Copies of minutes of any meetings held between the Department and the Irish Prison Service relating to the same topic between the same dates as above. 3. Any internal Department documents on the same between the same dates.,Part Granted,14/10/2022
DOJ-FOI-2022-0493,Journalist,All correspondence between the Department of Justice and Drew Harris,the Garda Commissioner,between 5 November 2020 and 6 September 2022 relating to the ruling by the workplace relations commission that the age limit of 35 for people joining the Gardaí is unlawful.,Part Granted,14/10/2022
DOJ-FOI-2022-0446,Journalist,Copies of correspondence to/from Minister for Justice Helen McEntee on the topic of the proposed Criminal Justice (Incitement to Violence or Hatred and Hate Crime) Bill 2022. The correspondence can be limited to items to/from: politicians; political parties; non-governmental and human rights organisations; academics; members of the public. The time period can be limited to 1 January 2022 to 5 August 2022.,Part Granted,14/10/2022
DOJ-FOI-2022-0497,Journalist,The number of applications for citizenship in each year over the last five years (2018 to date in 2022). Please also provide a breakdown for each year - granted,refused etc. and please include the total number of pending requests that were outstanding at the end of each year (or up to current date for 2022).,Part Granted,17/10/2022
DOJ-FOI-2022-0429,Business/Interest Groups,"1. A copy of all documents, records, and correspondence relating to or which constitute inputs to the Department of Justice’s decision in relation to the governance structures of the office of the data protection commission, including the terms of reference and objectives of any review which was undertaken by the Department, any expert submissions which were relied upon in conducting any review. 2. A copy of all documents, records, and correspondence in relation to the scoping of the roles and responsibilities of any additional commissioners and the method for their appointment, and any documents relating to discussions with the DPC in respect of how the additional commissioners will be integrated into the operating structures and internal directorates in the DPC.",Part Granted,18/10/2022
DOJ-FOI-2022-0469,Other,"All records in the Department recording discussion by Minister Helen McEntee, Minister of State James Browne and the Department relating to the following : 1. The health and safety implications for women in women’s refuges ( emergency shelters ) that may arise from admitting males who take out gender identity certificates under the gender identity act 2015, changing their sex to female, and who are admitted as women to refuges. 2. The potential negative impact on the mental and psychological of women admitted to women’s refuges that may arise from the presence of male bodied persons in women’s refuges. (Emergency shelters). 3. Copies of health and safety assessments carried out in relation to 1 and 2 as listed above.",Refused,18/10/2022
DOJ-FOI-2022-0513,Other,"I respectfully request an overall schedule of records and detailed expenditure up to and including September 2022, pertaining to the €8m allocated to the Department of Justice for the Dublin coroner to carry out an inquest into the Stardust fire.",Refused,20/10/2022
DOJ-FOI-2022-0476,Other,"All documents containing any guidance to decision makers, officials or civil servants who are involved in making decisions to: on certificates of naturalisation and/ or any policy and/ or policies relating: A. What is meant by good character 1956; in section 15 and/ or part iii of the Irish nationality and citizenship act, 1956. B. The exercise of the Minister's discretion under section 15 and/ or part iii of the Irish nationality and citizenship act, 1956 and/ or the way in which it is to be or should be exercised.",Part Granted,25/10/2022
DOJ-FOI-2022-0524,Other,Under the FOI Act I am requesting to have a full demographic breakdown of Ukrainian foreign nationals who have arrived in Ireland (breakdown provided). I would also like to know if the EU is providing the complete funding to process and provide welfare,housing,schooling,retraining,English classes etc. to insure a homogeneous transition for these poor souls to live in Éire or is the costs born by the Irish taxpayers?,Refused,26/10/2022
DOJ-FOI-2022-0373,Journalist,Any documents,notes,communications or briefings generated since January 2019 relating to the Crimestoppers initiative,its operations and its future.,Part Granted,26/10/2022
DOJ-FOI-2022-0500,Client,"1. Any and all records created from 1 January 2014 to 1 January 2016 including drafts thereof and all electronically stored information) generated by or held by the Department of Justice (the “Department”) or any employee or agent therefore, regarding the alleged illegal adoptions and alleged illegal birth registrations of children. 2. Any and all records created from 1 January 2014 to 1 January 2016 (including drafts thereof and all electronically stored information) generated by or held by the Department or any employee or agent therefore, regarding St. Patrick’s Guild. 3. Any and all minutes of meetings or notes of telephone calls (including drafts thereof), correspondence and accompanying documents (including electronic correspondence), created from 1 January 2014 to 1 January 2016; and exchanged between any employee or agent of the Department and the Department of Children, Equality, Disability, Integration & Youth (and its predecessor, the Department of Children and Youth Affairs), Tusla, the Department of Health (and its predecessor, the Department for Local Government and Public Health), the Department of Foreign Affairs (and its predecessor, the Department of External Affairs), and/or the Adoption Authority of Ireland in relation to the issue of illegal adoption and/ or illegal birth registration of children. 4. Any and all minutes of meetings or notes of telephone calls (including drafts thereof), correspondence and accompanying documents (including electronic correspondence) and documents created from 1 January 2014 to 1 January 2016 and exchanged between any employee or agent of the Department and the Department of Children, Equality, Disability, Integration & Youth (and its predecessor, the Department of Children and Youth Affairs), Tusla, the Department of Health (and its predecessor, the Department for Local Government and Public Health), the Department of Foreign Affairs (and its predecessor, the Department of External Affairs), and any person in relation to the issue of the procurement birth certificates, baptismal certificates and/ or passports for children the subject of an illegal adoption and/or illegal registration. 5. Any and all records (including drafts thereof and all electronically stored information) generated by or held by the Department or any employee or agent therefore, regarding the examination of records of Saint Patrick’s Guild. 6. Any and all records (including drafts thereof and all electronically stored information) generated by or held by the Department or any employee or agent therefore, regarding the Incorrect Birth Registrations Project.",Part Granted,26/10/2022
DOJ-FOI-2022-0498,Journalist,1. The memorandum of understanding between Ireland and the Dubai International Financial Center (DIFC) courts which was approved by the Cabinet in 2018. 2. All records relating to this MOU between officials in the Department of Justice (internally) as well as any records relating to correspondence regarding this MOU with external parties.,Part Granted,27/10/2022
DOJ-FOI-2022-0515,Journalist,Access to all correspondence or minutes of any meetings between named company and Minister McEntee and / or Patrick Cluskey in relation to the Online Safety and Media Regulation Bill.,Part Granted,27/10/2022
DOJ-FOI-2022-0522,Other,"Any correspondence between named person and the Justice Minister or the Secretary General on his appointment to the commercial court in Dubai between February and 31 July. Any correspondence between named person and the Justice Minister or the Secretary General on his appointment to the commercial court in Dubai between February and 31 July. The above should include all written forms of correspondence including, but not limited to emails, texts, WhatsApps, Signal and letters.",Refused,28/10/2022
DOJ-FOI-2022-0546,Other,"The IPO stats for July state there were 7,760 asylum applications can you provide 1. The breakdown of males v females. 2. The age brackets of the asylum seekers.",Granted,01/11/2022
DOJ-FOI-2022-0512,Journalist,Access to correspondence between Minister McEntee and named company during 2022 in relation to the Draft Communications (Retention of Data) (Amendment) Bill 2022.,Granted,01/11/2022
DOJ-FOI-2022-0492,Other,"1. How each counsel were picked to be part of the IRM and what influence the Department of Justice and the attorney general had in this process. 2. How Mr. Justice Roderick Murphy was picked to be part of the IRM and what influence the Department of Justice and the attorney general had in this process 3. How much each counsel were paid for ach individual case they reviewed during the independent review mechanism and how long each individual review took each counsel. 4. How much each senior counsel were paid for overseeing the operation of the mechanism and ensure consistency of approach across all the cases. 5. The retention fee each junior counsel were paid. 6. How much Mr Justice Roderick Murphy received in payments and how long he was involved in this process, I.e., how many hours in total broken down into how many days he worked as well. 7. The number of meetings that they then Minister for Justice or a representative for the Minister for Justice has had with any member the IRM. 8. The number of meetings that the then Minister for Justice legal team has had to be involved with the continued process of the IRM and the number of times, and length of times the IRM had to be stopped until each issue was resolved. 9. The number of meetings the attorney general or a representative of this office had to be involved with the continued process of the IRM and the number of times, and length of times the IRM had to be stopped until each issue was resolved.",Part Granted,01/11/2022
DOJ-FOI-2022-0531,Journalist,"Access to all records relating to the meeting with Flutter Entertainment outlined in this lobbying return: flutter entertainment plc (1 May, 2022 to 31 Aug., 2022, legislation) - lobbying.ie I wish to cover the period 1 May 2022 to 28 September 2022.",Part Granted,01/11/2022
DOJ-FOI-2022-0558,Journalist,The number of unclaimed bodies in mortuaries around the country,with a list showing how long each body has been unclaimed for.,Part Granted,01/11/2022
DOJ-FOI-2022-0532,Journalist,"Access to all records relating to the meeting with meta outlined in this lobbying return: Meta Platforms Ireland ltd (1 May, 2022 to 31 Aug., 2022, legislation) - lobbying.ie I wish to cover the period 1 May 2022 to 28 September 2022.",Part Granted,02/11/2022
DOJ-FOI-2022-0504,Other,I am requesting information on the numbers of refugees coming into Ireland using the the international protection act. I would like the monthly numbers since January and also the countries of origin. 1. Monthly numbers coming to Ireland. 2. An aggregate of all countries of origin and where they actually arrived from 3. Break down numbers of male/female/children,Granted,02/11/2022
DOJ-FOI-2022-0536,Other,"(I) The number of Deportation Orders made and effected (removed from State) by nationality by INIS from 2018 to date (by calendar year). (ii) EU removal orders made and effected by nationality by INIS from 2018 to date. (iii) Staff levels of Repatriation Unit in INIS by grade (and by calendar year) from 2018 to date. (iv) Any documentation setting out protocols for verifying the identity of applicants applying under the above Scheme and any documentation pertaining to criminal conviction checks. (v) Minutes of any meetings held by both Minister McEntee and Minister of State Browne with asylum and immigration NGOs in 2022 to date (Refugee Legal Council, Immigration Council of Ireland, Doras Luimni etc).",Part Granted,04/11/2022
DOJ-FOI-2022-0545,Journalist,"1. The number of applications under the international protection regularisation scheme. 2. The number of applications under the regularisation scheme for the long term undocumented. 3. The amount in fees collected under both schemes. 4. The number of applications that were deemed invalid in each of the schemes (I.e. Two separate figures). 5. The number of applications that have been successful in each scheme as above. 6. The number of applications that have been unsuccessful in each scheme as above. 7. The number of applications yet to be determined (as above). 8. A breakdown of the number of applications according to gender. 9. A breakdown of the number of applications according to nationality where there are greater than five applications from a country. 10. A breakdown of the number of applications according to age bracket e.g. 0-12, 13-18, 19-25 etc or whatever is most convenient.",Granted,07/11/2022
DOJ-FOI-2022-0548,Journalist,Any correspondence between 1 May and 1 October between the Department of Justice and TUSLA with references to: - The arrival of unaccompanied Ukrainian children into Dublin Airport. - Concerns around the trafficking of children due to the war in Ukraine. - Correspondence that refers to the Mayo based named charity - Correspondence from the Department to TUSLA regarding the welfare of children under the care of named charity.,Part Granted,07/11/2022
DOJ-FOI-2022-0538,Journalist,"Any information pertaining to the decision not to prosecute named persons associated with this alleged organised crime group for crimes committed in Ireland including human trafficking, organised prostitution and murder. Re https://www.rte.ie/news/investigations-unit/2022/0804/1314017-ioan-anton-Ireland-romania/",Refused,08/11/2022
DOJ-FOI-2022-0520,Journalist,"I am requesting the release of any emails sent to the Minister or her office from Eugenie Houston between 1 May and 31 August of this year, as well as any responses by or on behalf of the Minister. My request refers but should not be limited to this entry on the lobbying register. https://www.lobbying.ie/return/89450/eugenie-houston-bl",Part Granted,09/11/2022
DOJ-FOI-2022-0559,Other,"Under the Freedom Of Information Act 2014 can I request the following information. As of end of July I believe the number of people who arrived at Dublin Airport and were initially refused permission to land, was 2,930 passengers. Can you provide in tabular form, the source country from where these people boarded their flights to Ireland.",Granted,09/11/2022
DOJ-FOI-2022-0572,Other,"A copy of Report No. 15 of the Garda Arbitration Board, dated 5 March 1983 and relating to claims by the Garda Representative Association and the Association of Garda Sergeants and Inspectors to have allowances reckoned for pension purposes.",Granted,10/11/2022
DOJ-FOI-2022-0542,Journalist,"1) Submissions and/or observations made to the cross-Departmental review group of the Atypical Working Scheme for non-EEA crew in the Irish fishing fleet from its inception to the date of this request. 2) Minutes of meetings of and/or all reports by the cross-Departmental review group of the Atypical Working Scheme for non-EEA crew in the Irish fishing fleet as well as any reports produced by the group since its inception to the date of this request. This includes - but is not limited to - minutes of meetings with other groups such as KFO, IFPO, ITF, ISEFPO, IS & WFPO.",Part Granted,10/11/2022
DOJ-FOI-2022-0554,Oireachtas,A list of Peace Commissions for Tipperary Town and Cashel and the dates of their appointment to the role.,Granted,15/11/2022
DOJ-FOI-2022-0539,Journalist,A copy of the following internal audit reports relating to the Irish Prison Service: review of internal controls 2021(HQ/main report) and attendance management review,Part Granted,15/11/2022
DOJ-FOI-2022-0473,Journalist,Any internal memos/emails/ minutes of meetings discussing Ireland’s temporary exit from the council of Europe’s agreement on the abolishment of visas for refugees between March 2022 to the present.,Part Granted,17/11/2022
DOJ-FOI-2022-0587,Journalist,"Records of all correspondence and/or meetings with named companies so far in 2022, or any agents of those aforementioned companies. Records of all meetings and/or internal Department communications, reports, or briefing documents, or correspondence about named companies so far in 2022.",Refused,17/11/2022
DOJ-FOI-2022-0462,Journalist,1. A copy of the consultation documents submitted to the Department of Justice in the last two weeks examining how the state can overturn criminal convictions for historic crimes committed by gay and bisexual men. 2. Copies of any correspondence between the Department of Justice and a named network regarding this process. 3. A copy of any documents containing information/statistics on the number of prosecutions and convictions from 1953 to 1993.,Part Granted,18/11/2022
DOJ-FOI-2022-0509,Other,"Any documents (electronically held or physical copies) or correspondence (internal and external including emails ) related to the derogation from GDPR accorded to the DPC, OIC and auditor general in Article 60(3)c of the Data Protection Act 2018 (in the bill as initiated it was art 54 (3) c). Including but not limited to how only these organisations were found to carry out activities which would allow for the exceptions in art 23 of GDPR to be invoked without any restrictions and if any other organisations were considered to carry on “general public interest” activities too but were not granted the same exemption? Also if any documentation or correspondence exists detailing how a complete derogation was deemed “necessary and proportionate to safeguard the important objectives of general public interest” for these organisations.",Part Granted,18/11/2022
DOJ-FOI-2022-0514,Journalist,Access to any correspondence or minutes of meetings between Minister McEntee or Oonagh McPhillips or Minister Browne and named company during 2022 in relation to the Gambling Regulation Bill.,Part Granted,18/11/2022
DOJ-FOI-2022-0584,Other,"An overall Schedule of Records, Detailed Expenditure, and the total Evaluation of all Outlays and Expenses incurred through the independent report/enquiry into The Stardust Fire, submitted by the Stardust victims committee, circa 2008/2009.",Refused,21/11/2022
DOJ-FOI-2022-0519,Journalist,I am requesting the release of any correspondence sent to the Minister her advisor Patrick Cluskey or their offices from named companies between 1 May and 31 August of this year any minutes or notes taken at any meetings between the Minister Mr Cluskey and representatives of Meta during the same time-frame and any memos or briefings prepared for the Minister/Mr Cluskey in advance of those meetings. My request refers but should not be limited to entries on the lobbying register here and here.,Part Granted,22/11/2022
DOJ-FOI-2022-0617,Journalist,Records of current waiting times for an inquest to be heard after the date of death in each coroner district in Ireland.,Refused,22/11/2022
DOJ-FOI-2022-0526,Other,"(1) Copy of all documents held by the Department of Justice, in whatever format, relating to the implementation of the policy of the suspension of the re-entry visas for non-national minors. (2) Copy of all documents signifying the comprehensive reasons for the introduction of this policy as it affects the undersigned and his family including the one minor in the family namely [redacted]. (3) Copy of all documents elaborating the reasons for the continuing and incumbent delay in lifting this suspension of the requirement of the re-entry visas for the minors despite the ordeal of many people that has been brought to the attention of the Department during the last few weeks.",Part Granted,23/11/2022
DOJ-FOI-2022-0594,Journalist,Correspondence between the Office of the Cork City Coroner and the Department of Justice from 1 August 2022 to 14 October 2022.,Part- granted,23/11/2022
DOJ-FOI-2022-0600,Journalist,A copy of the Departmental risk register.,Part Granted,23/11/2022
DOJ-FOI-2022-0540,Journalist,1. Any internal memos or briefing documents the Department has produced in relation to far-right groups/individuals during the period January 2021 to present. 2. Any internal memos or briefing documents the Department has produced in relation to protests outside the homes of politicians during the same period.,Part Granted,24/11/2022
DOJ-FOI-2022-0547,Journalist,"1. Please confirm if your Minister uses WhatsApp for official government business and/or for exchanging messages with officials and colleagues. 2. Please confirm if your Minister stores or deletes WhatsApp messages relating to Government business or to and from officials and colleagues. 3. Please confirm if your Minister has downloaded Signal on their work mobile phone. 4. Please confirm if your Minister uses Signal for official government business and/or for exchanging messages with officials and colleagues. 5. Please confirm if your Minister uses a private email account for official government business and/or for exchanging messages with officials and colleagues. 6. Please provide any guidance that has been issued to your Minister on the use of messaging systems, such as WhatsApp or Signal. 7. Please send screengrabs of all WhatsApp messages in relation to government business sent to and from your Minister's work phone on 27 September 2022.",Refused,30/11/2022
DOJ-FOI-2022-0556,Other,"Agenda, minutes and actions from the meeting on 4 February 2021 that was held in relation to the Civil Liability Act 1961. - for each action coming out of the meeting could you also please provide an update on the progress to date. - the dates and times of any planned future meetings in relation to the ongoing examination of the Civil Liability Act 1961. - the date by which the ongoing examination of the Civil Liability Act 1961 is planned to be complete It was a meeting referred to in the response to this PQ https://www.oireachtas.ie/en/debates/question/2022-09-08/1435",Refused,30/11/2022
DOJ-FOI-2022-0634,Other,"All versions and drafts of the Irish naturalisation and immigration service “Victims of Domestic Violence Immigration Guidelines” between 2008 to its publication date in 2012, and, Records of submissions made to the Irish Naturalisation and Immigration Service in relation to the “Victims of Domestic Violence Immigration Guidelines” from 2008 to 2012.",Refused,30/11/2022
DOJ-FOI-2022-0580,Other,"In connection with the third national strategy on domestic sexual and gender-based violence June 2022, under the FOI Act 2014, I request the following documents (documents to mean written correspondence, emails, notes of telephone conversations etc): Documents showing the remit of the executive group assigned to draw up the third national strategy.",Part Granted,02/12/2022
DOJ-FOI-2022-0604,Journalist,All information held pertaining to the funding of named company by the Department of Justice from 2017 to 2022.,Part Granted,05/12/2022
DOJ-FOI-2022-0595,Other,"The number of applications to renounce Irish citizenship for each of the following years (1 January to 31 December) - 2011; - 2012; - 2013; - 2014; - 2021; Please note: similar information was previously provided, for different years (2015-2020), by the Department - DOJ-FOI- 2021-0379.",Granted,12/12/2022
DOJ-FOI-2022-0623,Journalist,"Correspondence between families and the Department of Justice, from 1 January 2022 to 2 November 2022, regarding complaints about inquests in Ireland.",Part Granted,12/12/2022
DOJ-FOI-2022-0553,Journalist,"I am seeking the following anonymised records, from 1 January 2018 to present: Definition: a SOGI asylum application is any application for international protection on the basis of the applicant’s sexual orientation or gender identity (SOGI). A summary of all SOGI asylum applications, - The professed identity of the applicant (gay, bisexual, lesbian, transgender, or other), The year the application was made, The country of origin of the applicant, The outcome of the application (whether it was granted, refused, or is still pending), The grounds for the outcome (I.e. The grounds for rejecting or accepting the claim).",Refused,12/12/2022
DOJ-FOI-2022-0627,Journalist,A copy of the diary for the Minister for Justice. I'm looking for the diary for the period of 1 January 2022 to 10 November 2022 inclusive.,Part Granted,12/12/2022
DOJ-FOI-2022-0518,Other,"Records created on or after 1 January 2022 until 22 September 2022, relating to the research work led by the University of Limerick which resulted in the report “I Must Be Some Person”, published in August 2022, to include records of correspondence and meetings regarding the scope, funding, authors and participants for the report, and the Department's response to the report.",Part Granted,14/12/2022
DOJ-FOI-2022-0541,Journalist,"All information held pertaining to the initiative to expunge previous convictions for ‘sale of sex’ announced in April 2021 (https://www.Justice.ie/en/jelr/pages/pr21000101) and in particular any communications regards this with an Garda Síochána, the Health Service Executive, The Sexual Exploitation Research Programme (SERP) at the School Of Social Policy, Social Work and Social Justice at University College Dublin and a number of named NGOs. Records for the period January 2019 to present.",Part Granted,14/12/2022
DOJ-FOI-2022-0096,Journalist,"1. I am seeking copies of all correspondence, including emails and their attachments, meetings’ minutes and teleconference minutes, between the Department and the inspectorate of prisons with regard to the funding of the inspectorate, since January 2018. 2. I am seeking copies of all correspondence, including emails and their attachments, meetings’ minutes and teleconference minutes, between the Department and the inspectorate of prisons with regard to the failure of the inspectorate to publish inspection reports, since January 2018.",Part Granted,19/12/2022
DOJ-FOI-2022-0544,Journalist,"All correspondence, briefing documents, draft briefing documents, memos, meeting notes and other records since 2020 associated with the following subject matter: the far right in Ireland and anti-vaxxers in Ireland. To help with the retrieval process, I am interested in any record in respect of a number of named groups.",Part Granted,20/12/2022
DOJ-FOI-2022-0658,Other,Any and all records relating to the applicability of the TRIS process (the (EU) 2015/1535 procedure) to the Communications (Retention of Data) (Amendment) Act 2022 to include but not limited to any correspondence relating to or arising from communications between the Irish State and the European Commission on the topic of the bill. The temporal scope of this request is limited to records created in 2022.,Part Granted,20/12/2022
DOJ-FOI-2022-0653,Other,"The Minister of Justice speaking in the Seanad Éireann debate Tuesday, 6 Mar 2018 stated: “The Data Protection Bill. These include, for example, the matter of Cabinet confidentiality, the independence of the Judiciary, and the matter of parliamentary privilege, which would be well known to us here in the Houses of the Oireachtas. In the case of parliamentary privilege, the right of a data subject named during debates in this House to have his or her personal data erased from the record of proceedings is restricted in section 54(3). The manner in which data subject rights could be exercised in respect of parliamentary proceedings was raised with my Department by the Houses of the Oireachtas Commission during preparation of the Bill. This provision has been included in order to address the matters that were raised on that occasion.” I wish to request records relating to parliamentary privilege raised with your Department by the Oireachtas Commission.",Granted,20/12/2022
DOJ-FOI-2022-0662,Journalist,"Stipend, salary, fees and/or allowances costs relating to coronial services in Dublin from 1 January 2021 to 31 December 2021, including a breakdown of fees and allowances.",Refused,20/12/2022
DOJ-FOI-2022-0664,Other,1. The most up to date monthly figures for the year of the number of persons who arrived at Dublin Airport with false or no documentation who were initially refused to disembark but then went to claim asylum. 2. The breakdown of male and female of the above.,Granted,20/12/2022
DOJ-FOI-2022-0647,Journalist,All correspondence between the Department and the following (named companies) between 10 November and 18 November.,Part Granted,21/12/2022
DOJ-FOI-2022-0629,Client,All records within the office of the Minister relating to the Data Protection Commission,dated between 1 September 2022 and 10 October 2022 inclusive.,Refused,21/12/2022
DOJ-FOI-2022-0657,Journalist,All internal notes / memos in relation to in relation to Head 49,subhead 4 part M of the General Scheme of the Gambling Regulation Bill. I wish for my request to cover the period from 17 May 2022 to 5 October 2022.,Refused,21/12/2022
DOJ-FOI-2022-0679,Other,The number of take back notices made by the IPO to other Dublin III countries for the last two years where the IPO believed another country to be responsible for the application.,Granted,21/12/2022
DOJ-FOI-2022-0687,Other,All documents and correspondence between 1 March 2022 to 10 December 2022,that contain the following phrases (a list of named companies).,Refused,22/12/2022
DOJ-FOI-2022-0645,Journalist,"All correspondence between Minister of State for gambling regulation James Browne and members of the Oireachtas (*below) in relation to the gambling regulation bill. I wish for my request to cover the period from 1 January 2022 to 18 October 2022. *Senator Regina Doherty, Senator Martin Conway, Senator Paul Daly, Senator Garret Ahearn, Senator John Cummins, Deputy Paul Kehoe, Deputy Jackie Cahill and Deputy Joe Carey.",Refused,22/12/2022
DOJ-FOI-2022-0508,Journalist,Response to emn ad-hoc query on equipment to collect biometric data (https://home-affairs.ec.europa.EU/system/files/2018-12/2018.1335_-_ad-hoc_query_on_equipment_to_collect_biometric_data.pdf),Part Grant,22/12/2022
DOJ-FOI-2022-0661,Journalist,Records created on or after 1 January 2022 until 25 November 2022,relating to the engagement of named person,as Ambassador for the Department of Justice intimate image abuse awareness campaign.,Refused,22/12/2022
