FOI Ref,Category of Requester,Request,Decision Made,Date of Reply
DOJ-FOI-2019-0003,Journalist,"1. A list of all the oversea trips taken by for the Minister for official duties. 2. A list of the costs associated with the Minister and/or any departmental staff that accompanied the Minister on the trip; ie flights, accommodation, transfers, etc.. 3. A copy of all the expenses claimed by the Minister or other departmental staff associated with overseas travel for official Department engagements in 2017 and 2018. If possible please include a brief description of the purpose for the trip.",Part Grant,13/01/2020
DOJ-FOI-2019-0104,Business/ Interest Groups,"Records relating to my correspondence with Minister Flanagan in December 2017 concerning the most serious of allegations of wrongdoing by members of the judiciary, with specific reference to allegations of paedophilia. Details of all records generated on foot of this correspondence, including correspondence to other departments or state agencies covered by FOI. Records of any notes, emails, and letters received by or sent from the Department in relation to the matters contained in my letter of December 2017.",Part Grant,06/02/2020
DOJ-FOI-2019-0249,Journalist,"1. A list of all members of staff who travelled to New York in the United States as part of the official visit for St Patrick’s Day in March this year (2019). 2. The itinerary for each member of the delegation if there were differing itineraries for the members of the delegation. 3. Copies of all invoices/receipts associated with the trip to include flights, hotel, subsistence, car hire, translation, internal travel and gifts. 4. Records relating to any special arrangements made for members of the delegation including travel in Ireland.",Part Grant,13/01/2020
DOJ-FOI-2019-0428,Journalist,"Any emails in the past year to or from a named member of staff of the Garda National Immigration Bureau that mention the following: AWS, Atypical Workers Scheme, fishermen, fishing, trafficking, Egypt, Egyptian, ITF, International Transport Workers' Federation.",Part Grant,17/07/2020
DOJ-FOI-2019-0490,Journalist,"1. The total number of citizenship applications in 2018 and to 17 July 2019, broken down into as many categories as possible - granted, refused, pending etc.. 2. The total number of applications refused as a result of the continuous residence rule - previously referred to as the six-week rule in 2018 and to 17 July 2019. Please state how long each person had been outside of the State in the year prior to their application. 3. Of the people who were granted citizenship in 2018 and to 17 July 2019 - please state how long each person had been outside the State in the year before their application.",Part Grant,10/02/2020
DOJ-FOI-2019-0585,Journalist,All submissions received by the Minister for Justice through the Ministerial e-submissions channel between 1 August 2019 – 15 August 2019.,Part Grant,13/02/2020
DOJ-FOI-2019-0597,Journalist,A list of purchase orders by the Department of Justice for the first two quarters of this year.,Refused,03/02/2020
DOJ-FOI-2019-0606,Journalist,"A copy of the complaints that the Department received in relation to the direct-provision centre in Ballyhaunis, Co Mayo, for 2018 and the first 6 months of 2019. Records of the number of adults and children in the centre in 2018 and for the first 6 months of 2019.",Part Grant,13/01/2020
DOJ-FOI-2019-0620,Journalist,Copies of correspondence between Minister Flanagan and the Association of Leaders of Missionaries and Religious Ireland during 2019.,Granted,13/03/2020
DOJ-FOI-2019-0632,Business/ Interest Groups,1. Any records created since 30 June 2018 relating to arrangements by the International Protection Office to assess whether applicants for International Protection have special reception needs for the purposes of regulation 8 of the European Communities (Reception Conditions) Regulations 2018. 2. Any records created since 30 June 2018 relating to arrangements by the Reception and Integration Agency to assess whether applicants for International Protection have special reception needs for the purposes of regulation 8 of the European Communities (Reception Conditions) Regulations 2018. 3. Any records created since 30 June 2018 relating to arrangements between the Reception and Integration Agency and the International Protection Office to exchange information as to whether applicants for International Protection have special reception needs for the purposes of Regulation 8 of the European Communities (Reception Conditions) Regulations 2018.,Refused,06/02/2020
DOJ-FOI-2019-0641,Business/ Interest Groups,"The terms of reference or similar document, agendas and minutes of the UK-Ireland Common Travel Area Forum (CTAF). Agendas and minutes of the UK-Ireland Common Travel Area Forum (CTAF) over the past three years.",Part Grant,13/02/2020
DOJ-FOI-2019-0659,Journalist,"1. Correspondence from the Office of DPP and An Garda Síochána in relation to The Working Group to consider alternatives approaches to the possession of drugs for personal use and subsequent Government/Department proposals. 2. Briefing notes and memos for the Minister for Justice in relation to the committee, its report and subsequent Department/Government proposals.",Part Grant,10/01/2020
DOJ-FOI-2019-0668,Journalist,A copy of briefing notes and all memos to the Minister regarding the operation of Garda vetting procedures from the date of its implementation. A copy of any representations made to the Minister regarding the operation of the scheme in the last year.,Part Grant,13/01/2020
DOJ-FOI-2019-0678,Journalist,"Copies of any correspondence/representations received by the Department from members of the public or politicians relating to the proposed opening of a Direct Provision Centre in Oughterard, as well as the decision by the hotel owner to revoke the tender for its opening. I am also requesting minutes of any meetings and/or meeting logs attended by the Minister, his secretaries and/or the Secretary General of the Department with members of the public, RIA or within the Department regarding the same.",Part Grant,04/03/2020
DOJ-FOI-2019-0679,Journalist,All correspondence with the Courts Service and internal documentation since 1 May 2019 in respect of establishing the Judicial Council.,Part Grant,11/03/2020
DOJ-FOI-2019-0708,Others,Copy of all correspondence,documents,business cases,and related records relating to the budget submissions for the Office of the Data Protection Commission in respect of Budget 2020 between 7 September 2019 and 7 October 2019.,Granted,23/01/2020
DOJ-FOI-2019-0731,Journalist,Request a copy of all correspondence (including emails) between (to and from) the Inspectors of Prisons and the Department of Justice since 1 January 2019.,Part Grant,13/02/2020
DOJ-FOI-2019-0736,Journalist,"A copy of the pre-budget submission from your Department to the Department of Finance ahead of Budget 2020. A copy of any cover, explanatory or accompanying letters sent by the Minister or Secretary General of your Department along with the pre-budget submission.",Part Grant,20/01/2020
DOJ-FOI-2019-0746,Journalist,All records related to this entry in the lobbying database: https://www.lobbying.ie/return/52335/microsoft-ireland-operations-ltd,Part Grant,09/01/2020
DOJ-FOI-2019-0752,Journalist,All correspondence to the Minister for Justice regarding Direct Provision including issues around the placement of such centres from elected representatives from 1 January 2018 to 5 November 2019.,Part Grant,20/03/2020
DOJ-FOI-2019-0754,Journalist,Submissions submitted to the Minister for Justice through the e submission channel from 1 October 2019 – 4 November 2019.,Part Grant,10/02/2020
DOJ-FOI-2019-0758,Others,"I am looking to ascertain information into a single matter arising from debates held by the Oireachtas Public Accounts Committee (PAC) across the years 2017, 2018 and 2019. The matter relates to tax treatment of the living allowance given to Garda recruits. This matter is mentioned in the PAC debate on 23 November 2017. The record notes that in 2011 ‘Revenue wrote to An Garda Síochána and directed that the practice…be discontinued’. The same report indicates that the Department was seeking legal advice on the issue. Thereafter a Garda Síochána update dated 9 May 2019 and posted on the PAC website indicates that ‘the Garda Síochána believes this advice was shared with the Comptroller and Auditor General’. I am now looking to ascertain: i) up to 31 December 2011 did the Department correspond with Revenue enquiring as to whether there was any tax liability for the Garda Síochána in respect of its payment of the living allowance up to 2011; ii) did the Department correspond with the Attorney General seeking advice on tax treatment of the Garda recruit living allowance after 30 June 2017; iii) did it receive advice on the allowance from the Attorney General; iv) if so, on what date; v) did the Department then share this advice with the Comptroller and Auditor General; vi) if so, on what date; and vii) between 23 November 2017 and 17 October 2019 did the Department correspond with Revenue to determine any liability on the living allowance for Garda recruits, an allowance that continued to be in place between 2011 and May 2017?",Refused,16/01/2020
DOJ-FOI-2019-0765,Journalist,"1. A copy of all correspondence this year to and from Justice Minister Charlie Flanagan in relation to the proposals to accommodate asylum seekers in (i) Oughterard, Co Galway, (ii) Ballinamore, Co Leitrim and (iii) Achill island, Co Mayo. 2. A copy of all correspondence this year to and from Immigration Minister David Stanton in relation to the proposals to accommodate asylum-seekers in (i) Oughterard, Co Galway, (ii) Ballinamore, Co Leitrim and (iii) Achill island, Co Mayo.",Part Grant,23/03/2020
DOJ-FOI-2019-0766,Journalist,All correspondence between the directors of a named company and the Department of Justice and the Minister for Justice during the period from 1 January 2017 – 8 November 2019,Part grant,13/01/2020
DOJ-FOI-2019-0768,Journalist,"A copy of all correspondence (including emails) to and from both Minister Flanagan or Minister of State Stanton since 1 September 2019, in relation to plans to accommodate asylum-seekers in (i) Ballinamore, (ii) Achill or (iii) Oughterard.",Part Grant,04/03/2020
DOJ-FOI-2019-0777,Journalist,A copy of letters sent to Minister Flanagan from National Association of Regional Game Councils Chairman in 2019.,Granted,09/01/2020
DOJ-FOI-2019-0783,Journalist,"1. All correspondence/memos/briefings between this Department/ its Minister and other members of the Oireachtas regarding the placement of asylum seekers and/or refugees in Ireland for the past two years. 2. The minutes of any meetings between this Department and other members of the Oireachtas regarding the placement of asylum seekers and/or refugees in Ireland for the past two years. 3. Any correspondence/memos/briefings between this Department and the companies which run direct provision centres relating to costs, State funding, overcrowding and the behaviour of residents for the past two years.",Refused,20/01/2020
DOJ-FOI-2019-0788,Oireachtas / Public Reps,"1. All minutes, notes, records and memoranda of and relating to meetings of the National Traveller and Roma Inclusion Strategy Steering Group in 2018 and 2019. 2. All submissions prepared for and by the National Traveller and Roma Inclusion Strategy Steering Group in 2018 and 2019.",Part Grant,04/02/2020
DOJ-FOI-2019-0793,Journalist,Copy of all correspondence and memos from RIA to the Secretary General and or Minister of Justice in relation to the capacity problems in the Direct Provision system from July 2018 to 16 November 2019.,Granted,13/02/2020
DOJ-FOI-2019-0795,Clients,"All replies that your Department issued in relation to registered post referred to in Parliamentary Question 40412/10, both that of the 16 September and any subsequent reply.",Granted,10/01/2020
DOJ-FOI-2019-0811,Business/ Interest Groups,"1. A list of all payments made on your behalf to any supplier in a currency other than the Euro, for the first three quarters of this year. Showing the currency paid, the amount paid, a brief description of what was being procured, the bank/FX payment provider who processed the transaction, the cost of the transaction ( the cost of the foreign currency in Euro's ) , the cost of any additional bank charges. 2. A list of all receipts in a foreign currency other than the Euro, charged by you to any customer.",Part Grant,13/01/2020
DOJ-FOI-2019-0815,Journalist,"1. All letters, memos and emails between the Department of Justice and the Department of Housing between 1 February 2019 and 1 November 2019 regarding the sourcing of accommodation for asylum seekers who have been granted refugee status. 2. All emails, memos and letters sent by the Department of Justice regarding the cost housing individuals in State Direct Provision centres compared to the cost of private accommodation.",Part Grant,03/03/2020
DOJ-FOI-2019-0824,Journalist,"Copies of all correspondence between the Department of Justice and: Fine Gael, and the Reception and Integration Agency, in relation to the visit of a named person to a reception centre in Dungarvan, Waterford, on 18 November 2019. The timespan for this information is November 2019 to 26 November 2019. The response should include texts, WhatsApp, other online communications, call logs, emails, documents and non-documents and any other form of correspondence where applicable.",Refused,17/01/2020
DOJ-FOI-2019-0826,Others,"Regarding Council decision 2009/316/JHA 06-04-2009, Document No: 32009D0316 (still in force) Art 5, Member States are obliged to notify the Council regarding national laws in Annex A which includes perjury code offence 121200 and non-admittance as a witness in court due to violation of oath code offence 3010 Annex B. Also Member States shall notify Council regarding penalties and measures in relation to these offences, implementation date 07-04-2012. Request for access to the Department's compulsory reply record in relation to the two above mentioned offences, being offences no: 121200 and 3010 or in the alternative access to a record which shows that those offences were enacted into statutory law as per the above Council decision.",Refused,24/03/2020
DOJ-FOI-2019-0828,Journalist,"The number of men and women employed by the Department in each of the following salary bands. Please state how many workers in each category are part-time. Employees will be assumed to be full time otherwise. €0-24,999, €25,000-49,999, €50,000-74,999, €75,000-99,999, €100,000-124,999, €125,000-149,999, €150,000-174,999, €175,000-199,999, €200,000-224,999, €225,000-249,999, €250,000-274,999, €275,000-299,999, €300,000 and above",Granted,17/04/2020
DOJ-FOI-2019-0837,Others,"1. All documentation related to the appointment of named persons as consultation/workshop facilitators for the development of the National LGBTI+ Inclusion Strategy 2019-2021. 2.All documentation collected/gathered by named persons and/or Department of Justice & Equality staff at consultations/workshops for the Strategy in Cork, Dublin, Dundalk, Galway, Limerick, with the intersex community, Travellers, asylum seekers, migrants and refugees, and the deaf community.",Part Grant,30/03/2020
DOJ-FOI-2019-0838,Journalist,A copy of all representations and correspondence to and from the Minister and special advisors,briefing documents and memos regarding the issue of direct provision centres and other asylum accommodation proposals in Oughterard,Co Galway and Ballinamore,Co Leitrim during 2019.,Part Grant,13/02/2020
DOJ-FOI-2019-0840,Journalist,All documents concerning the topics “blood donation” and “sex work” or “prostitution” from meetings between government departments in relation to the development of the National LGBTI+ Inclusion Strategy 2019-2021 including list of actions for implementation as circulated for consideration to a Consultative Committee comprising NGOs.,Part Grant,31/03/2020
DOJ-FOI-2019-0841,Journalist,Any correspondence between the Minister and An Garda Síochána,as well as any minutes of meetings or meeting notes where the Minister and/or his special advisor and An Garda Síochána were present,regarding the proposed establishment of a Garda unit on public transport services.,Granted,13/02/2020
DOJ-FOI-2019-0843,Journalist,Copies of all representations made to the Department of Justice by Independent TD Noel Grealish since January 2019 and copies of all responses to Mr Grealish's representations in the same period.,Part Grant,23/01/2020
DOJ-FOI-2019-0844,Journalist,A copy of all representations and correspondence to and from the Minister and special advisors,briefing documents and memos regarding the use of Defence Forces property (army barracks and others) as accommodation centres for international protection applicants and those seeking asylum.,Refused,20/01/2020
DOJ-FOI-2019-0848,Journalist,Copies of any briefings,submissions,or reports prepared for Minister Flanagan relating to the Family Law Act 2019 and its provisions on divorce.,Part Grant,03/01/2020
DOJ-FOI-2019-0849,Journalist,"Records pertaining to: - The number of persons deported from Ireland in each of the following years 2017, 2018, 2019. - The nationality (overall figures) of those persons. - The amount of money spent by Department of Justice on deportation flights in each of the three years. - The number of persons deported from Ireland via Frontex chartered flights in each of the above years. - The amount of money contributed by the Department of Justice to Frontex for those flights.",Part Grant,20/01/2020
DOJ-FOI-2019-0850,Journalist,"1. A copy of all correspondence (including emails) between (to and from) the Department and the developer of the new accommodation for asylum-seekers in Ballinamore, Co Leitrim, since 1 August, 2019. 2. A copy of all correspondence (including emails) to and from the office of the Minister for Justice Charlie Flanagan or the Immigration Minister David Stanton in relation to the new centre for asylum-seekers in Ballinamore, Co Leitrim, since 1 August, 2019.",Part Grant,23/03/2020
DOJ-FOI-2019-0862,Journalist,"1. Copies of records indicating the sums spent on administrative costs since the inception of the Disclosures Tribunal. 2. An itemised list of these administrative costs, explaining the reason costs were incurred. 3. Copies of records indicating the sums spent on legal costs since the inception of the Disclosures Tribunal. 4. A list of legal practitioners who have claimed fees in respect of the Disclosures tribunal since its inception and what each has been paid to date. To be clear, I am not just seeking the legal fees paid to the tribunal’s own representatives, but also the fees paid to practitioners representing other parties.",Part Grant,13/01/2020
DOJ-FOI-2019-0863,Business/ Interest Groups,Information regarding the withdrawal of tender bid for a named property by named person.,Part Grant,14/01/2020
DOJ-FOI-2019-0864,Journalist,Report on Consultations with Young People Engaged in Garda Youth Diversion Projects.,Refused,13/02/2020
DOJ-FOI-2019-0867,Others,Copies of any communications,electronic or paper,between the Immigrant Council of Ireland and the Minister and Department of Justice and Equality in the 12 month period ended 4 December,2019.,Refused,17/01/2020
DOJ-FOI-2019-0869,Journalist,Records relating to the Review of the Immigrant Investor Programme.,Refused,13/01/2020
DOJ-FOI-2019-0871,Journalist,"Copies of all correspondence in relation to living conditions at the Mount Trenchard direct provision centre in Foynes from January 2018 to 11 December 2019. The response should include letters, emails, texts, WhatsApp, other online communications, call logs, emails, documents and non documents and any other form of correspondence where applicable.",Refused,04/02/2020
DOJ-FOI-2019-0872,Journalist,"Copies of all correspondence in relation to complaints and observations made to the Minister for Justice and Equality, or the Secretary General of the Department, about a particular judge or judges. Request is restricted to such correspondence received after 1 January 2017. Copies of all documents generated as a result of such correspondence, including responses sent to the authors of the correspondence.",Part Grant,30/04/2020
DOJ-FOI-2019-0873,Oireachtas / Public Reps,Any records relating to e-scooters or other powered personal transporters dated between 1 January 2018 and 4 December 2019.,Part Grant,09/01/2020
DOJ-FOI-2019-0880,Journalist,Copies of all representations received by the Department relating to minimum stake and maximum payouts on gambling machines. This request to cover the period 1 January 2019 to 16 December 2019.,Part Grant,17/04/2020
DOJ-FOI-2019-0883,Others,Please specify the dates and publications used to invite the most recent tenders for the provision of accommodation for asylum seekers and what means were used to advertise these tender requests to the widest possible audience.,Granted,23/01/2020
DOJ-FOI-2019-0886,Business/ Interest Groups,A list of facilities provided for people to practice their faith in each direct provision centre in the country. This should be broken down by what religions and faiths are catered for in each centre if they are available and how often they are provided.,Refused,04/02/2020
DOJ-FOI-2019-0893,Journalist,"1. A breakdown in the cost of preparing the proposed direct provision centre on Achill for habitation, including the removal of rubbish from the site. 2. A copy of the fire safety inspection report carried out on the building. 3. A copy of all inspections carried out by the Department on the building.",Refused,13/01/2020
DOJ-FOI-2019-0895,Others,"1. All and any records related to the introduction of a key vending system into the Irish Prison Service. 2. All and any records related to the use of employee biometric data in the Department of Justice & Equality and all its agencies, including the Irish Prison Service. 3. All and any records related to policies and procedures for the electronic management of time and attendance in the Irish Prison Service. 4. All and any records related to any amendments made to the IPS data protection page on the IPS website since 1 March 2019. 5. All and any records related to discussions and/or decision(s) taken around the IPS being governed by the Department of Justice & Equality Data Protection Policy instead of its own Data Protection Policy. 6. All and any records related to discussions and/or decision(s) taken around the IPS’ use of the IPS Privacy Policy Document approved by the Director of Corporate Affairs on 14 August 2018, Policy Index No 57. 7. All and any records related to discussions and/or decision(s) taken around the validity or legality of the IPS Privacy Policy Document approved by the Director of Corporate Affairs on 14 August 2018, Policy Index No 57.",Part Grant,22/01/2020
DOJ-FOI-2019-0896,Journalist,"All correspondence between the (then) Minister for Justice Michael McDowell and the British authorities re the setting up of a Tribunal of Inquiry into collusion in the deaths of named persons between 2003- 2005. All correspondence re The Smithwick Tribunal set up in 2005. All correspondence between the Minister for Justice and named person in 2003/5 period. 'Authorities' to include (though not exclusively) The Foreign Office, Prime Minister’s Office, NIO and The Cabinet Office.",Refused,04/02/2020
DOJ-FOI-2019-0898,Journalist,Copies of all correspondence between your Department and the Inspector of Prisons relating to their budgetary allocation,staffing numbers. This request to cover the period 1 January 2019 to 30 December 2019.,Part Grant,13/02/2020
DOJ-FOI-2019-0899,Journalist,Copies of all records held referring or relating to the issue of block booking of visa appointments by third parties. This request to cover the period 1 September 2019 to 30 December 2019.,Refused,19/02/2020
DOJ-FOI-2020-0003,Journalist,Copies of any records held by the Reception & Integration Agency relating to the adequacy of medical facilities at Balseskin Reception Centre. This request to cover the period 1 January 2018 to 2 January 2020. Copies of any records held by RIA relating to the provision of new medical facilities at Balseskin Reception Centre as part of its expansion plan. This part of the request to cover the same period.,Refused,30/01/2020
DOJ-FOI-2020-0006,Other,"All communications in written or electronic format within the Department with regard Dáil written question No.133 of 16 October 2019; In particular all communications that the Personal Secretary to the Minister had with regard to question No.133 of 16 October 2019; And also all communications with regard to any Dáil questions that involve any input or communications from the Personal Secretary to the Minister - going back to the commencement of the FOI Acts; All Departmental regulations, circulars, memorandums, instructions etc. to departmental staff with regard to the handling, editing or tampering with the written questions to the Minister by members of Dáil Eireann; The name and email address for the line manager of the Personal Secretary to the Minister.",Part Grant,10/02/2020
DOJ-FOI-2020-0007,Other,Request for all records,written or electronic,in the Department of Justice for records that outline and detail the procedure followed by officials of the Department in dealing with communications from the public.,Granted,13/01/2020
DOJ-FOI-2020-0008,Journalist,All submissions to this consultation: http://www.justice.ie/en/JELR/Pages/Hate_Speech_Public_Consultation,Refused,30/01/2020
DOJ-FOI-2020-0010,Staff,Documents relating to Sunday premium or lack thereof for Border Management Unit (BMU) staff. Documents relating to a claim for Sunday premium for Border Management Unit (BMU) staff. Any documents relating to Sunday premium or the negotiations surrounding Sunday premium for Border Management Unit (BMU) staff. Any documents submitted to the Minister’s office in regards to a request made by Forsa on behalf of staff in the Border Management Unit for retrospective payment of Sunday premium following an agreement between The Department of Justice and Forsa to pay said premium from 01 January 2020.,Part Grant,11/03/2020
DOJ-FOI-2020-0011,Other,"Re: Day Commission & Inter-Departmental Group (1) All documentation (from Minister, officials, with other Departments) regarding persons/organisations who should be members of this group from 23 October 2019 to 2 January 2020. (2) All documentation relating to inviting members of the group to partake, including any replies/discussions with these organisations/ individuals from 23 October 2019 to 2 January 2020. (3) Terms of reference for this group as of the date of its public announcement and any changes from the undated document granted in FOI 2019 0719 titled Advisory Group on the Provision of Support including Accommodation to Persons in the International Protection Process. (4) The entire document (including previous versions) of the undated document granted in FOI 2019 0719 titled Advisory Group on the Provision of Support including Accommodation to Persons in the International Protection Process. (5) All documentation relating to the establishment of the Inter Departmental Group on Direct Provision, including: (a) Its membership, including discussion on this membership prior to it being established (b) its terms of reference, and any discussion on this its terms of reference prior to it being established (c) any reports issued from its establishment up to the date of grant of this request (d) any documentation which discusses the relationship between the Inter-Departmental Group and the Advisory Group.",Part Grant,13/02/2020
DOJ-FOI-2020-0013,Journalist,"1. The total amount of money spent by the Department on flights and the total number of flights taken by the Department in 2017, 2018 and 2019 broken down by year. 2. A breakdown of all flights made by the Departments Ministers during 2017, 2018 and 2019 and the destinations that were travelled to.",Granted,06/03/2020
DOJ-FOI-2020-0014,Journalist,Any briefing notes or correspondence provided to the Minister regarding the proposals contained in the Official Languages (Amendment) Bill 2019.,Refused,13/01/2020
DOJ-FOI-2020-0015,Journalist,"1. All records held by the Department and the RIA in relation to alleged or suspected overcrowding, issues around the number of beds per room, adherence to accommodation guidelines, at the East End Hotel, between 1 August 2019 and 6 January 2020 2. All correspondence (sent and received) between the East End Hotel and the Department and/or the RIA between 1 August 2019 and 6 January 2020 3. Any briefings prepared for Minister Flanagan in relation to the East End Hotel between 1 August 2019 and 6 January 2020",Part Grant,03/03/2020
DOJ-FOI-2020-0018,Journalist,Copies of all records held by the Reception & Integration Agency referring or relating to why inspection reports are no longer published to the Department of Justice website.,Refused,13/01/2020
DOJ-FOI-2020-0019,Journalist,The total number of asylum seekers in direct provision who are currently working under the right to work in Ireland. The total number of applications made by asylum seekers living in direct provision centres for the right to work.,Granted,09/01/2020
DOJ-FOI-2020-0020,Journalist,Any material collated at a roundtable on gambling policy/legislation in 2019. Any correspondence between the Department and any gambling company in the last 12 months. Any internal memos/reports created as a result of discussions on gambling legislation,Part Grant,08/04/2020
DOJ-FOI-2020-0021,Journalist,Correspondence between the Department and the INIS over the situations that arose in Ballinamore and Achill last year. Correspondence between the proprietors/person who won contract for the above centres and the Department of Justice/INIS.,Part Grant,13/02/2020
DOJ-FOI-2020-0026,Journalist,"1) Any correspondence related to the hosting of the decade of centenaries commemoration event for the RIC and the Dublin Metropolitan Police (DMP) at Dublin Castle, which was originally planned to take place on January 17 before postponement. 2) This should include, but not be limited to, emails sent to the Department, the Minister and his advisors, and sent by the Department, the Minister and his advisors, briefing notes prepared for the Minister, and memos. 3) These documents should refer to the period of 1 January 2019 to 8 January 2020 and be presented electronically.",Part Grant,10/02/2020
DOJ-FOI-2020-0027,Journalist,"1) All internal documents related to the planning of the decade of centenaries commemoration of the RIC and DMP, including emails, briefing notes, minutes of meetings, and memos. 2) This should include correspondence between the Department and the expert advisory group on centenary commemoration. 3) These documents should refer to the period of 1 January 2019 to 8 January 2020 and be presented electronically.",Part Grant,10/02/2020
DOJ-FOI-2020-0028,Journalist,"1) All correspondence/minutes of meetings involving Department officials of level Assistant Principal and higher regarding the planned RIC / DMP commemorative event planned for Dublin Castle on 17 January 2020, dated between 15 November 2019 and 7 January 2020. 2) Any briefing materials prepared for the Minister on the same subject over the same timeframe.",Part Grant,10/02/2020
DOJ-FOI-2020-0029,Journalist,"All correspondence/records - including emails, reports, memos and letters dated between 15 July 2018 and 10 January 2020 regarding Royal Irish Constabulary (RIC) and Dublin Metropolitan Police (DMP) commemoration plans for 2020. This should include correspondence from/to the Expert Advisory Group and any correspondence to/from Ministers and Taoiseach Leo Varadkar.",Part Grant,10/02/2020
DOJ-FOI-2020-0030,Journalist,All correspondence between the Department of the Taoiseach and the Department of Justice regarding the proposal to commemorate the RIC and the DMP at Dublin Castle.,Part Grant,10/02/2020
DOJ-FOI-2020-0031,Journalist,"Copies of emails and letters from members of the public and third parties to the Minister for Justice, expressing their opposition/ displeasure/annoyance concerning Government plans to stage a commemoration for the RIC. The date of the request concerns January 1 to 8 January 2020. Copies of emails and letters from members of the public and third parties to the Minister for Justice, expressing their support concerning Government plans to stage a commemoration for the RIC. The date of the request concerns 1 to 8 January 2020. Copies of emails between Minister Flanagan and others on 6 and 7 January concerning the Government decision to defer the RIC commemoration. Copies of minutes of meetings on 6 and 7 January concerning the Government decision to defer the RIC commemoration.",Part Grant,10/02/2020
DOJ-FOI-2020-0032,Journalist,All internal and external correspondence in January 2020 held by the Department on the issue of the proposed RIC commemoration at Dublin Castle.,Part Grant,10/02/2020
DOJ-FOI-2020-0033,Journalist,"1) Any correspondence from the Minister and/or the Minister's secretary to the Taoiseach and/or the Taoiseach's secretary regarding plans to hold an event to commemorate the RIC at Dublin Castle between 1 September last and the 8 January 2020. 2) Any minutes of meetings and/or meeting notes attended by the Minister, his secretary or the secretary general of the Department regarding the same, covering the same dates above.",Part Grant,10/02/2020
DOJ-FOI-2020-0034,Journalist,Any correspondence sent by members of the public to the Minister's office from members of the public regarding plans to hold an event to commemorate the RIC between 1 January and 8 January 2020.,Part Grant,10/02/2020
DOJ-FOI-2020-0035,Journalist,1) Copies of any records held referring or relating to the planned commemoration for the RIC that was to be held later this month. This request to cover the period 1 January 2020 to 8 January 2020. 2) copies of any representations received by your Department relating to the above,Part Grant,10/02/2020
DOJ-FOI-2020-0036,Journalist,A copy of all correspondence relating to the planned commemoration of the Royal Irish Constabulary and Dublin Metropolitan Police. A copy of all correspondence relating to the cancelation of the planned commemoration of the Royal Irish Constabulary and Dublin Metropolitan Police.,Part Grant,10/02/2020
DOJ-FOI-2020-0037,Journalist,"Copies of all letters, emails and other written communications from the public to the Department of Justice and Minister for Justice between 1 January 2019 and 9 January 2019 concerning State commemoration of the Royal Irish Constabulary/RIC, the “Black and Tans”, “the Auxiliaries” and British forces in general.",Part Grant,10/02/2020
DOJ-FOI-2020-0038,Journalist,"All correspondence - dated between July 2019 and 10 January 2020 - between Department of Justice/RIA and the East End Hotel in Portarlington. This should include all correspondence, Minister briefings and queries directed to the Department of Justice regarding overcrowding at this premises.",Part Grant,03/03/2020
DOJ-FOI-2020-0042,Journalist,Any briefing documents about Ireland and Irish affairs prepared by the Department of Justice and Equality for the recently appointed European Commissioners for (a) Justice (b) Equality and (c) Home Affairs (or any of their staff),Refused,04/02/2020
DOJ-FOI-2020-0043,Journalist,Any correspondence to/from the Minister with named companies on behalf of named company since 1 May 2019.,Refused,30/04/2020
DOJ-FOI-2020-0044,Journalist,1) Copies of all records held by the Department of Justice referring or relating to a video of sleeping arrangements at the East End Hotel in Portarlington. This request to cover the time period 1 January 2020 to 8 January 2020. 2) Copies of all records held by the Reception and Integration Agency referring or relating to a video of sleeping arrangements at the East End Hotel in Portalington. This request to cover the time period 1 January 2020 to 8 January 2020.,Part Grant,21/04/2020
DOJ-FOI-2020-0047,Journalist,• The overall amount received by Gardaí in retirement lump sum payments in 2019. • The top 20 amounts received by Gardaí in 2019 in retirement lump sums and the county in which they operated and their rank. How many Gardaí last year received lump sum payments? • The rank of those who retired last year. • The amount paid out in pensions last year to Gardaí who have retired over the years and the number of former Gardaí in receipt of pensions.,Part Grant,04/02/2020
DOJ-FOI-2020-0048,Journalist,All correspondence between Deputy Michael Lowry and Ministers in the Department between the period 1 January 2019 and 8 January 2020.,Part Grant,23/01/2020
DOJ-FOI-2020-0054,Other,"All correspondence (letters, emails) with the service provider running Mount Trenchard direct provision centre regarding renewal or otherwise of the existing contract due to expire February 2020. All internal discussion within your Department regarding the above contract negotiations and any discussion regarding the closure of Mount Trenchard from July 2019 to 11 January 2020.",Refused,04/02/2020
DOJ-FOI-2020-0055,Journalist,"A decision from the Information Commissioner, OIC-58013-F5H4Y5, involving your Department, refers to a report prepared by Insolvency Service of Ireland, on a named PIP provider. I am seeking: 1. A copy of that report. 2. A copy of the original FOI decision in the OIC case. 3. A copy of the internal review in that case. 4. Any submissions made to the OIC by the Department of Justice in that case.",Refused,10/02/2020
DOJ-FOI-2020-0061,Journalist,Any correspondence received by the Minister for Justice between May 2019 and December 2019 (inclusive) in relation to the status and recognition of parental alienation in Ireland.,Part Grant,16/03/2020
DOJ-FOI-2020-0063,Business/Interest Groups,Copy of the insurance which Baycaster Ltd the providers of the Direct Provision Facility at Mount Trenchard provided to you as part of their occupation in that facility.,Refused,13/02/2020
DOJ-FOI-2020-0066,Business/Interest Groups,All details and documents pertaining to the facility -Direct Provision Centre at Mount Trenchard,Foynes,Co Limerick. This should include any Lease Agreement any Contract of Agreement for the provision of services,any insurance details or any reports of incidents to you.,Refused,13/02/2020
DOJ-FOI-2020-0069,Journalist,"All board minutes from 2019 for the following bodies, which have the DOJ FOI as their point of contact: - Irish Youth Justice Service/Community Programmes",Refused,23/01/2020
DOJ-FOI-2020-0070,Journalist,"1) All correspondence from the public on euthanasia / right-to-die legislation / assisted dying /assisted suicide, sent during 2018 and 2019. 2) The replies given to the above.",Part Grant,11/03/2020
DOJ-FOI-2020-0080,Journalist,Copies of all correspondence sent to and by Minister Charlie Flanagan,and his private secretary,which relate to the commemoration of the Royal Irish Constabulary and Dublin Metropolitan Police in the months of December 2019 and January 2020.,Part Grant,10/02/2020
DOJ-FOI-2020-0081,Journalist,All correspondence circulated internally in the Department of Justice and Equality,on 7 January 2020 relating to the Wikipedia page of Minister for Justice Charlie Flanagan.,Refused,24/03/2020
DOJ-FOI-2020-0083,Other,"Data regarding applications made for ‘independent status as a victim of domestic violence’ under the INIS ‘Victims of Domestic Violence Immigration Guidelines’ (2012). Particularly the following information: •Total number of applications made during 2019 (January to December inclusive), disaggregated by nationality, gender, age, relationship with perpetrator, type of violence. •Number of successful applications during the same period, also disaggregated in categories as requested above. •Reasons given to unsuccessful applicants.",Part Grant,04/02/2020
DOJ-FOI-2020-0090,Journalist,"1) The amount paid to each coroner around the country in the calendar years 2018 and 2019. 2) A list of which of these coroners are considered full-time, and also a separate list indicating the number of cases/days which the part-time coroners work for. 3) A list of fees payable to part-time coroners for cases or other duties relating to their role.",Granted,08/04/2020
DOJ-FOI-2020-0094,Journalist,Any correspondence between the Bar Council and the Department in the last 6 months as set out in their lobbying returns.,Refused,06/03/2020
DOJ-FOI-2020-0097,Journalist,"Correspondence between IPAS and the East End Hotel relating to accommodation and services, including food and sleeping accommodation, provided by the hotel to IPAS clients between 1 May 2019 to 22 January 2020. Emails or any other correspondence generated in the Department and IPAS by the eight unannounced visits and clinics to the East End Hotel between June 2019 and to 22 January 2020. Correspondence between officials within the Department relating to accommodation and services provided by the East End Hotel to IPAS clients between 1 May 2019 to 22 January 2020. Correspondence sent to IPAS from third parties that references concerns about accommodation and services in the East End Hotel.",Part Grant,26/08/2020
DOJ-FOI-2020-0101,Journalist,"A request with regard to cost incurred to the State by the deferred Decade of Centenaries commemoration of the Dublin Metropolitan Police and Royal Irish Constabulary. Request access to any and all records pertaining to the planning, organisation and associated costing of the aforementioned event.",Part Grant,10/02/2020
DOJ-FOI-2020-0102,Oireachtas / Public Reps,"1) Records relating to the opening or potential opening of a direct provision centre or emergency accommodation for persons in direct provision, in the Dublin 15 area. 2) Records related to inquiries about potential locations for a direct provision centre or emergency accommodation for persons in direct provision, in the Dublin 15 area.",Refused,24/02/2020
DOJ-FOI-2020-0112,Other,Copies of all records in the Department of Justice in relation to a complaint I emailed to the Department of Justice on 24th October,which complaint was a complaint that a named organisation was and is discriminating against a very significant section of the Irish population by using personal details of individuals compiled by a secret organisation entitled ‘Repeal Shield’ and using this information as a basis for discriminating against the members of the public listed.,Granted,11/02/2020
DOJ-FOI-2020-0113,Journalist,"1. Any records showing the Department’s total annual expenditure with mobile network operators in 2015, 2016, 2017, 2018, and 2019 (simple figure of total costs each year) 2. Any records showing the total number of phone lines (SIM cards in mobile phone handsets) on the Department’s accounts with mobile network operators in 2015, 2016, 2017, 2018, and 2019. 3. Any records showing the number of 'SIM only' connections (used in equipment other than mobile phones) in 2015, 2016, 2017, 2018, and 2019. 4. Any records showing the Department’s policy on allocation/provision of a/ mobile phones and b/ SIM cards for purposes other than mobile phones. 5. Any records showing the number and grade/position of each person for whom a mobile phone has been provided in 2015, 2016, 2017, 2018, and 2019. 6. Any records showing the number and grade/position of each person for whom more than one mobile phone, or a mobile phone and a separate SIM card or cards has been provided in 2015, 2016, 2017, 2018 and 2019.",Part Grant,24/03/2020
DOJ-FOI-2020-0115,Other,According to an Irish Times article from June 1998,the Irish Prison Chaplains Annual Report had just been released and included statements related to prisons failing to prevent rape and sexual assaults and made 79 recommendations for reforms. I submitted an FOI request to the Irish Prison Service who responded they do not have this document so I wish the Department of Justice to check if they have a copy which can be emailed back to me.,Granted,10/02/2020
DOJ-FOI-2020-0116,Journalist,Copies of any correspondence between the Department/RIA and the operators of the Mount Trenchard direct provision centre. This request is to cover the period 1 January 2019 to 3 February 2020.,Refused,27/03/2020
DOJ-FOI-2020-0117,Journalist,Correspondence dated between 5th July and 5th February between Mark Wilson of the Reception & Integration Agency (RIA/IPAS) and George Sinclair of the Reception & Integration Agency (RIA/IPAS) in relation to the provision of emergency accommodation for international protection applicants.,Part Grant,11/03/2020
DOJ-FOI-2020-0122,Journalist,A list/database/or spreadsheet of all purchase orders of over €20,000 for the period 2019.,Granted,24/04/2020
DOJ-FOI-2020-0128,Journalist,Any reports,policy documents or reviews on the Garda Emergency Response Unit that was either produced for,provided to or published by the Department between January 2018 and 21 January 2020.,Refused,13/02/2020
DOJ-FOI-2020-0130,Journalist,"The following information in respect of Garda records on the bombing of Belturbet, Co. Cavan in 1972 and violence along the border 1972-75: (a) In view of the fact that it is now 48 years since the blast, can you please provide full records of the Garda investigation into the car bomb in Belturbet on December 28, 1972. (b) Please provide all correspondence between the Garda Commissioner’s Office and the RUC in relation to the Belturbet/Clones/Pettigo bombings on that date. (c) We understand the Garda Commissioner wrote to RUC Assistant Chief Constable in September 1974 in relation to named persons following the 1972 murder of named person. Please provide any subsequent Garda correspondence in relation to these individuals. (d) Please advise us if information on the named persons referred to in the Commissioner’s letter was subsequently provided to the Barron Commission in respect of loyalist paramilitary involvement in cross border bombings from 1972-1976. (e) From the 2003 Barron Report we understand that an internal Garda memo dated 1 July 1975 requested a named person, a suspect and reportedly a member of the UVF, be interviewed about bombings in Belturbet, Swanlinbar, Pettigo and Clones. Further, on 11 December 1975 An Garda Síochána wrote to RUC Assistant Chief Constable Johnston asking that the named person be interviewed specifically in relation to Belturbet. Can the Minister indicate whether the RUC complied with this request? Please provide full correspondence between An Garda Síochána and the RUC in relation to the named person. (f) In 2012 under Freedom of Information RTE’s ‘This Week’ radio programme requested Departmental records of the 1972 Belturbet bombing. The request was declined. Can you please forward any correspondence in relation to this request and the decision-making that followed.",Part Grant,26/03/2020
DOJ-FOI-2020-0132,Clients,1. All records within the D/Justice (all sections) and between the D/Justice and any & all third parties concerning the ending and conclusions of the Section 42 Mulcahy Inquiry relating to the requester. 2. All recorded exchanges within the D/Justice since May 2017 concerning the Garda block on a named person’s emails which has been the subject of continuous complaint by the requester (and simultaneous denials by the Garda authorities) since late 2007. 3. The response of the Garda authorities when the D/Justice referred that specific complaint (the alleged email block) to the Garda authorities for answer (between 2009 to 2014). 4. All recorded exchanges between the D/Justice and any & all third parties concerning the threatened challenge by the Garda authorities in 2015/17 to a named person’s continuing role in the GSOC supervised investigation after he had ceased to be employed by the GSOC in mid 2014.,Refused,19/02/2020
DOJ-FOI-2020-0133,Journalist,"A decision from the Information Commissioner, OIC-58013-F5H4Y5, involving your Department, refers to a report prepared by Insolvency Service of Ireland, on a named PIP provider. I am seeking a copy of that report.",Granted,10/03/2020
DOJ-FOI-2020-0135,Business/Interest Groups,Any records,decisions,considerations,policies,instructions,emails,letters,correspondence or statements in relation to immigration checks at Dublin airport and instructions given by the Department of Justice to airlines to take back individual before they claim asylum. This could include any revised policy or internal guidelines or instructions about reducing asylum claims from Georgia or Albania applicants.,Refused,07/04/2020
DOJ-FOI-2020-0142,Other,All correspondence,including but not limited to e-mails and letters written to and created by the Minister for Justice from the period of May 2019 until December 2019 relating to recruitment within An Garda Síochána with the keywords,but not limited to “racial discrimination”,“discrimination”,“ethnic minorities”.,Part Grant,05/03/2020
DOJ-FOI-2020-0143,Other,"Sight of those documents referred to by Senator Bacik, Senator MacLochlainn and Senator Clifford-Lee in Seanad Debate on 17-12- 2019, vol. 269, no. 4. Sight of those infringement proceedings referred to by the Minister for Justice in Justice Select Committee Debate on 20-11-2019. Sight of the July 2019 reasoned opinion of the European Commission referred to by Minister Stanton in Dáil Debate on 25-09-2019, vol. 986, no. 5 and the consultation documents between the Attorney General and the European Commission. Sight of the November 2018 European Commission Formal Notice issued to Ireland and the reasoned opinion of the European Commission referred to by Deputy Kenny in Dáil Debate on 25-09-2019, vol. 986, no. 5. Sight of any correspondence, documents etc. that Ireland gave to the EU Commission in response to their notices, opinions, etc.",Granted,10/03/2020
DOJ-FOI-2020-0144,Journalist,"Records that show a breakdown of: a. The number of deportation orders issued in: 2015, 2016, 2017, 2018, and 2019, and a breakdown by country of origin for each year. b. The number of enforced removals carried out in: 2015, 2016, 2017, 2018 and 2019 and a breakdown by country of origin for each year.",Granted,10/03/2020
DOJ-FOI-2020-0147,Journalist,"All correspondence from the Minister for Justice and Equality and/or the Department of Justice and Equality to a named person, from September 17 2019 to February 14, 2020. All correspondence from a named person, to the Minister for Justice and Equality and/or the Department of Justice and Equality from September 17 2019 to February 14, 2020. Records previously refused in the request with the reference DOJ-FOI 2019-0612. These records relate to the Judicial Council and predated its establishment. In my view they are likely to be releasable now as deliberative processes have concluded. They would also warrant re examination to determine if all four requirements for the refusal of their release under Section 35(1)(a) still apply. - Record 16: Letter from the Chief Justice regarding Judicial Council, dated 16/07/2019 - Record 19: Letter from the Chief Justice regarding Judicial Council, dated 30/07/2019 - Record 20: Letter to the Chief Justice regarding Judicial Council, dated 01/08/2019 - Record 21: Letter from the Chief Justice regarding Judicial Council, dated 01/08/2019 - Record 22: Letter from the Chief Justice regarding Judicial Council, dated 08/08/2019",Part Grant,13/03/2020
DOJ-FOI-2020-0148,Journalist,"Access to the copies of the following records: All correspondence from the Minister for Justice and Equality and/or the Department of Justice and Equality to the Association of Judges of Ireland from September 17 2019 to February 14, 2020. All correspondence from the Association of Judges of Ireland to the Minister for Justice and Equality and/or the Department of Justice and Equality from September 17 2019 to February 14, 2020. Records previously refused in the request with the reference DOJ-FOI 2019-0616. These records were all refused under Section 29, which relates to the deliberative processes of an FOI body. As these deliberative processes are likely to have concluded at this stage, I would request those records be considered again for release.",Part Grant,29/10/2020
DOJ-FOI-2020-0149,Journalist,"All minutes of board meetings held during 2019. If you do not have a board, the board-equivalent body will suffice, i.e., governing authority, management committee, etc.",Part Grant,16/04/2020
DOJ-FOI-2020-0152,Journalist,"A. The number of refusals of permission to enter Ireland (leave to land) in 2015, 2016, 2017, 2018, 2019 B. A breakdown of the nationalities of those who were refused permission to enter, for each year.",Part Grant,17/04/2020
DOJ-FOI-2020-0155,Journalist,All representations to the Minister for Justice,and the Minister's replies,in relation to the Assisted Reproduction Bill (2017) during the period January 1,2017 to January 31,2020.,Refused,16/04/2020
DOJ-FOI-2020-0156,Journalist,All records held referring or relating to issues surrounding driving licences for residents of direct provision or those seeking international protection in Ireland. This request to cover the period 1 June 2019 to 18 February 2020.,Part Grant,16/04/2020
DOJ-FOI-2020-0157,Journalist,"All representations to the Minister for Justice, and the Minister's replies, in relation to the Children and Family Relationships Act (2015), during the period Feb 1, 2014 to April 6, 2015 and the period Feb 1, 2019 to January 31, 2020.",Part Grant,20/04/2020
DOJ-FOI-2020-0158,Business/Interest Groups,"1. Total numbers of Pakistani nationals applied each year for Irish citizenship since 2010, through: (i) Naturalisation and (ii) Registration. 2. Total numbers of applications approved each year since 2010, (i). Naturalisation and (ii) Registration.",Granted,02/04/2020
DOJ-FOI-2020-0159,Business/Interest Groups,"1. Standard of operating procedure/policy and instructions to the staff dealing with naturalisation and registration applications. 2. Time frame and decision making mechanism applicable to different type of applications based on: (i) Irish Association, (ii) Irish Descent, (iii) Irish spouse/partner, (iv) Five years qualifying in the state. 3. Total numbers of applications awaiting decisions for each year since 2010.",Granted,02/04/2020
DOJ-FOI-2020-0165,Journalist,"Copies of any briefings, memos, submissions, or other such records created for any of the Ministers at your Department relating to the contracting and opening of a direct provision centre in Tullamore, Co Offaly. Copies of any records held in the email account/official mobile phone of Minister Flanagan relating to the contracting and opening of the above direct provision centre. Both parts of this request to cover the period 1 November 2019 to 19 February 2020.",Granted,17/04/2020
DOJ-FOI-2020-0166,Other,Updated records pertaining to and/or recording the number of Reception and Integration Agency (RIA) Direct Provision Accommodation Centres. Updated records pertaining to and/or recording the number of Reception and Integration Agency (RIA) Direct Provision Emergency Accommodation Centres and the number of emergency accommodation centres in each county. Records pertaining to and/or recording the release and/or delay of Reception and Integration Agency (RIA) Monthly and Annual reports since November 2018. Updated records pertaining to and/or recording of Reception and Integration Agency (RIA) Direct Provision Accommodation Centres including that is included in regular RIA monthly reports (see page 12 of RIA Monthly Report November 2018) including : the county of all centres; the name of all centres; the address of all centres; the current contracted capacity of all centres; current or most recently updated occupancy of all centres; the current or most recently updated vacancies of all centres; the current or most recently updated number of contracted accommodation unavailable due to illness; the current or most recently updated number of contracted accommodation 'Other Unavailable'; the Resident Type of each centre; the Accommodation Type of each centre.,Part Grant,24/04/2020
DOJ-FOI-2020-0168,Journalist,"I refer to the article in today's Irish Times https://www.irishtimes.com/news/crime-and-law/just-three convictions-since-law-targeting-those-who-used-prostitutes-introduced 1.4155627 concerning the High Level Working Group established to review the law on criminalisation of sex workers' clients. Under the Freedom of Information Act 2014 I request a copy of the Interim Report referred to in the article, along with copies of: 1. All internal and external correspondence relating to the establishment and composition of the High Level Working Group, the terms of reference of this and future reports, the methodology of the review(s), and preparation of the Report; 2. Any submissions requisitioned by or made to the Group; and 3. All minutes of Group meetings.",Part Grant,13/03/2020
DOJ-FOI-2020-0173,Other,Data on hard drugs offences including convicted cases in 2018 and 2019 respectively under the Misuse of Drugs (Amendment) Act 2016. Specifically the breakdown of reported cases/convictions under section 15 of the act (i.e. the possession of a controlled drug for the purpose of unlawful sale or supply (possession for sale or supply).,Refused,06/03/2020
DOJ-FOI-2020-0174,Journalist,A copy of all correspondence (including emails) to and from Minister Charlie Flanagan in relation to the IRA,New IRA or Saoradh since January 1,2019.,Refused,27/04/2020
DOJ-FOI-2020-0175,Journalist,A copy of all correspondence (including emails) to and from Justice Minister Charlie Flanagan since January 2019,in relation to the death of a named person in Monaghan in 2011.,Part Grant,20/04/2020
DOJ-FOI-2020-0176,Journalist,A copy of the briefing document that has been prepared for the incoming Minister,following the recent general election.,Refused,23/03/2020
DOJ-FOI-2020-0177,Journalist,"1) Any correspondence between the Department of Justice and the Dublin Airport Authority regarding the waiting times in checking persons passports in Dublin Airport for the years of 2018, 2019 and to 24 February 2020. 2) Any correspondence between the Department of Justice and any airlines regarding the waiting times in checking persons passports in Dublin Airport for the years of 2018, 2019 and to 24 February 2020.",Refused,20/04/2020
DOJ-FOI-2020-0180,Journalist,"Copies of any correspondence (emails, letters, memos or reports) between the Office of the Data Protection Commissioners and the Department of Justice since August 1st, 2019 relating to resources, budgets, staffing and office accommodation for the DPC.",Granted,16/04/2020
DOJ-FOI-2020-0182,Other,Any statistics which illustrate the amount of refugees Ireland has taken from Libya since 2016.,Refused,11/03/2020
DOJ-FOI-2020-0184,Journalist,"Copies of all internal records held referring or relating to the issue of block booking of visa appointments by third parties. This request to cover the period 1 September 2019 to 25 February 2020. This should include internal emails, any submissions, reports, memos, notes, or other such review or explanatory documents. For avoidance of doubt, it is the issue discussed in the following newspaper article to which this request refers: https://www.irishtimes.com/news/social-affairs/visa renewals-unofficial-operators-earn-thousands-by-block-booking-site 1.4118454",Granted,21/04/2020
DOJ-FOI-2020-0188,Journalist,All records,to include emails and correspondence,relating to the European Commission's proposed abolition of bi-annual clock changes (summer time/winter time) and its potential impact.,Part Grant,19/05/2020
DOJ-FOI-2020-0189,Other,Access to the five-question questionnaire results developed until 13th of December 2019 about the amendment of the Prohibition Of Incitement Acts hatred Act 1989.,Refused,06/03/2020
DOJ-FOI-2020-0190,Business/Interest Groups,All correspondence with named company since May 15 last year.,Part Grant,13/03/2020
DOJ-FOI-2020-0193,Journalist,"Copies of all briefing material prepared for the Minister for Justice and his private secretaries and special advisors relating to Sinn Féin / the Provisional IRA / the IRA Provisional Council. Letters, emails or any other correspondence between the Taoiseach and Minister for Justice relating to concerns about Sinn Féin and the Provisional IRA / the IRA Provisional Council. Letters, emails or any other correspondence between An Garda Síochána or other State security services and the Minister for Justice (and his private secretaries and special advisors) relating to security concerns relating to Sinn Féin and the Provisional IRA / the IRA Provisional Council.",Refused,27/04/2020
DOJ-FOI-2020-0194,Other,Access to the results of the five-question survey that ended on the 13th of December 2019 about the amendment of the Prohibition of Incitement Acts hatred Act 1989.,Refused,13/03/2020
DOJ-FOI-2020-0195,Other,A report on the revenue generated in the year 2017 and 2018,showing accrued income on GNIB application and renewals. This report will assist to compare the revenue generated for the government through migration between 2017 and 2018,Granted,13/03/2020
DOJ-FOI-2020-0196,Other,"All copies of all briefing materials, memos, minutes, draft and final proposals, and any other intra-departmental correspondence concerning the Thornton Hall (Killsallaghan, North, Co. Dublin) site visit by Mark Wilson Principal Officer, Reception and Integration Agency, Department of Justice in July 2019.",Part Grant,12/05/2020
DOJ-FOI-2020-0197,Other,Copies of the report in which the Garda Commissioner claimed the Provisional I.R.A. Army Council still exists and control's the political wing - Sinn Fein,Refused,07/04/2020
DOJ-FOI-2020-0198,Journalist,"Records showing the number of employee/official mobile devices - to include smartphones, laptops and tablets - reported lost by or stolen by employees/officials in 2017, 2018 and 2019. • Breakdown of same by device and year • Whether devices were encrypted or not.",Granted,24/04/2020
DOJ-FOI-2020-0203,Other,1. Number of asylum applicants who have been issued with a Labour Market Access Permission by the Department of Justice since July 2018 2. Number of asylum applicants currently in employment 3. Sectors of employment of asylum applicants,Part Grant,11/03/2020
DOJ-FOI-2020-0206,Journalist,"Minutes of the meetings of the Abhaile scheme Steering Board, held in 2018 and 2019, and to date in 2020.",Part Grant,17/04/2020
DOJ-FOI-2020-0207,Journalist,All responses to the following consultation: https://www.gov.ie/en/consultation/b8de16-public-consultation-on flexible-working/,Refused,14/04/2020
DOJ-FOI-2020-0210,Other,A grid with details of all applications submitted to INIS for lay volunteer visas since the beginning of 2016 with: (1) date logged as received by INIS (2) whether the application was successful/rejected (3) which organisation sponsored their application.,Granted,27/04/2020
DOJ-FOI-2020-0218,Journalist,"• The number of deportation orders signed/issued in 2019 - with a breakdown by nationality. • The number of people deported by the State in 2019 - with a breakdown by nationality. • The amount of money spent on flights deporting foreign nationals in (i) 2017, (ii) 2018 and (iii) 2019.",Granted,16/04/2020
DOJ-FOI-2020-0223,Journalist,"• Copies of any records held in the email account of Minister Flanagan relating to the opening of a new direct provision centre in Rosslare, Co Wexford. This part of the request to cover period 1 December 2019 to 5 March 2020. • Copies of any submissions, memos, briefs, or other such review or explanatory documents relating to the opening of the direct provision centre in Rosslare. Same timeline as above. • Copies of any representations received by the Department relating to the opening of the Rosslare Centre.",Part Grant,29/04/2020
DOJ-FOI-2020-0224,Journalist,"•Any correspondence between the Department/Minister and Facebook, Twitter, Google Intel or Tik Tok in relation to fibre-optic, ocean-bed cables that connect Europe to America. •Any internal memos/documents created/minutes arising out of the same.",Refused,31/03/2020
DOJ-FOI-2020-0225,Journalist,"• The number of people who took part in the voluntary assistance return programme last year. • The amount of money that was spent on the scheme last year broken down according to flights, grants etc. • A list of the countries to which participants returned last year. • The top five countries to which participants returned and how many returned to each of those five.",Granted,08/04/2020
DOJ-FOI-2020-0227,Journalist,An anonymised list of the small business grants awarded and the purposes for which they were used.,Refused,07/04/2020
DOJ-FOI-2020-0239,Clients,"All documents, emails and correspondence generated in the Department of Justice and Equality, including the Reception and Integration Agency, concerning any proposals to locate a Direct Provision Centre or other type of centre for asylum seekers in the Skellig Star/Watermark Hotel in Cahirciveen Co Kerry. The timeline for documents etc. under the above request is 1 November 2019 to 17 March 2020.",Part Grant,14/05/2020
DOJ-FOI-2020-0245,Clients,"All records, correspondence, documents, reports, minutes of meetings etc. which relate to any and all appointment or nominations of a named person as counsel to the Minister for Justice and Equality in advisory, investigatory or litigation matters since 2014. All records, documents, reports, minutes of meetings etc. which relate to the appointment of a named person as investigator in matters relating to me within An Garda Síochána in 2018. All records documents, reports, minutes of meetings etc. relating to both the investigation conducted and the findings made by a named person on foot of his investigation in to possible breaches of the CPSA guidelines which may have occurred in the processing of application and appeal made by a named Garda to join the ASU in October 2017. All records documents, reports, minutes of meetings etc. relating in any way to the decision of the CPSA to confirm (per letter of a named person to the Garda Commissioner on or about June 10th of 2019) that the CPSA intended to commence an audit of An Garda Síochána as it was ‘not satisfied that An Garda Síochána took appropriate actions to investigate the allegations made’ All records documents, reports, minutes of meetings etc. relating in any way to the correspondence sent to the Commissioner of An Garda Síochána by the Secretary of the Commission of Public Service Appointments on June 10th 2019 which confirmed the decision of the CPSA to conduct an audit of An Garda Síochána for reasons of the inadequate actions of An Garda Síochána with respect to the internal investigation conducted by a named person between March 2018 and June 2019 into the original concern raised by a named Assistant Commissioner.",Refused,09/04/2020
DOJ-FOI-2020-0260,Other,"Records which give the location of all Direct Provision centres and emergency accommodation centres in Dublin. Also If possible, I wish to access any records of maintenance that has been done in these centres in the past five years and any correspondence between the Department and Direct Provision centres regarding maintenance.",Part Grant,05/05/2020
DOJ-FOI-2020-0262,Journalist,Under the 2014 FOI act I am requesting the following Any correspondence/memos/letters created as a result of the following lobbying returns: https://www.lobbying.ie/return/55168/council-of-the-bar-of-ireland https://www.lobbying.ie/return/55236/council-of-the-bar-of-ireland https://www.lobbying.ie/return/55233/council-of-the-bar-of-ireland,Refused,07/05/2020
DOJ-FOI-2020-0263,Journalist,Copies of any briefings,submissions,memos,audits,or other such review or explanatory documents referring or relating to immigration control measures targeting nationals of Georgia and Albania. This request is to cover the period 1 September 2019 to 5 March 2020.,Refused,24/04/2020
DOJ-FOI-2020-0265,Journalist,A spreadsheet/database of all visa applications received in 2019 broken down by country,and by the success/failure rate for each country.,Refused,08/05/2020
DOJ-FOI-2020-0268,Journalist,Copies of any submission/briefings/reports prepared for Minister Flanagan or the Department Secretary General with regard to COVID-19 and its potential impact on direct provision centres.,Refused,23/04/2020
DOJ-FOI-2020-0269,Journalist,"• The total number of asylum-seekers who are currently living in emergency accommodation in hotels, guest houses or other facilities because of a lack of space in the direct-provision system - along with a breakdown by the county, or town, in which they are living, along with a breakdown by gender, and by the number of whom are adults/children. • The total amount spent by the Department on accommodating asylum-seekers in emergency accommodation in hotels, guesthouses or other facilities because of a lack of space in the direct-provision system, in (i) 2019 and (ii) so far in 2020. • The total number of asylum-seekers who are in direct-provision centres in Ireland, with a breakdown by each centre. • The total cost of running direct-provision centres in Ireland last year, with a breakdown by each centre.",Part Grant,13/05/2020
DOJ-FOI-2020-0270,Journalist,Any correspondence received by the Department between December 2019 and February 2020 from any city or county councillor in response to invitations to the RIC commemoration event which was planned for this year.,Part Grant,12/05/2020
DOJ-FOI-2020-0272,Other,All internal documents that contain the number of removals via deportation orders currently pending and the number of removals via deportation orders currently being appealed.,Part Grant,30/04/2020
DOJ-FOI-2020-0283,Journalist,"1. All correspondence between the International Protection Accommodation Service and named persons in relation to transfers of residents of Ciúin House, The Paddocks, Carrick-on-Shannon, Co. Leitrim, from April 2019 til the present date, including but not limited to: emails, notes from phone conversations, notes from meetings, text and WhatsApp messages. 2. All documents and correspondence relating to background checks carried out on named persons by the Department of Justice. 3. All documents and correspondence relating to inspections and/or visits by staff of the International Protection Accommodation Service to Ciúin House, The Paddocks, Carrick-on-Shannon, Co. Leitrim, from April 2019 to 20 April 2020.",Part Grant,26/11/2020
DOJ-FOI-2020-0284,Journalist,"All internal and external correspondence received and/or sent by the Department of Justice in relation to the Skellig Star Hotel (AKA Watermarque Hotel) in Cahersiveen, Co Kerry, in particular its potential - and subsequent use as a centre to accommodate asylum seekers, anytime between January 1st, 2017 and 21 April 2020.",Part Grant,26/05/2020
DOJ-FOI-2020-0285,Clients,(1) When and by whom was the Skellig Star Hotel in Cahersiveen deemed suitable as a dedicated Direct Provision Centre. (2) Copy of inspection report deeming Skellig Star Hotel Cahersiveen suitable as a dedicated direct provision centre.,Part Grant,02/06/2020
DOJ-FOI-2020-0286,Business/Interest Groups,"Documentation/policy documents/policy discussions/emails between the Department of Employment Affairs and Social Protection and the Department of Justice and Equality (including ministerial correspondence) pertaining to Covid-19 Pandemic Unemployment Payment & Asylum Seekers. The date period for this request is from the first date the proposed Covid-19 Pandemic Unemployment Payment was discussed between officials/Ministers in Department of Justice and DEASP, to 28 April 2020.",Part Grant,19/05/2020
DOJ-FOI-2020-0289,Journalist,The most recent RIA inspection reports for each individual direct provision centre.,Refused,26/05/2020
DOJ-FOI-2020-0290,Journalist,"A record of the agreement between the Department of Justice and Remcoll Capital for the operation of a Direct Provision Centre in the Skellig Star Hotel, Cahersiveen, Co. Kerry, including the agreed contract fee and any other payments to be made for the operation of the Direct Provision Centre.",Refused,28/05/2020
DOJ-FOI-2020-0291,Journalist,Email correspondence to/from the Department relating to or concerning the Direct Provision Centre at the Skellig Star Hotel in Cahersiveen,during the period January 1st 2020 to April 30th 2020.,Part Grant,09/06/2020
DOJ-FOI-2020-0293,Other,"Information regarding the designation of the 'Skellig Star Hotel' in Cahersiveen, Co. Kerry as a Direct Provision Centre. How, who or at whose behest were representations made to the Department of Justice and Equality, either orally or written to have the 'Skellig Star Hotel' Cahersiveen designated as a Direct Provision Centre for Asylum Seekers. A copy of all oral and written submissions made on this matter to the Department of Justice and Equality, including who made such submission, on whose behalf, and the nature of them.",Part Grant,04/06/2020
DOJ-FOI-2020-0295,Business/Interest Groups,"1. Copy all correspondence between named solicitors and/or named firm and the Department of Justice and Equality (to include its predecessors-in-title) in relation to the Criminal Justice (Legal Aid) Act 1962 and the various regulations made thereunder; 2. Copy all applications for payment made by named solicitors and/or named firm on foot of a certificate of legal aid; 3. Without prejudice to the generality of the number 1 above, copy all certificates of legal aid granted to clients of this office, and assigned to either named solicitors and/or named firm, to include the applicable Legal Aid (District Court) Certificate and the Legal Aid (Trial on Indictment) Certificate, in respect of the criminal prosecution on indictment entitled The People at the referenced suit.",Part Grant,04/06/2020
DOJ-FOI-2020-0296,Other,"On 18/19th March 2020 27 residents were moved into Asylum Seekers Centre (direct provision) at the Rock Quarter, Ballinamore, Co. Leitrim now known as Carraig Accommodation Centre. Where were these families housed prior to their move to Ballinamore?",Refused,13/05/2020
DOJ-FOI-2020-0297,Other,"All documents and correspondence relating to inspections and/or visits by staff of the International Protection Accommodation Service to Ciúin House, The Paddocks, Carrick-on-Shannon, Co. Leitrim, from April 2019 to 5 May 2020. Including but not limited to: emails, notes from phone conversations, and notes from meetings, text and WhatsApp messages.",Refused,06/07/2020
DOJ-FOI-2020-0299,Journalist,"A copy of correspondence including memos and notes of telephone calls and approaches between the Department of Justice – Direct Provision Section - and Kerry County Council and its officials and members and Kerry TDs, Michael and Danny Healy-Rae, Pa Daly, Norma Foley and Brendan Griffin regarding the Direct Provision Centre in Cahersiveen between October 1st 2019 and May 1st 2020, inclusive. Any documents in relation to proposals to designate the Skellig Star Hotel O'Connell St, Cahersiveen and any records of decision to open the hotel as a Direct Provision Centre.",Part Grant,23/07/2020
DOJ-FOI-2020-0300,Other,Copy of the contract awarded by the Department of Justice and Equality to Townbe/Remcoll to provide accommodation to international protection applicants in Skellig Star,Cahersiveen,Co. Kerry.,Refused,28/05/2020
DOJ-FOI-2020-0304,Journalist,"Copies of all letters/complaints received by the Department from residents of Ciuin House direct provision centre in Carrick-on-Shannon, as well as residents from the Ballaghaderreen reception centre. Please include all complaints from 2019 and 8 May 2020.",Part Grant,29/07/2020
DOJ-FOI-2020-0305,Business/Interest Groups,Exact numbers of applications received and approved by the Department for Irish citizenship since 2010 till March 2020 in respect of; i. Adult Pakistani citizens; ii. Minor Pakistani citizens; iii. Adult Indian citizens; iv. Minor Indian citizens; v. Adult Bangladeshi citizens; vi. Minor Bangladeshi citizens,Granted,10/06/2020
DOJ-FOI-2020-0306,Business/Interest Groups,"A copy of all correspondence between officials in the Department of Justice and public health officials (including NPHET officials), regarding the use of the Skellig Star Hotel in Cahirsiveen, Co. Kerry as a centre to accommodate international protection applicants, the transfer of international protection applicants to that location, and the accommodation conditions in the centre between the period 3 February 2020 and 29 April 2020.",Part Grant,24/07/2020
DOJ-FOI-2020-0308,Journalist,"1. All documents and correspondence to, from or about the Anti Human Trafficking Unit in relation to changes in personnel, protocol, identification of victims, services and information offered to victims of human trafficking from the date 1 January 2016 to date 7 May 2020. 2. All correspondence to the personal of the anti-human trafficking unit from management or vice versa in relation to working with other agencies and NGO's who work in the area of Anti Human Trafficking. 3. All documents and correspondence in relation to the creation of the Transparency Unit and its connection to the anti-human trafficking unit. 4. All documents and correspondence in relation to the reclassification of charges of Human Trafficking Cases. 5. All documents and correspondence in relation to the number of human trafficking cases or investigations or victims in Ireland. 6. All correspondence and documents in relation to human trafficking sent to and from Ministers of Justice since 1/1/2019.",Part Grant,06/07/2020
DOJ-FOI-2020-0310,Clients,"File Reference IC/8/121/72: Car Bomb 28/12/72 Belturbet, Co. Cavan. File Reference S39/72A: Bombing at main Street, Belturbet, Co, Cavan.28/12/72. File Reference S39/72A Part 2: Bombing at main Street, Belturbet, Co. Cavan. These Files are all in relation to named person who died in this bombing.",Part Grant,07/10/2020
DOJ-FOI-2020-0311,Clients,"I would like to request access to the following files: File Reference IC/8/121/72: Car Bomb Outrage –28/12/72. Belturbet, Co. Cavan File Reference S39/72A: Bombing at Main Street Belturbet, Co. Cavan 28/12/’72 File Reference S39/72A Part 2: Bombing at Main Street Belturbet, Co. Cavan 28/12/’72",Part Grant,07/10/2020
DOJ-FOI-2020-0315,Other,Requesting the regulations and guidance provided to contractors providing Direct Provision on access to free menstrual hygiene products for those residing in their centres.,Part Grant,04/06/2020
DOJ-FOI-2020-0317,Journalist,All ministerial and departmental correspondence to and from members of the judiciary and Courts Service in respect of the coronavirus and its impact on the courts from 14 February 2020 to 15 May 2020.,Part Grant,18/09/2020
DOJ-FOI-2020-0319,Other,Any correspondence received by the Department of Justice and Equality from the Department of the Taoiseach or any agency of the French government concerning the case of the murder of named person in west Cork in 1996. The request also includes any correspondence issued by your Department to the Department of the Taoiseach or any agency of the French government.,Refused,16/06/2020
DOJ-FOI-2020-0322,Other,"All records in relation the Skellig Star Direct Provision Centre, including and not limited to: • All Visit reports to evaluate the centre including dates etc. • Dates of contracts and any meetings held. • Minutes of all meetings, phone calls, teleconference calls etc. • Any email sent or received in relation to this DPC. • The contract to operate the centre. • Full details of any conditions and requirements etc. • Any other relevant documents, emails or correspondence to 18 May 2020. • Any other relevant documents, emails or correspondence to the date of the reply. • All tender documents, tender replies, tender evaluation documents and decision criteria.",Part Grant,23/07/2020
DOJ-FOI-2020-0323,Journalist,Release of information relating to and about the Skellig Star Hotel in Cahirsiveen in Kerry newspapers today. • Any correspondence to or from the Minister or his secretary relating to the ad. • Details of costs to the Department of placing the ad. • Correspondence between officials from the Department and any outlets in which the ad was run.,Granted,25/08/2020
DOJ-FOI-2020-0328,Journalist,"Copies of any records held referring or relating to the preparation, placing, and publication of a full-page advert in local newspapers in Co Kerry relating to a direct provision system in the county. This request to cover the period 1 May 2020 to 21 May 2020. Searches of any mobile phones, relevant private email addresses and/or messaging services should be considered when processing this request.",Part Grant,25/08/2020
DOJ-FOI-2020-0330,Other,Any and all correspondence between Danny Healy Rae and the Department of Justice and Equality in relation to either Direct Provision Centres or the system of Direct Provision. Any correspondence between Deputy Danny Healy Rae and the Department of Justice and Equality in relation to the Skellig Star Hotel.,Granted,09/06/2020
DOJ-FOI-2020-0334,Other,Any records from 2015 until now about the commencement date for the Civil Debt (procedures) Act 2015 and why it has not been commenced.,Granted,25/06/2020
DOJ-FOI-2020-0335,Clients,The number of citizenship applications filed during 2019 and 2020. The number of citizenship applications currently open.,Granted,24/07/2020
DOJ-FOI-2020-0337,Journalist,"1) A copy of all complaints received by the International Protection Accommodation Service (IPAS) from international protection applicants and those living in either temporary or longer term direct provision accommodation, created since 1 January 2020. 2) A copy of all complaints received by the International Protection Accommodation Service (IPAS) from those who own, run, manage or are otherwise responsible for providing direct provision accommodation.",Refused,22/07/2020
DOJ-FOI-2020-0341,Journalist,Correspondence created in the following lobbying return for bodies that are either the Department itself or are under the aegis of the Department: https://www.lobbying.ie/return/59572/council-of-the-bar of-ireland,Part Grant,16/06/2020
DOJ-FOI-2020-0343,Other,"I am requesting in electronic form a copy of any memos and/or circulars generated since 1 May 2020 that were instructing sections to refer anyone who requests their personal data to the FOI Unit rather than the Data Protection Unit. I am also requesting any documents (e.g. emails, meeting minutes) connected with the DJE's referral decision from the previous paragraph.",Refused,23/06/2020
DOJ-FOI-2020-0345,Other,Records of non-personal data breach figures from May 2018 until 2020.,Granted,25/06/2020
DOJ-FOI-2020-0348,Journalist,"• A list of community groups that received a grant for community based CCTV schemes in Dublin from 2017 to 2020, including the basis upon which the grant was given. • The data protection impact assessments carried out for each of these schemes.",Refused,08/10/2020
DOJ-FOI-2020-0349,Oireachtas / Public Reps,"All minutes of meetings, correspondence and memoranda of electronic and phone communication in relation to the establishment of the telephone support service, for residents of direct provision centres and emergency accommodation centres, operated by the Jesuit Refugee Service.",Part Grant,10/07/2020
DOJ-FOI-2020-0350,Journalist,Copies of all inspections - including both State inspections and QTS inspections - of Direct Provision centres between January 2019 and May 2020.,Refused,30/06/2020
DOJ-FOI-2020-0351,Journalist,All records held referring or relating to the cessation of exceptional needs payments for residents of direct provision to buy items like nappies. This request to cover the period 1 Jan 2020 to 1 June 2020.,Refused,04/06/2020
DOJ-FOI-2020-0352,Journalist,• The number of deaths inside all direct provision centres since it was produced in 1999 until 2 June 2020. • The number of deaths that were recorded as a suicide and the number of deaths that were recorded (for unknown reasons),Part Grant,14/07/2020
DOJ-FOI-2020-0354,Journalist,All correspondence between Mark Wilson and George Sinclair (Department of Justice officials) regarding operations at IPAS between 1 May and 29 May 2020.,Part Grant,08/07/2020
DOJ-FOI-2020-0355,Other,A table containing all costs from direct provision in Ireland including names/companies who received payment and for what that payment was for.,Refused,30/06/2020
DOJ-FOI-2020-0357,Other,"Number of people in direct provision for the period January 2016 to May 2019 broken out by: Month / Year, Age Range, Gender, Length of Stay, Location, Status of Person",Refused,07/08/2020
DOJ-FOI-2020-0358,Other,"Records of all bills / legislation / debates / discussions on online harassment including but not limited to: cyberbullying, cyberstalking, hateful speech, online sexual harassment, trolling, revenge pornography (sextortion) and romance scams.",Refused,23/06/2020
DOJ-FOI-2020-0360,Journalist,Any information exchanged internally or externally between officials in the Department of Justice about the possible introduction of a system to allow for the electronic filing of documents by the legal service in light of the Covid-19 pandemic.,Part Grant,13/07/2020
DOJ-FOI-2020-0362,Other,Minutes of all meetings held in the period 1 April 2020 to 31 May 2020 in relation to direct provision services in Cahersiveen.,Part Grant,17/07/2020
DOJ-FOI-2020-0363,Journalist,How much in monetary terms was sanctioned in criminal legal aid in both courts during the same period [Jan 2018 to May 2020].,Granted,13/07/2020
DOJ-FOI-2020-0366,Journalist,"A copy of the data protection breach log in respect of 2019 and 2020 to date, where 'data protection breach log' is construed to mean a record maintained by the DJE Data Protection Officer or other relevant person of notifications received by staff of suspected data protection breaches in accordance with the Department's data protection policy, outlining the nature of the suspected breach, the section or department responsible, and the outcome of the incident.",Granted,13/07/2020
DOJ-FOI-2020-0367,Journalist,A copy of your risk register as of 1 December,2019.,Part Grant,14/08/2020
DOJ-FOI-2020-0369,Journalist,"Copies of any records held referring or relating to a briefing given by the CMO to Department officials on either the 16 or 17 of March. Copies of any submissions, memos, reports, briefings or any other such review/discussion documents held discussing the CMO's comments that differing approaches north and south of the border presented a threat to ROI.",Granted,23/06/2020
DOJ-FOI-2020-0372,Other,Any representations received by the Minister for Justice between 1 January 2018 and 30 May 2020 which alleges that An Garda Síochána is pursuing,or has pursued,a prosecution against an employee of An Garda Síochána in an improper manner.,Refused,15/09/2020
DOJ-FOI-2020-0375,Other,Details of cost to house,feed etc. an individual asylum seeker at Skellig Star Hotel.,Refused,30/06/2020
DOJ-FOI-2020-0383,Journalist,"• Any correspondence (inc. meetings, emails, presentations, memos etc) between any representatives of the Department (including Ministers and their advisors) and representatives of Facebook in relation to GDPR, specifically subject access requests. • Any correspondence between representatives of the Department (including Ministers and their advisors) and representatives of Facebook in relation to privacy concerns on WhatsApp. • Any concerns raised by the Department in relation to the above. • Any correspondence between the Department and Facebook in relation to Facebook as a data controller/data processor and how they process Subject Access Requests.",Refused,24/06/2020
DOJ-FOI-2020-0385,Other,• The total numbers of refugees and asylum seekers in Ireland at the moment in all the different centres. • The public tenders that went out and the contracts accepted by the different management companies that run these centres.,Granted,26/06/2020
DOJ-FOI-2020-0387,Other,"• Legal and final business contract(s) between the Department of Justice and any entities acting on behalf of the Skellig Star Direct Provision Centre in Cahersiveen, Co. Kerry. • Head of Terms or Letter of Intent between the Department of Justice and any entities acting on behalf of the Skellig Star Direct Provision Centre in Cahersiveen, Co. Kerry.",Refused,07/07/2020
DOJ-FOI-2020-0389,Oireachtas / Public Reps,"All correspondence and communications of any kind whatsoever between the Department of Justice and Equality, its employees, the Minister for Justice and Equality and/or his advisers and other civil servants and/or the Fianna Fáil, Fine Gael and/or the Green Party or their representatives regarding their programme for Government negotiations.",Granted,25/08/2020
DOJ-FOI-2020-0390,Journalist,"1. All records and correspondence held by the Department related to a briefing/presentation on 2020 government formation talks/programme for Government provided to either the Green Party, Fine Gael, and/or Fianna Fáil. 2. All briefings or analysis compiled by the Department on policy proposals as part of the 2020 government formation talks/programme for Government 2020.",Granted,25/08/2020
DOJ-FOI-2020-0391,Journalist,Correspondence sent and received by the Department’s Secretary General in relation to policy issues associated with the Programme for Government 2020 talks,between 3 May and 15 June 2020.,Granted,25/08/2020
DOJ-FOI-2020-0392,Journalist,"1 Any correspondence, submissions or proposals received by the Department of Justice and Equality since 1 January, 2020, regarding the proposed Direct Provision Centre in Rosslare, Co. Wexford. 2 Any internal correspondence, research reports, minutes of meetings, exchanged between officials in the Department of Justice and Equality since 1 January 2020, regarding the creation of the proposed Direct Provision Centre in Rosslare, Co. Wexford.",Part Grant,28/10/2020
DOJ-FOI-2020-0394,Journalist,"Any guidance, circulars, internal guidelines or equivalent that relate to how to assess and determine whether an applicant for citizenship meets the good character requirement.",Refused,17/07/2020
DOJ-FOI-2020-0396,Journalist,Any follow-up correspondence between the CPT and any Irish state agency for the time frame 26 September 2014 onwards regarding any of the issues raised in the visit report of September 2014.,Part Grant,14/08/2020
DOJ-FOI-2020-0397,Journalist,Any correspondence,submissions or proposals made to the Expert Group on Direct Provision or to the Department of Justice and Equality on behalf of the Expert Group regarding its work since 17 December 2019. This includes submissions made to the Expert Group from inside the Department of Justice and Equality from officials above the grade of Assistant Principal.,Refused,13/07/2020
DOJ-FOI-2020-0398,Journalist,Copies of all internal correspondence- dated between April 2017 and May 2020 - regarding the death of Ms Dara Quigley.,Refused,25/08/2020
DOJ-FOI-2020-0400,Other,"All discussions and correspondences between Department of Justice officials, the office of the Minister for Justice, Department of Health officials, relating to the Safetynet programme and asylum seekers, and communications about Safetynet to IPAS Centre Managers, in the period 1 March to 1 June 2020.",Part Grant,27/08/2020
DOJ-FOI-2020-0403,Journalist,"1) The fees paid to each coroner in Ireland last year - by name and the coroner's court in which they operate. 2) The total number of inquests which were carried out in Ireland in (i) 2017, (ii) 2018 and (iii) 2019, with a breakdown by each coroner's court. I would also like a breakdown of the verdicts in each court in each of the three years.",Part Grant,13/07/2020
DOJ-FOI-2020-0415,Journalist,A copy of the briefing document drawn up by the Secretary General/senior Department official outlining the main issues facing the newly appointed Minister for Justice.,Refused,27/07/2020
DOJ-FOI-2020-0419,Journalist,All documents relating to the Department of Justice's Transparency Unit's evaluation of social media tweets regarding direct provision,from April 2019 to 29 June 2020.,Granted,13/08/2020
DOJ-FOI-2020-0422,Other,"All records relating to “Sex Workers Alliance Ireland” and/or “SWAI” from 1 January 2020 to 29 June 2020 including, but not limited to, emails, notes, minutes of meeting, draft notes and records of telephone discussions.",Part Grant,13/10/2020
DOJ-FOI-2020-0423,Journalist,A copy of the briefing provided to the new Minister.,Refused,27/07/2020
DOJ-FOI-2020-0424,Oireachtas / Public Reps,A copy of the incoming Minister’s brief on areas covered/ previously covered by your Department.,Refused,27/07/2020
DOJ-FOI-2020-0426,Journalist,"A copy of the briefing document prepared for the new Minister for Justice. A copy of the briefing documents prepared by Justice officials for the new Minister for Children, Disabilities, Equality and Integration.",Refused,27/07/2020
DOJ-FOI-2020-0428,Journalist,A copy of the briefing document provided to Helen McEntee on being appointed Minister for Justice.,Refused,27/07/2020
DOJ-FOI-2020-0429,Journalist,"All briefing material prepared by the Department of Justice for its new Minister Helen McEntee as part of the Departmental handover. I have particular interest in briefing material related to the INIS, immigration policy and direct provision but would like to request the entire document.",Refused,27/07/2020
DOJ-FOI-2020-0432,Journalist,"Records relating to the number of people who have been contacted, fined or charged by the Department of Justice and Equality in relation to working while in direct provision each year in the years 2015-2019. Records relating to the number of individuals in receipt of direct provision payments who have taken up employment between the beginning of June 2018 - when asylum seekers were granted permission to work in Ireland provided they pass certain criteria - and the end of May 2020.",Refused,03/07/2020
DOJ-FOI-2020-0433,Journalist,All briefing material prepared by the Department of Justice and IPAS for the newly appointed Minister for Children,Disability,Equality and Integration Roderic O'Gorman relating to the handover of the direct provision accommodation system and any other integration or equality issues which the Department of Children will now be dealing with.,Refused,27/07/2020
DOJ-FOI-2020-0434,Journalist,All briefing documents prepared for the incoming Minister and Ministers of State in the Department.,Refused,27/07/2020
DOJ-FOI-2020-0440,Journalist,All internal correspondence and briefing material within the Department of Justice between January-June 2020 regarding the decision to put the Irish Refugee Protection Programme on hold due to the Covid-19 pandemic.,Granted,01/10/2020
DOJ-FOI-2020-0443,Journalist,Copies of any records held referring or relating to comments made by a social media post by People Before Profit TD Brid Smith relating to named person. This request to cover the period 20 June 2020 to 6 July 2020.,Part Grant,09/10/2020
DOJ-FOI-2020-0444,Journalist,"If the Department of Justice uses the services of named company technology for the purposes of Facial Recognition. - If so, for what purposes.",Refused,17/07/2020
DOJ-FOI-2020-0445,Other,The annual expenditure on the Council for the Status of Women get every year since its foundation and Government guidelines on the use of such monies.,Refused,17/07/2020
DOJ-FOI-2020-0450,Journalist,"Copies of any briefings/submissions/reports or other such review, overview, or explanatory documents prepared for the Minister or Secretary General with regard to the enforcement of legislation around travelling certain distances as part of Covid-19 restrictions.",Part Grant,09/10/2020
DOJ-FOI-2020-0452,Journalist,A copy of any briefing material presented to the new Minister on their taking up of office following the election of Taoiseach Micheál Martin on Saturday,27 June 2020.,Refused,27/07/2020
DOJ-FOI-2020-0455,Journalist,A copy of the briefing document(s) prepared for the new incoming Minister and/or (if different records) the Ministers of State in the Department.,Refused,27/07/2020
DOJ-FOI-2020-0457,Journalist,All briefing documents prepared by your Department's officials and presented to the new Minister. I'm seeking copies of documents delivered to Helen McEntee to introduce her to her new portfolio and ongoing issues under her responsibility between her appointment on 27 June 2020 and today 9 July 9 2020.,Refused,27/07/2020
DOJ-FOI-2020-0465,Other,All records,correspondence,submissions and representations relating to the compliance of the Law Society of Ireland with the provisions of the Legal Practitioners (Irish language) Act 2008.,Granted,12/08/2020
DOJ-FOI-2020-0466,Other,"The period to which my request refers to is 6 May 2016 to 31 May 2017. •Any correspondence, briefings, notes, reports, agendas, minutes or other records relating to the preliminary consultations held with “relevant State agencies” on the feasibility of introducing a Public Defender system in Ireland, referred to in the Programme for Government Annual Report 2017, published by the Department of An Taoiseach. •Any correspondence, briefings, notes, reports, agendas, minutes or other records relating to the review of Public Defender systems in other jurisdictions, referred to on page 55 of the Programme for Government Annual Report 2017. •Any reports or records outlining the potential costs of introducing a Public Defender system in Ireland.",Granted,28/08/2020
DOJ-FOI-2020-0467,Journalist,"Minutes of the inter-agency Implementation Group to examine and drive forward the implementation of recommendations in the Garda Síochána Inspectorate report “Responding to Child Sexual Abuse – A Follow-up Review”, between May 2018 to 6 July 2020.",Part Grant,08/10/2020
DOJ-FOI-2020-0471,Journalist,"The briefing document for Helen McEntee and other Ministers in her Department, files usually given to a Minister informing them of what will be in their Department, what roles or responsibilities they have and what issues lie ahead under a new government.",Refused,27/07/2020
DOJ-FOI-2020-0472,Journalist,All correspondence to and from the Minister for Justice in relation to the family court complex at Hammond Lane between March 2020 and 16 July 2020.,Refused,05/10/2020
DOJ-FOI-2020-0475,Journalist,"Copy of the list of Department purchase orders for the first six months of this year to name the party the Department has purchased goods/services from for over €20,000, the service/goods provided and the amount paid out in each case by the Department.",Refused,06/08/2020
DOJ-FOI-2020-0483,Journalist,A copy of all briefing documents/advisory papers/policy documents prepared for and/or presented to incoming Minister/Minister of State between 27 June and 24 July.,Refused,07/08/2020
DOJ-FOI-2020-0484,Other,The overall sum it cost the State to have a report completed by named person who conducted the Section 42 inquiry of the Garda Síochána Act 2005 into the Garda handling of the death of named person. Along with all-expense that accorded by this inquiry I am also looking for the breakdown of the payment that both the State barristers and legal team were paid along with the family's legal team.,Granted,15/09/2020
DOJ-FOI-2020-0486,Journalist,I would like to request a copy of all briefing notes/material prepared for the new Minister since his/her appointment last month.,Refused,07/08/2020
DOJ-FOI-2020-0487,Journalist,"All correspondence, memos, briefings and reports created or received by the Department between 7 July and 20 July 2020 concerning the possibility of suspending, revising or otherwise reassessing Ireland's extradition treaty with Hong Kong.",Part Grant,07/12/2020
DOJ-FOI-2020-0489,Journalist,All records relating to the need to have Anti-money Laundering Directive (No 4) implemented in 2015 that has resulted in a €2m fine because of the delay in introducing it. Please include all records relating to the need to have Anti-money Laundering Directive 4 introduced in time and any records that went to the Ministers or Ministers of State at the time.,Part Grant,04/11/2020
DOJ-FOI-2020-0493,Journalist,"A copy of the annual report submitted to the Minister by the Irish Passenger Information Unit for each of the following years 2017, 2018, and 2019.",Granted,15/09/2020
DOJ-FOI-2020-0494,Other,"Information in relation to the establishment of The Skellig Star Hotel in Cahersiveen, County Kerry as a Direct Provision Centre for asylum seekers and refugees.",Part Grant,03/09/2020
DOJ-FOI-2020-0497,Journalist,Copies of the minutes of all board (or similar authority) meetings from January 2020 to June 2020.,Part Grant,29/10/2020
DOJ-FOI-2020-0500,Journalist,"A list of all referrals made by Immigration Officials (including INIS officials) at all airports and ports in Ireland to Department of Employment Affairs and Social Protection - dated between January 2019 and July 2020. This should include the number of passports checked by officials and the number of referral reports sent to DEASP. In addition, I'd like to request a list of the number of staff employed to carry out these checks/referrals in the timeframe specified.",Granted,10/09/2020
DOJ-FOI-2020-0501,Journalist,"All documentation including, contemporaneous notes, letters, emails or other transcripts of any meetings and phone calls between the Department of Justice and Law Reform and any representatives of Hedge funds/vulture funds who lobbied, met with, had any contact directly with or via a 3rd party with the Department, the current and previous Minister's for Justice and departmental civil servants during the period 1 April 2020 to 28 July 2020.",Refused,18/09/2020
DOJ-FOI-2020-0502,Journalist,I am seeking a copy of the Minister's diary for the period from and including 27 June up to and including 31 August 2020.,Granted,03/08/2020
DOJ-FOI-2020-0506,Business/Interest Groups,Copies of all requirements issued to carriers under Regulation 3 of SI No 597/2011 (the European Communities (Communication of Passenger Data) Regulations 2011) since the coming into force of that SI.,Part Grant,10/09/2020
DOJ-FOI-2020-0508,Journalist,"A copy of any submissions, reports, memos, or other such review or briefing documents relating to the hunger strike that took place at the Cahirciveen direct provision centre. Copies of any correspondence between the Department or its agencies and the operators of Cahirciveen direct provision centre in the period 1 July 2020 to 1 August 2020.",Part Grant,19/11/2020
DOJ-FOI-2020-0509,Journalist,"A copy of the minutes of the Department Board, the Management Board, and the IPAS Covid-19 group in the period since 1 May.",Part Grant,29/10/2020
DOJ-FOI-2020-0510,Oireachtas / Public Reps,The contract for services / between the DOJ and Townbe ULC in respect of the Skellig Star Hotel Direct Provision Centre.,Refused,26/08/2020
DOJ-FOI-2020-0518,Other,"Please see attached a document from Garda HRM Department (ERO PAR 120780/13). The document refers to ICT/HR Strategy. Can I see all information business cases and any other notes document memos which lead to the creation of this document which the Department of Justice and Equality agreed. I am specifically interested in how the document came to be and the business case behind it and how the number of sergeants and inspectors came about. Also what type of sanction was it, was there a ranks order? Were these special promotions of ordinary Promotions as much detail as possible on the status of these promotions would assist. I am looking for as much information as possible in relation to how this document was developed and what exactly was sanctioned by the Department of Justice and Equality.",Part Grant,01/10/2020
DOJ-FOI-2020-0519,Other,"(1) Records created between 27 June 2018 and 6 August 2020 relating to employment permits granted to seekers of international protection orders, or, in the alternative (a) the number of employment permits granted to asylum seekers in 2018, 2019 and to date in 2020 (b) the nationality of asylum seekers granted employment permits in 2018, 2019 and to date in 2020 (c) an analysis of working permit by sector, to include meat processing (d) an analysis of working permit by direct employment in a business and employment by an agency . For the period since the introduction of a scheme in June 2018 which allows asylum seekers to obtain a work permit after waiting more than nine months from their first asylum application, I am trying to find out how many permits were issued, for what nationalities and what sectors employ those with work permits. I am also interested to know if the meat processing sector employs a disproportionate number of asylum seekers and if they are employed directly by businesses or if they are employment by employment agencies acting on behalf of businesses.",Granted,10/09/2020
DOJ-FOI-2020-0521,Other,Copies of all correspondence in all formats between Muintir Na Tire and the Department of Justice (to include minutes,memos of meetings and phone calls) covering all aspects of programmes funded by the Department of Justice and managed by Muintir Na Tire for the period 12 September 2019 to date of this application. Also to include copies of all correspondence with any other government department or agency including An Garda Síochána concerning Muintir Na Tire and its activities in the same period.,Part Grant,29/09/2020
DOJ-FOI-2020-0522,Other,"Copies of all internal memos, documentation, guidance, legal advices, and any and all other material not explicitly mentioned here, that relates to the obligations of religious orders and members of the clergy to report sexual offences and crimes that arise in the course of confession.",Part Grant,15/12/2020
DOJ-FOI-2020-0523,Other,"In relation to the running of Direct Provision Centres, can you provide the full list of requirements and regulation with regard to fire safety, what needs to be done post, pre and during occupancy of any such centre?",Granted,22/09/2020
DOJ-FOI-2020-0524,Journalist,"The total cost of the O'Malley report/Review of the Investigation and Prosecution of Sexual Offences, with as comprehensive a breakdown of the costs as is available, to include costs of a named person.",Refused,10/09/2020
DOJ-FOI-2020-0528,Journalist,"1. All the International Protection Accommodation Service newsletters to direct provision residents, from March 2020 to 11 August 2020. 2. Any documents outlining the strategy and guidance in relation to vulnerable residents of direct provision, from March 2020 to 11 August 2020.",Refused,17/08/2020
DOJ-FOI-2020-0532,Journalist,All emails between DCYA and Department of Justice regarding the transfer of IPAS staff to DCYA dated between 1 June and 10 August 2020. Any briefing notes and reports prepared for Minister O'Gorman regarding transfer of staff and of Direct Provision accommodation dated between 1 July and 10 August.,Refused,18/08/2020
DOJ-FOI-2020-0533,Journalist,"• Data on the number of foreign nationals who were refused leave to land in Dublin airport between March and July 2020 and subsequently spent time in an Irish prison before being sent back to their country of origin. • A male/female and age breakdown of these individuals A breakdown of the nationalities of any person who was refused leave to land and detained in an Irish prison between March and July 2020 • Copies of all correspondence between the Department of Justice and an Garda Síochána regarding the detention of foreign nationals refused leave to land and awaiting deportation in prisons during the Covid-19 pandemic. • Copies of all correspondence between The Department of Justice and the governors of Mountjoy, Dóchas and Cloverhill prisons regarding the detention of foreign nationals refused leave to land between March and July 2020.",Refused,03/09/2020
DOJ-FOI-2020-0536,Other,A copy of the Office of State Pathologist report from 2002.,Refused,10/09/2020
DOJ-FOI-2020-0537,Journalist,All the International Protection Accommodation Service newsletters to direct provision centre managers and Friends of the Centre groups from March 2020 to the time of submitting this request.,Refused,17/08/2020
DOJ-FOI-2020-0543,Other,Any documentation from January 2019 to January 2020 where information on numbers of persons refused 'permission to land' under s.4 of the Immigration Act 2004 (as amended) are provided in documents held by the Department of Justice.,Part Grant,24/09/2020
DOJ-FOI-2020-0545,Other,The number of people in Direct Provision centres who are working in meat factories in all counties in Ireland.,Part Grant,01/10/2020
DOJ-FOI-2020-0546,Journalist,All responses to the public/stakeholder consultation on gambling in 2009. All correspondence from stakeholders to the Inter-Departmental Working Group Report on the Future Licensing and Regulation of Gambling which was established in 2018.,Part Grant,08/10/2020
DOJ-FOI-2020-0551,Journalist,"1. All communications relating to reviews of social media regarding direct provision between officials in the Department of Justice's Transparency Unit, officials in the International Protection Office, and officials in the International Protection Accommodation Service, including but not limited to Principal Officers, Assistant Principal Officers, Directors, Deputy Secretary Generals, and the Secretary General; including but not limited to emails, notes from phone conversations, notes from meetings; from March 2020 to the time of submitting this request. 2. All communications relating to reviews of social media regarding direct provision between Department of Justice officials - including but not limited to Principal Officers, Assistant Principal Officers, Directors, Deputy Secretary Generals and the Secretary General - and the Minister for Justice and Equality and the Minister of State for the Department of Justice and Equality; including but not limited to emails, notes from phone conversations, notes from meetings; from March 2020 to the time of submitting this request.",Granted,06/11/2020
DOJ-FOI-2020-0552,Business/Interest Groups,A copy of the Memorandum of Understanding between Ireland and Nigeria and any accompanying documents concerning the agreed terms and conditions of the return.,Refused,11/09/2020
DOJ-FOI-2020-0553,Business/Interest Groups,"The social media evaluation reports prepared by the Transparency Unit of the Department of Justice related to any of the below topics: -Sex work, -Prostitution, -Sex trafficking, -Criminal Law (Sexual Offences) 2017 Act",Granted,06/11/2020
DOJ-FOI-2020-0554,Journalist,All information held by the Transparency Unit on social media tweets about Direct Provision since 1 June 2020. All correspondence between the Transparency Unit and the Ministers the Ministers' secretaries and the Department's General Secretary on social media tweets about Direct Provision since 1 June 2020.,Granted,06/11/2020
DOJ-FOI-2020-0555,Other,Any records within Justice and between Justice officials and any outside parties such as PR advisors,other Government departments,discussing the creation of the social media monitoring on direct provision prior to and post the creation of social media monitoring reports.,Part Grant,06/11/2020
DOJ-FOI-2020-0556,Journalist,All correspondence to/from the Department related to the monitoring of social media posts about Direct Provision for the period dating 1 January 2020 to 17 August 2020.,Granted,06/11/2020
DOJ-FOI-2020-0557,Other,Any files,memos,reports,etc.,that the Department of Justice has in relation to the monitoring of the social media accounts of left-wing/progressive activists in Ireland during the period January 2019 to 17 August 2020.,Refused,19/10/2020
DOJ-FOI-2020-0558,Business/Interest Groups,All correspondence between January 2018 to August 2020 regarding the Skellig Star Experience also Cahersiveen Direct Provision centre between provided email addresses including WhatsApp and other formats referenced in said correspondence.,Part Grant,28/10/2020
DOJ-FOI-2020-0562,Journalist,All records in connection with the following letter (including those related to follow up departmental actions and/or correspondence with named person / HIF): https://www.lobbying.ie/return/1496/stiof%C3%A1n-nutty,Part Grant,08/10/2020
DOJ-FOI-2020-0563,Other,Documents containing any policies,procedures or guidelines used by the Department of Justice and Equality or its agencies in relation to the Minister's exercise of discretion under section 16(a) of the Irish Nationality and Citizenship Act 1956 to dispense with conditions of naturalisation where the applicant is of Irish descent or Irish associations.,Refused,12/10/2020
DOJ-FOI-2020-0564,Business/Interest Groups,"Any order, request or execution of investigative measures that have been carried out under MLAs? Alternative measures to the EAW in the context of this project refer to alternative cross-border cooperation mechanisms, such as European Supervision Order (‘ESO’), European Investigation Order (‘EIO’) European Probation Order (‘EPO’) and Framework decision 2008/909/JHA on transfer of prisoners. Notwithstanding that Ireland has not opted into all of the relevant instruments, we are seeking information on whether the equivalent to such orders are nevertheless being made. Any order, request or execution of investigative measures that have been carried out under MLAs? Alternative measures to the EAW in the context of this project refer to alternative cross-border cooperation mechanisms, such as European Supervision Order (‘ESO’), European Investigation Order (‘EIO’) European Probation Order (‘EPO’) and Framework decision 2008/909/JHA on transfer of prisoners. Notwithstanding that Ireland has not opted into all of the relevant instruments, we are seeking information on whether the equivalent to such orders are nevertheless being made.",Part Grant,22/10/2020
DOJ-FOI-2020-0568,Business/Interest Groups,"All documents, reports and opinions relating to how Ireland has implemented the requirement for an “effective remedy” in cases of violations of the six EU Directives on procedural rights for suspects and accused persons as set out in the Roadmap of 2009 on: • the right to information which applies across the EU since 2 June 2014; • the right to interpretation and translation which applies across the EU since 27 October 2015; • the right to have a lawyer, which applies across the EU since 27 November 2016; · The right to be presumed innocent and to be present at trial which was due to be transposed in EU Member States by 1 April 2018; • the right to legal aid, which was due to be transposed in EU Member States by 25 May 2019; and • special safeguards for children suspected and accused in criminal proceedings which was due to be transposed in EU Member States by 11 June 2019.",Part Grant,29/10/2020
DOJ-FOI-2020-0569,Clients,Any records relating to the group Extinction Rebellion,Granted,21/09/2020
DOJ-FOI-2020-0570,Other,Records related to any protocol by which the Commissioner of An Garda Síochána shares personal information gathered in the course of AGS work with the Minister for Justice.,Granted,21/09/2020
DOJ-FOI-2020-0576,Journalist,"All correspondences, between July 2020 and 26 August 2020 in relation to Direct Provision services at Hanratty’s Hotel in Limerick. All correspondences, between January 2020 and 26 August 2020 in relation to planning and implemented Direct Provision services at Griffin House, Limerick City.",Part Grant,08/12/2020
DOJ-FOI-2020-0577,Journalist,Copies of any records referring or relating to Transaer House at Dublin and difficulties in having it opened fully for use. This request to cover the period 1 January 2020 to 27 August 2020.,Part Grant,23/10/2020
DOJ-FOI-2020-0581,Journalist,Payments made by the Department of Justice to the owners of the Caiseal Mara Hotel in Moville.,Refused,29/09/2020
DOJ-FOI-2020-0583,Journalist,"Copies of all inspection reports carried out and produced regarding direct provision centres in 2020; please also provide details as to the extent of and nature of any complaints lodged by people in direct provision in 2020, specifying the centre they are residing at, the reason for the complaint, and any action taken as a result.",Refused,15/12/2020
DOJ-FOI-2020-0585,Journalist,"1. All correspondence to/from the Department involving residents of Treacy's Hotel, Monaghan, Direct Provision centre from 1 March 2020 to today 28 August 2020. 2. All correspondence to/from the Department related to Treacy's Hotel Direct Provision Centre in Monaghan from 1 March 2020 to today 28 August 2020.",Refused,06/11/2020
DOJ-FOI-2020-0586,Journalist,"Please provide figures as to the number of referrals made to Tusla in relation to children in direct provision centres since the start of 2019, by month; please provide details as to the nature of the reason for the referral; please provide details as to the number of times a child has gone missing for an extended period of time (e.g., notification of same to centre management by family/social worker/Gardaí or notification to another professional or agency e.g. Tusla, Gardaí by centre management) since the start of 2019, again by month and when the child returned.",Refused,05/11/2020
DOJ-FOI-2020-0590,Other,1. Correspondences between any senior officials (Assistant Secretary and up) and the office of the Minister for Justice and Equality concerning the Legal Services Regulatory Authority report on the education and training of legal practitioners from 1 May 2020 to 31 August 2020. 2. Any files generated as a result of the LSRA legal education report from 1 May 2020 to 31 August 2020.,Refused,01/10/2020
DOJ-FOI-2020-0591,Journalist,"A list/database/or spreadsheet of all purchase orders of over €20,000 for the period Q1 and Q2 of 2020.",Refused,08/09/2020
DOJ-FOI-2020-0595,Journalist,- A copy of all inspection reports from direct provision or emergency accommodation centres in the period 1 April 2020 to 4 September 2020. - A copy of any guidelines/advices issued to inspectors for carrying out such inspections during Covid-19 pandemic.,Refused,05/11/2020
DOJ-FOI-2020-0598,Journalist,"- All internal and external correspondence received and/or sent by the Department of Justice in relation to the Skellig Star Hotel/Skellig Star Direct Provision Centre (AKA Watermarque Hotel) in Cahersiveen, Co Kerry, in particular its potential and subsequent use as a centre to accommodate asylum seekers, anytime between 22 April and 4 September, 2020. - All correspondence received by Minister Helen McEntee about the Skellig Star Direct Provision Centre in Cahersiveen since she took over as Minister in the Department of Justice.",Part Grant,26/11/2020
DOJ-FOI-2020-0600,Journalist,"A line-by-line report of all expenditure recorded on the Department's financial management database system in the following categories for 1 January 2020 to 30 June 2020. Should it prove more convenient, I am happy for the Department to use a cut-off point for expenditure above a certain level e.g >€5,000, >€10,000, >€20,000 etc. Asylum Seeker Accommodation, Support and Maintenance, Auditing & Accounting Services, Building Maintenance, Building Refurbishment Works, Building Security, Business Analyst Services, Citizenship Ceremony, Consultancy, Furniture, ICT Services, ID Systems and Support, Interpretation and Translation, IT Asset - eGates Dublin Airport, IT Maintenance and Support, Laboratory Equipment, Laboratory Maintenance, Laboratory Supplies, Legal Expenses, Media Services, Motor Vehicles, Postage, Public Information Notices, Record Storage, Rental/Lease of Accommodation, Repatriation Expert Support, Research, Seminars and Conferences, Staff Uniforms, Training Courses, Transport Services",Part Grant,21/10/2020
DOJ-FOI-2020-0602,Journalist,"1. The State Pathologist's reports, emails, records, any documents relating to the test excavations, ground scans, or surveying, that took place at Sean Ross Abbey former mother and baby home in Roscrea, Co. Tipperary in early 2019. 2. The State Pathologist's reports, emails, records, any documents relating to the test excavations, ground scans, or surveying, that took place at Bessborough former mother and baby home in Cork in 2019.",Refused,27/10/2020
DOJ-FOI-2020-0603,Journalist,Information relating to the Department's recent public consultation on Hate Speech laws: 1) A copy of all written submissions received by the Department. 2) A copy of all completed survey results received by the Department.,Refused,02/10/2020
DOJ-FOI-2020-0604,Other,All records held by Department of Justice relating to “Shannonwatch” for month of April 2017.,Refused,02/10/2020
DOJ-FOI-2020-0606,Journalist,"A copy of all documents, including any subsequent correspondence and/or internal departmental communications, related to the following lobbying return: https://www.lobbying.ie/return/61210/the-medical-protection-society limited",Refused,02/10/2020
DOJ-FOI-2020-0607,Journalist,All records held referring or relating to the decision by the Department to cease social media listening related to the functions of the Department of Justice and agencies under its aegis during the Covid-19 pandemic. This request to cover the period 1 August 2020 to 14 September 2020.,Refused,02/10/2020
DOJ-FOI-2020-0608,Journalist,"All records held by the Department of Justice in relation to former EU Trade Commissioner named person between 21 August 2020 and 28 August 2020. These include, but are not limited to: - Correspondence between the Garda Commissioner and the Department of Justice, - Correspondence between the Department of Justice and other government departments, - Correspondence between the Department of Justice and the EU Commission, - Correspondence in paper or electronic format, minutes of meetings or phone calls, or mobile electronic communications including text messages or WhatsApp messages.",Refused,29/09/2020
DOJ-FOI-2020-0612,Journalist,"All briefing papers and meeting notes relating to discussions with the EU's Transport, Telecommunications and Energy Council on the impact to Ireland of a proposed directive to end seasonal time changes.",Part Grant,01/12/2020
DOJ-FOI-2020-0618,Other,A copy of the submissions received in response to the recent consultation on the Discount Rate for Personal Damages.,Part Grant,29/10/2020
DOJ-FOI-2020-0619,Journalist,A breakdown of the members of the Evaluation Committee of the Immigrant Investor Programme (IIP). A breakdown of what Departments/Government bodies/industry stakeholders that were consulted for information pertaining to the Irish beef sector when assessing the investors of a Banagher meat plant for a residence permission under the IIP.,Granted,01/12/2020
DOJ-FOI-2020-0620,Journalist,Copies of all correspondence (including attachments in the case of email) and documents received or generated by the Department of Justice regarding the proposed prison site at Thornton Hall in the period 1 October 2004 to 31 January 2005 and in the period 26 September 2005 to 24 December 2005.,Part Grant,11/12/2020
DOJ-FOI-2020-0625,Clients,1. Any communications between the Department and Revolut in relation to Direct Provision (mainly in relation to the provision of pre paid cards). 2. Line by line list of any monies paid to Revolut for provision of services to those in Direct Provision. 3. Any costs incurred by the Department associated with the provision of services by Revolut.,Refused,05/10/2020
DOJ-FOI-2020-0632,Other,"All submissions and lobbying information received (full submissions, not just the list of submissions) relating to the Public Health (Alcohol) Bill/ Act received in 2017 and 2018.",Granted,27/10/2020
DOJ-FOI-2020-0633,Journalist,Under the 2014 FOI act I am looking for the following: This correspondence and any response to it: https://www.lobbying.ie/return/62212/law-society-of-ireland Any internal correspondence/memos/reports created that relate to this letter from 1 May to 24 September 2020.,Refused,05/11/2020
DOJ-FOI-2020-0635,Journalist,"A list of all projects/actions/activities that have been financed or co financed by the European Union Internal Security Fund (both the Internal Security Fund - Police and the Internal Security Fund - Borders and Visa), from 1 January 2014 to 1 September 2020, inclusive of both dates. In particular, the following information for each project: 1.Project number 2.Project name 3.Name of the beneficiary and any co-beneficiaries or sub-grantees 4.The total financial value of the project, including the EU and the national contribution 5.Project overview/description and key outcomes",Refused,08/10/2020
DOJ-FOI-2020-0637,Other,The number of properties the Department of Justice has leased for people with disabilities. Records sought for the last two complete years available.,Refused,27/10/2020
DOJ-FOI-2020-0638,Journalist,Access to correspondence between Arthur Cox and John O'Callaghan in relation to Section 32 of the Civil Law and Criminal Law (Miscellaneous Provisions) Bill 2020 (Execution in Counterparts).,Refused,05/11/2020
DOJ-FOI-2020-0640,Journalist,The yearly salary of newly appointed special advisor to Ms. Helen McEntee.,Refused,02/10/2020
DOJ-FOI-2020-0643,Journalist,"Any issue relating to “Kildare”, “Gardaí” and “Covid-19” In any emails sent by a member of the public to the Minister for Justice between 10 August and 31 August 2020.",Part Grant,15/10/2020
DOJ-FOI-2020-0649,Journalist,Copies of all records held referring or relating to the decision by the Department to cease social media listening related to the functions of the Department of Justice and agencies under its aegis during the Covid 19 pandemic. This request to cover the period 1 July 2020 to 31 July 2020.,Refused,27/10/2020
DOJ-FOI-2020-0651,Other,"The 'Report of Refusals to Land' for each year (2015, 2016, 2017, 2018) from 1st January 2015 to 31st December 2018.",Granted,01/12/2020
DOJ-FOI-2020-0652,Journalist,Any correspondence received or sent by the Minister's office at the Department of Justice which is dated between 4 September 2020 and 4 October 2020 and relates to gatherings of students in Galway City.,Refused,16/10/2020
DOJ-FOI-2020-0653,Other,"1. The number of 'immigration control checks' conducted on buses and trains for the period 1 January 2015 to 31 August 2020 ('relevant period'). 2. The date and location of any immigration control checks conducted on buses and trains during the relevant period. 3. The legal basis relied upon for requesting the identification of Irish national passengers on buses and trains. 4. The legal basis relied upon for requesting the identification of non Irish national passengers on buses and trains. 5. The number of arrests made on foot of immigration control checks conducted on buses and trains during the relevant period. 6. The name and rank of the individual, or individuals, who authorised immigration control checks on trains and buses during the relevant period. 7. A copy of all files held relating to the authorisation, operation and management of immigration control checks on buses and trains during the relevant period.",Refused,09/10/2020
DOJ-FOI-2020-0654,Journalist,Records of correspondence between the Department of Justice and Forensic Science Ireland (FSI) in relation to the state lab from September 2019 to September 2020.,Part Grant,15/12/2020
DOJ-FOI-2020-0656,Journalist,"A copy of all documents, including any subsequent correspondence and/or internal departmental communications, related to the following lobbying return: https://www.lobbying.ie/return/61695/motor insurers-bureau-of-ireland-mibi",Part Grant,15/12/2020
DOJ-FOI-2020-0657,Journalist,- Copies of all correspondence between the Department and An Garda Síochána with regard to the provision of funding for the set-up of regional cyber-crime units. - Copies of all correspondence between the Department and D/PER with regard to the above.,Part Grant,01/12/2020
DOJ-FOI-2020-0658,Journalist,Correspondence between the Minister and the Chief Executive of the Irish Prison Service between 1 July and 28 September 2020.,Refused,09/11/2020
DOJ-FOI-2020-0659,Journalist,Correspondence between the Minister and the Chief Executive of the Forensic Science Ireland between 1 July and 28 September 2020.,Granted,09/11/2020
DOJ-FOI-2020-0660,Journalist,Correspondence between the Minister and the Chief Executive of the Policing Authority between 1 July and 28 September 2020.,Granted,09/11/2020
DOJ-FOI-2020-0661,Journalist,Correspondence between the Minister and the Chief Executive of the Insolvency Service of Ireland between 1 July and 28 September 2020.,Granted,09/11/2020
DOJ-FOI-2020-0662,Journalist,Correspondence between the Minister and the Chief Executive of the Private Security Authority between 1 July and 28 September 2020.,Refused,09/11/2020
DOJ-FOI-2020-0666,Journalist,"Copies of any briefings, reports, submissions, memos, or other such review/overview or discussion documents prepared for the Minister or the Secretary General relating to a request for Ireland to take a number of unaccompanied minors from the migrant camp at Moria in Greece.",Part Grant,01/12/2020
DOJ-FOI-2020-0672,Other,A copy of the Office of State Pathologist report from 2003.,Refused,27/10/2020
DOJ-FOI-2020-0679,Other,"The total cost from the Attorney General Office and the Minister for Justice Office and any other office that may have been called upon in regards to the correct wording of the final report from the Inquiry into the storage and retention of investigation files relating to the death of named person in a road traffic accident which was conducted by named person. Also, the total cost from the Attorney General Office and Minister for Justice Office and any other office that may have been called upon in regards to the correct wording of the final report from the inquiry into responses made on the night of the death of named person by the Garda Síochána, and the conduct and adequacy of the Garda Síochána investigation conducted thereafter which was conducted by named person.",Refused,06/11/2020
DOJ-FOI-2020-0680,Other,"A complete breakdown of the total cost of the Independent Review Mechanism which was set up in regards to alleged Garda misconduct. Also, a breakdown cost of each case which received a section 42 Garda Síochána Inquiry due to the outcome of this panel.",Granted,06/11/2020
DOJ-FOI-2020-0682,Other,A full breakdown on the cost of the section 42 Garda Síochána Inquiry into the death and Garda handling of named person which was conducted by named person.,Granted,06/11/2020
DOJ-FOI-2020-0688,Other,A copy of a recent letter written to the Department of Justice from the Competition and Consumer Protection Commission in relation to the Immigrant Investor Programme Evaluation Committee and submission(s) received by it from the Department of Agriculture Food and Marine.,Refused,01/12/2020
DOJ-FOI-2020-0689,Journalist,Submissions from the Department of Justice to the Department of Public Expenditure concerning the Department's request/submission for funding its activities for 2021 as part of the 2021 budgetary process.,Part Grant,01/12/2020
DOJ-FOI-2020-0703,Journalist,"A copy of all documents, including any subsequent correspondence and/or internal departmental communications, related to the following lobbying return: https://www.lobbying.ie/return/62218/law-society-of ireland",Granted,01/12/2020
DOJ-FOI-2020-0705,Journalist,"A copy of all correspondence (including emails) between (to and from) Justice Minister and the governors of all prisons, in relation to Covid-19, since March 1, 2020.",Refused,27/11/2020
DOJ-FOI-2020-0714,Other,"An email from the Institute of Advertising Practitioners of Ireland received by Minister Frances Fitzgerald in 2017, as listed on the lobbying register: https://www.lobbying.ie/return/18726/institute-of-advertising practitioners-of-ireland",Refused,01/12/2020
DOJ-FOI-2020-0715,Journalist,All correspondence to and from the Minister in relation to the proposed family court complex at Hammond Lane between July 2020 and 2 November 2020.,Refused,01/12/2020
DOJ-FOI-2020-0716,Journalist,"- Copies of all correspondence between local authorities and the Department of Justice since the Catherine Day expert group report on direct provision and the international protection process was published on Wednesday, 21 October. - Copies of all correspondence between NGOs and the Department of Justice since the Catherine Day expert group report on direct provision and the international protection process was published on Wednesday, 21 October. - Copies of all correspondence between the Minister for Justice and the Banking and Payments Federation between June-November 2020 on the accessibility of bank accounts for asylum seekers.",Part Grant,07/12/2020
DOJ-FOI-2020-0717,Other,"- Access to all official correspondence held by the Department of Justice in relation to the Children Act 2001 that was released after the effective date of 21 April 1998. The following material: 90/93/43 | Children's amendment Act 1949: proposed bill to authorise the committal to a reformatory school of girls up to the age of 17 years who are in moral danger | 1942-60; 90/93/49 | Juvenile delinquency: establishment of inter- departmental committee to advise the Justice of the Children's Court | 1947-50; 90/93/57 | Juvenile delinquents: suggestion that young offenders should be remanded to St Patrick's or a reformatory | 1950; 90/93/61 | Juvenile delinquency: prevention legal handling and treatment: enquiry from the Wilwyck School for Boys, 271 West, 125th Street, NY | 1951-56; 90/93/91 | Detention of children overnight prior to conveyance to certified school | 1957; 90/93/96 | Protection of minors: correspondence from Legation of Argentina | 1959; 90/93/98 | Juvenile delinquency: speech of Minister for Justice at 1959 annual general meeting of the Civics Institute: Civics Institute of Ireland | 1959-64; 90/93/100 | Juvenile delinquency: request by Irish Housewives Association for interview with the Minister | 1959; 90/93/101 | Children: Criminal Law Revision Committee first report; indecency with children | 1959; 90/93/102 | Juvenile delinquency: paper read by James O'Connor | 1959; 90/93/104 | Juvenile delinquency, Cabra/Phibsboro area: request by Dr CA Macken for Governor of St Patrick's to attend meeting of interested residents | 1960; 90/93/105 | Probation of Offenders Act, 1907: report, 1959 | 1960; 90/93/106 | Juvenile delinquency: proposals by Workers' Union of Ireland and Dublin Trades Union Council | 1959-60; 90/93/11O | Juvenile delinquency: study of 1961 | 1961-64; - All files held by the Department pertaining to Loughan House, Blacklion, Co. Cavan between 1978 and 1983 when it was used as a centre of detention for juveniles aged between twelve and sixteen years of age. - Any material held by the Department of Justice regarding a petition which was submitted to Minister for Justice Brian Lenihan on 15 October 1966. This petition was signed by 2,500 teenagers and concerned allegations of drug-dealing in beat clubs situated in the Dublin area.",Refused,26/11/2020
DOJ-FOI-2020-0720,Journalist,"A copy of the pre-budget submission from your Department to the Department of Finance ahead of Budget 2021. A copy of any cover, explanatory or accompanying letters sent by the Minister or Secretary General of your Department along with the pre-budget submission.",Part Grant,01/12/2020
DOJ-FOI-2020-0721,Journalist,1. Any internal memos or briefing documents the Department has produced in relation to far-right groups/individuals during the period January 2019 to 4 November 2020. 2. Any internal memos or briefing documents the Department has produced in relation to anti-mask groups and protests during the period March 2020 to 4 November 2020.,Part Grant,15/12/2020
DOJ-FOI-2020-0723,Other,"Please provide details of all payments made by the Department to the Law Society, since the current Director General took office 25yrs ago. Kindly advise the nature of the relationship between the Law Society and the Department of Justice please and what reports the Law Society provides to the Department of Justice.",Refused,19/11/2020
DOJ-FOI-2020-0724,Journalist,"A copy of the report carried into the conduct of named person, and all related internal departmental correspondence on the matter. I am also seeking, as part of this request, all correspondence between the Department and named person, or anyone on her behalf relating to her work at the International Protection Appeals Tribunal (IPAT).",Refused,11/12/2020
DOJ-FOI-2020-0725,Journalist,The letter referred to in this lobbying return: https://www.lobbying.ie/return/62402/bartra-capital-property management-limited-trading-as-bartra-capital-property,Granted,19/11/2020
DOJ-FOI-2020-0733,Journalist,Any Correspondence between officials at the grade of APO and higher in the Department of Justice and officials from the Department of Public Expenditure and Reform in respect of Budget 2021 - timeframe of 1 April 2020 to 13 October 2020 inclusive.,Part Grant,01/12/2020
DOJ-FOI-2020-0738,Other,Copies of all of the complaints made to the Parole Board since 1 January 2020.,Refused,01/12/2020
DOJ-FOI-2020-0739,Journalist,All correspondence between the Minister for Justice and the Judicial Appointments Advisory Board (JAAB) in the period 1 January 2020 to 1 August 2020.,Part Grant,16/12/2020
DOJ-FOI-2020-0744,Journalist,A copy of the Transparency Management Reports for each month of this year.,Granted,15/12/2020
DOJ-FOI-2020-0752,Journalist,I am looking for any records in 2020 relating to the filling of a vacancy of the Supreme Court.,Part Grant,16/12/2020
DOJ-FOI-2020-0753,Journalist,"Correspondence from those expressing interest in the vacant Supreme Court position, from 1 February 2020 onwards.",Refused,16/12/2020
DOJ-FOI-2020-0756,Journalist,All correspondence to the Department from members of the judiciary regarding the previous vacancy on the Supreme Court from the period 1 January 2020 to 15 July 2020.,Refused,16/12/2020
DOJ-FOI-2020-0757,Journalist,"Correspondence, and the minutes of meetings, between the Taoiseach and the Justice Minister about the Supreme Court vacancy. Timeline: 1 June 2019 to 31 July 2020",Refused,16/12/2020
DOJ-FOI-2020-0758,Journalist,"Correspondence from the Attorney General to the Department of Justice/ Justice Minister about judges’ applications for the Supreme Court role (include the application letters from these judges, with names, addresses redacted, if possible.) Timeline 31 May 2019 to 31 July 2020",Refused,16/12/2020
DOJ-FOI-2020-0759,Journalist,"Correspondence from named person/the Supreme Court to the Department of Justice/Minister for Justice about the Supreme Court vacancy, and all responses to that correspondence. Timeline: 1 June 2019 - 31 July 2020.",Part Grant,16/12/2020
DOJ-FOI-2020-0762,Journalist,Copy of all correspondence sent and received between the Minister of Justice and the Chief Justice since 1 January 2019 to 18 November 2020.,Part Grant,16/12/2020
DOJ-FOI-2020-0763,Journalist,"1. All correspondence between the Office of the Minister (i.e. correspondence sent to/from the Minister or his/her secretary) and the Judicial Appointments Advisory Board regarding the promotion of named person to the Supreme Court. 2. Any correspondence to the Minister’s Office this year from members of the judiciary seeking appointment to the Supreme Court, and any correspondence between the Minister and the Office of An Taoiseach regarding the appointment of named person.",Refused,16/12/2020
DOJ-FOI-2020-0764,Journalist,The release of any memos or briefing notes prepared by or for the Minister between February and July of this year regarding a vacancy on the Supreme Court.,Part Grant,16/12/2020
DOJ-FOI-2020-0768,Journalist,A copy the report drawn up by the chair of IPAT into the attendance of named person at a protest on 22 August in Dublin.,Refused,01/12/2020
DOJ-FOI-2020-0770,Journalist,"A breakdown of the number of staff members in the Department who took sick leave in 2020, 2019 and 2018. A breakdown of the number of sick days taken by staff members in the Department in 2020, 2019 and 2018.",Granted,22/12/2020
DOJ-FOI-2020-0777,Journalist,All briefing notes,communications and correspondence between Department of Justice officials regarding named company between 1 January 2020 to 16 November 2020.,Refused,07/12/2020
DOJ-FOI-2020-0787,Journalist,All correspondence between the Chief Justice and the Minister for Justice between the period 1 January 2020 and the 1 December 2020,Part Grant,16/12/2020
DOJ-FOI-2020-0794,Other,It was recently reported that issues arose as to whether citizens of Chile and Georgia would be permitted to attend their respective embassies in Dublin for electoral events. I understand that this was ultimately resolved by deeming voting as an essential activity. I'm seeking records within your Department on this matter.,Refused,14/12/2020
