FOI No.,Requester,Date and Details of Request Received,Decision,Date Released
FOI2022315,Journalist,"29 December 2022. The most recently updated Department Brief for an incoming Minister, either signed off and delivered to a new Minister following the 2022 December reshuffle, or a draft prepared for a possible change of Minister but never delivered as the Minister wasn't changed.",Part-granted,02 February 2023
FOI2022314,Business / Interest Group,"28 December 2022. Records relating to SEM capacity market de-rating factors for Demand Side Units (DSUs) during the period 1st September 2021 to 28th December 2022. Records to include, but not limited to; email, email attachments, reports, minutes, memos, meeting materials, presentations, briefings, submission documents and cover notes, consultation documents, consultation responses, consultation decisions, excel or other spreadsheet format documents, modelling outputs, recommendation papers.",Refused,26 January 2023
FOI2022313,Member of the Public,21 December 2022. The Habitats Directive Article 6(3) compliance for Wild Salmon and Sea Trout regulations for Atlantic salmon angling season due to commence on January 1st 2023.,Refused,11 January 2023
FOI2022312,Member of the Public,"20 December 2022. For the years 2017 – 2021 that the Department provide the following information in tabular form: 1. The Total Number of FOIs received by the Department 2. A Breakdown of the number of Personal v. Non-personal v Mixed 3. The Number of FOIs that received a charge per year or had the applicant pay a cost 4. The Total cost per year for Search, Retrieval and Copying Charges.",Part-granted,19 January 2023
FOI2022311,Business / Interest Group,"19 December 2022. All correspondence and documents relating to the management of data protection obligations of PPNs including, but not limited to, correspondence with Local Authorities, other government Departments or agencies, and the Office of the Data Protection Commission and including, but not limited to, any documentation relating to the development or delivery of guidance, policies and procedures, or training materials relating to data protection obligations of PPNs and Local Authorities in relation to their support of PPNs.",Refused,18 January 2023
FOI2022310,Journalist,"14 December 2022. 1. All submissions to the Department of the Environment, Climate and Communications on the public consultation phase of the review of the security of energy supply. The deadline for submissions was October 28th, 2022. 2. Any notes, summaries, draft reports or reports submitted to the Minister for the Environment and Ministers of state in the Department in connection with the review and possible conclusions from the review; any responses from the Minister. 3. Any submissions, reports or correspondence to the Department of the Environment, Climate and Communications in connection with the review from any other Department, public body or regulatory authority.",Refused,16 January 2023
FOI2022309,Member of the Public,"14 December 2022. All records showing that the Irish Pike Society adhere to Sports Ireland governance standards and criteria, to enable it to participate in the Angling Consultative Council of Ireland (ACCI).",Refused,13 January 2023
FOI2022308,Journalist,"13 December 2022. This application under the Freedom of Information Act is for the following records: 1. Any correspondence since September 1st 2021 to Minister for the Environment Eamon Ryan, his advisors or the Department of Environment from Meta Platforms or its subsidiaries Facebook, WhatsApp or Instagram on: a. EU-US data transfers b. Online safety issues c. Meta’s position on the Online Safety Bill d. Meta’s position on the Media Regulation Bill e. The EU’s proposed regulation on child sexual abuse material f. The Electoral Reform Bill, and any proposed amendments to the Bill g. Ireland’s approach to enforcement of the EU’s General Data Protection Regulation h. Ireland’s approach to corporate taxation and tax-related regulation. 2. Records or minutes of any meetings or phone calls on the same topics (a–h above) between Minister for the Environment Eamon Ryan, his advisors or the Department of Environment and representatives of Meta Platforms or any of its subsidiaries. 3. Any submissions, notes, reports or draft reports on topics a–h submitted to Minister for the Environment Eamon Ryan, his advisors or the Department of Environment from Meta Platforms or any of its subsidiaries.",Granted,23 December 2022
FOI2022307,Member of the Public,"13 December 2022. All correspondence (emails, letters, text messages, and any other form of digital communication) received by the Department, including the National Cyber Security Center, and all correspondence sent by the Department, including the National Cyber Security Centre, between March 1, 2022, to December 10, 2022, that contains the following phrases: - Predator spyware - Intellexa - Thalestris - Elpidina - Sara Hamou - David Ridgway - Tal Dilian. The relevant correspondence would likely fall under the Department's Communications and Digital remit.",Refused,14 December 2022
FOI2022306,Member of the Public,"09 December 2022. With reference to the proposed closure of the Eske Fishery, under The Freedom of Information Act 2014, we hereby request the details of what data was used to ascertain closure of said Fishery. A fishery adjacent to The Eske (The Eany Fishery) has been deemed Catch and Release. Both of these fisheries have had full fish counters operational for a long number of years. From the data runs of salmon, that the Eske Angling Association has already obtained, going back some years, as per IFI Counter Data Summary Reports, The Eany is further from its Conservation Limit than The Eske Fishery.",Refused,10 January 2023
FOI2022305,Journalist,"06 December 2022. • Records, including electronic records, distributed before or at the meeting of the Mobile and Broadband Taskforce scheduled to take place in Q3 or Q4 of 2022 for use or reference at that meeting. • Records of the agenda of the meeting. • Records of the content of presentations made at the meeting including presentation notes. • The minutes or draft minutes of the meeting, including attendees. • Records of any amendments to the currently published workplan.",Granted,11 January 2023
FOI2022304,Member of the Public,"02 December 2022. In the attached judgment, it details an agreement was reached with the OIC that they would not seek costs but would bear their own costs despite winning the SC appeal. I wish to apply for access to records relating to that agreement.",Refused,04 January 2023
FOI2022303,Business / Interest Group,02 December 2022. The following information pertaining to public records from the public consultation on draft regulations to introduce an environmental levy on single-use disposable cups: 1. Total number of online survey submissions recorded in the Public Consultation Category 2. Total number of survey submissions recorded in the Public Consultation Category via physical mail 3. Total number of survey submissions recorded in the Public Consultation Category via email 4. Total number of online survey submissions recorded in the Retailer Consultation Category 5. Total number of survey submissions recorded in the Retailer Consultation Category via physical mail 6. Total number of survey submissions recorded in the Retailer Consultation Category via email 7. Total number of online submissions recorded in the ‘Other stakeholder’ Category received via email 8. Total number of online submissions recorded in the ‘Other stakeholder’ Category received via physical mail,Granted,16 December 2022
FOI2022302,Journalist,"29 November 2022. All written correspondence including faxes, e mails, memos, reports, minutes of meetings, letters, invoices, text messages and messages on social messaging apps such as WhatsApp regarding air fares, hotel accommodation, fees, all other expenses, subsistence payments, allowances, cancelled bookings and refunds, for COP27.",Part-granted,23 December 2022
FOI2022301,Oireachtas / Public Representative,"28 November 2022. All reports, analysis and modelling prepared by McKinsey and Company under the following contracts for services as outlined in PQ 56440/22; Provision of technical support services to: (1) inform, and assist, in the preparation and delivery of Ireland’s sectoral emissions ceilings (2) identify the plans, policies and measures required to achieve these ceilings. Extension 1; (1) Underpin sectoral targets with detailed policies, measures and actions. (2) Set-out a governance/ delivery approach for annual climate planning. Extension 2; (1) Provide technical support in relation to unallocated emissions savings.",Part-granted,19 January 2023
FOI2022300,Client,"28 November 2022. Any and all records relating to the applicability of the TRIS process (The (EU) 2015/1535 procedure) to the Online Safety and Media Regulation Bill, to include but not limited to any correspondence relating to or arising from communications between the Irish State and the European Commission on the topic of the Bill. The Temporal scope of this request is limited to records created in 2022.",Transferred,29 November 2022
FOI2022299,Member of the Public,"28 November 2022. An itinerary of Minister Eamon Ryan’s recent trip to COP27 at Sharm El Sheikh. I would like a complete list of all Departmental staff who accompanied the Minister and any other people from other Government Departments or extraneous to Government that travelled by invite or request of Minister Ryan and the Department. I request all records of, and an individual breakdown of all costs and expenses incurred by the Department including transportation to the airport, airfares, hotel costs, and records of any and all costs incurred by the Department for food, sight seeing etc. I request all records pertaining to individual members of the Irish delegation with respect to what elements of the conference they attended including sign in times and times they left. I request any official Departmental reports prepared for or by the Minister concerning what was learned or gained by the Irish entourage either individually or en masse.",Granted,16 December 2022
FOI2022298,Business / Interest Group,"24 November 2022. 1. A list of the entities that submitted tenders under RFT Support services to assist in the preparation and delivery of Irelands sectoral emissions ceilings as published on Etenders on 17th February 2022. 2. Details of the scores provided to each tenderer in respect of the aforementioned RFT and comments provided by the evaluation team with respect to the highest-ranked tender. 3. A copy of the non-confidential elements of McKinsey’s tender in respect of the aforementioned RFT. 4. Details of the additional scope(s) of work carried out by McKinsey that resulted in an increase in the value of the overall award of €430k. We note that the contract award notice published on Etenders states that the initial estimated value of the contract was €700k, whereas the Sunday Times article notes that the value of McKinsey’s contract to date is €1.13m. 5. A log of the FOI request and information received by journalist ……. with respect to this story.",Part-granted,22 December 2022
FOI2022297,Journalist,23 November 2022. 1. Any minutes of meetings of the Energy Security Emergency Group and any of its sub-groups between the 6th October and the 23rd November 2. Any documents/presentations provided or presented as part of those meetings.,Part-granted,20 December 2022
FOI2022296,Journalist,22 November 2022. Internal communications from the Department sent between 27 September and 12 October of 2022. Specifically emails and memos from within the Department discussing the decrease to 0% of the NORA Fuel levy and the subsequent reduction of the NORA fuel levy to 0.1 cent per litre.,Refused,20 January 2023
FOI2022295,Journalist,Specific records highlighted in the attached document list that was provided as part of FOI-2022- 215(b) in relation to the Electricity Security of Supply independent review,,
FOI2022294,Journalist,"15 November 2022. Copies of audits in relation to emergency call answering services and systems used in Ireland, undertaken or received by the Department of the Environment, Climate and Communications, from 1 January 2021 to present day.",Granted,09 December 2022
FOI2022293,Journalist,14 November 2022. Any records between the Minister/senior Department officials and RTE relating to the misclassification of workers as self-employed over the last six months.,Withdrawn,14 November 2022
FOI2022292,Member of the Public,"11 November 2022. Under FOI Act 2014, will you please provide the process/procedure that is required to be followed to when issuing Notice of Legal proceedings for non-payment of a TV Licence?",,
FOI2022291,Member of the Public,"09 November 2022. Records of length of time the wind turbines in Galway Wind Park in Conemara were required to switch off and cease generating electricity because of a surplus in the national grid, as well as records of any compensation paid by the state as a result of the requirement to switch off the wind turbines dating from January 2022 to the present.",,
FOI2022290,Journalist,"08 November 2022. All records of communications (correspondence, emails, phone memos) and attached documents between the Minister Eamon Ryan and senior officials at DECC and Transport Infrastructure Ireland and Galway City and County Councils referencing the Galway ring road plan, from October 14th to date (following An Bord Pleanala's decision not to contest a High Court action on that date) .",Transferred,11 November 2022
FOI2022289,Journalist,"08 November 2022. All records sent by the Minister of Transport to airline companies, and any replies received, regarding the requirement to ensure intending passengers to Ireland have the appropriate documentation before boarding the plane. The date parameters of this request are March 1st to Oct 31st 2022.",,
FOI2022288,Member of the Public,"07 November 2022. All records in relation to the cuts to Residential Tenancies Board (RTB) Adjudicators and Mediators pay, under FEMPI or otherwise, since 2013. In particular I am looking for records in relation to restoration of those cuts to Adjudicator's pay under the FEMPI restoration process, but I require all relevant records since 2013 in relation to the subject matter of this request.",,
FOI2022287,Journalist,"07 November 2022. All records, communications, emails, texts, messages, WhatsApps between Minister of Environment, Climate & Communications and Repak from 2015, please.",,
FOI2022286,Member of the Public,06 November 2022. Access to all non-personal records relating to the implementation of Section 41(5) of the Irish Aviation Authority Act 1993 and any disputes submitted to the Minister under Section 41(7) of the said Act for determination by the Minister for Public Expenditure & Reform / Minister for Finance. I would prefer to receive copies of the records electronically.,Transferred,10 November 2022
FOI2022285,Journalist,"04 November 2022. • All Codes of Practice and/or Guidelines touching upon or concerning the sale of aggregates for use in construction products created on foot of Statutory Instrument SI No 225 of 2013, Schedule 2 identifying Geological Survey of Ireland as a Competent National Authority in Aggregates. • All Reports prepared by the GSI, on foot of Statutory Instrument SI No 225 of 2013, Schedule 2 identifying Geological Survey of Ireland as a Competent National Authority in Aggregates. • All direction or advice given by GSI to any/all stakeholders in Counties Wexford, Kilkenny, Carlow and Wicklow on foot of Statutory Instrument SI No 225 of 2013, Schedule 2 identifying Geological Survey of Ireland as a Competent National Authority in Aggregates. • All enquiries made, reports or advice given on foot of such enquiries, or reports made or advice given generally to any other stakeholder in Ireland touching upon or concerning use of Rhyolite or Alkali Silica Reaction in Ireland since 1990. • Copies of any and all advices provided to Planning Authorities located within the named Counties above in respect of Planning Applications for Quarries and or Concrete and other Concrete or Construction related Products for use by Consumers, Local Authorities and Contractors. • Copies of any and all correspondence exchanged between GSI and the Market Surveillance Units located on the foregoing Counties in respect of all Construction Related Products. • GSI are identified in “Quarries and Ancillary Activities – Guidelines for Planning Authorities April 2004” published by the Department of the Environment, Heritage and Local Government, please provide all associated correspondence between GSI and the named Local Authorities above in respect of the GSI role under these Guidelines and the planning awards since 2004 for Quarries etc in these Counties. Please provide photocopies of the documents requested and confirm when available for collecting. The information sought is of particular assistance to the understanding of an issue of national importance, namely the nationwide scandal of supply of concrete products that are not fit for purpose to consumers and the failure of stakeholders to ensure such practices are discontinued and the failure of Local Authorities and GSI to implement their obligations under the Construction Products Regulations 2013 in a constructive and timely manner. Hence all costs must be waived.",Refused,30 March 2023
FOI2022284,Journalist,"03 November 2022. 1) All internal written correspondence including memos, e mails, reports, faxes, letters and text messages on social messaging Apps including Whatsapp, pertaining to Minister Ryan and the Live Crib 2022 2) All written correspondence including memos, e mails, reports, faxes, letters and text messages on social messaging Apps including WhatsApp between Dublin City Council and Minister Eamon Ryan pertaining to the Live Crib 2022?",,
FOI2022283,Oireachtas / Public Representative,"03 November 2022. All communication sent and received by the Office of the Minister for the Environment, Climate and Communications, including the Minister himself , in relation to the EU Nature Restoration Law, between January 1, 2022 and the present.",Part-granted,30 November 2022
FOI2022282,Journalist,02 November 2022. All submissions made during the consultation period on the energy security of supply review that closed in October.,Refused,25 November 2022
FOI2022281,Journalist,02 November 2022. a. Any correspondence between Dublin City Council's chief executive Owen Keegan and officials in the Department of Environment about help with funding to clear the big illegal dump north of Moatview Court in Priorswood. I would like any correspondence from 10 September 2022 to present.,Withdrawn,28 November 2022
FOI2022280,Journalist,"02 November 2022. Any emails, notes, memos, briefings and/or records sent between Aughnish Alumina and Eamon Ryan since February 2020.",Part-granted,24 November 2022
FOI2022279,Journalist,02 November 2022. The Departmental risk register,Part-granted,30 November 2022
FOI2022278,Journalist,"02 November 2022. Minutes of meetings of the offshore wind delivery taskforce, and associated materials (presentations, agendas, memos arising from action points at meetings, etc)",Part-granted,21 December 2022
FOI2022277,Journalist,"02 November 2022. 1. The following esubmissions given to the Minister (and associated documents where noted) - A request for Ministers observations on GNI's proposed security upgrades in the South West Scotland onshore system, submitted to the Minister on 13 April 22. Also a copy of the Minister's observations. - Ministerial Letters regarding the preparation and delivery of the Sectoral Emission Ceilings, submitted to the Minister on 05 May 22. Also Minister's responses, and subsequent letters between Ministers on the same topic before the ceilings were agreed - Negotiated agreement with the chewing gum industry, 12 May 22 - GPO properties 28 and 29 Henry Street, 17 May 22 - Derrybrien, 19 May 22 - Interaction between the Defective Concrete Blocks Scheme and the SEAI grant schemes 27 May 22","(a) Part-granted, (b) Part-granted, (c) Refused, (d) Refused, (e) Refused, (f) Part-granted","(a) 21 December 2022, (b) 21 December 2022, (c) 20 December 2022, (d) 21 December 2022, (e) 30 November 2022, (f) 21 December 2022"
FOI2022276,Journalist,"02 November 2022. 1. A list of all e submissions sent to the cabinet Minister in this Department during August, September and October of 2022 Please note, I am not looking for the esubs themselves, just a list of their titles",Granted,15 December 2022
FOI2022275,Member of the Public,"02 November 2022. Any communications between 1 January 2021 to the date of this letter relating or referring to the STEP Project, SLNG, NFE or LNG developments in general (but excluding any communications solely referring to the other LNG projects) between the Department of the Environment, Climate and Communications (the Department), including Department officials, the Department's Minister and advisors to the Minister and the following bodies: Eirgrid Gas Networks Ireland Commission for Regulations of Utilities any other regulatory body or state agency any non-governmental organistaion any other Department of Government including any subsidiary units, committees, working groups or agencies. This includes emails, letters, notes, and minutes of meetings. Any documents, created between 1 January 2021 to the date of this letter, held by or on behalf of the Department relating or referring to the STEP Project, SLNG, NFE or LNG developments in general (but excluding any documents specifically created for other LNG projects) which do not already fall within 1 above.",Withdrawn,15 November 2022
FOI2022274,Member of the Public,"01 November 2022 Access to all non-personal records relating to the authorisation during 2022 by the Minister for Communications, Energy and Natural Resources of increases to pensions of transferred civil servants in payment under the An Post Main Superannuation Scheme, 1990 including, but not limited to, records relating to the “not less favourable” guarantee in section 46(4) of the Postal and Telecommunications Services Act 1983.",Part-granted,14 December 2022
FOI2022273,Member of the Public,"01 November 2022 Access to all non-personal records relating to the advice of the attorney general that all ex-Department of Posts and Telegraphs pensioners of An Post and Eircom should have their pensions aligned with civil service pay as reported in the Sunday Times 5 January 2014, and the implementation of that advice.",Refused,14 December 2022
FOI2022272,Member of the Public,01 November 2022 Access to all non-personal records relating to the decision that the An Post Main Superannuation Scheme 1990 should continue in operation in their application to all members who had retired or left prior to the date of the revocation of those Schemes in 2012.,Part-granted,22 December 2022
FOI2022271,Member of the Public,"01 November 2022 A record of all communications and independent reports shared, between Minister Eamon Ryan, The General Secretary General of the Department of the Environment, Climate and Communications, Geoscience Regulation Office and the Department of the Environment, Climate and Communications, if any, with Providence Resources PLC and Exola DAC, in relation to the updated SEL1/11 (Barryroe) lease undertaking application, during the period July 1st, 2022, to present.",Part-granted,29 November 2022
FOI2022270,Journalist,01 November 2022 Copies of any records held referring or relating to the failure by Ireland to submit an application for funding under the REPowerEU scheme. This request to cover the period 1 March 2022 to date of receipt of the request.,Part-granted,16 December 2022
FOI2022269,Member of the Public,"28 October 2022 Internal memos, emails, notes, correspondence and other documents relating to the cleaning of the Nuenna River and surrounding areas plus any flood prevention measures discussed, planned, costed and budgets for the same etc for Freshford, Kilkenny in the last seven years.",,
FOI2022268,Journalist,"26 October 2022 Correspondence between Michael McCarthy, Cloud Infrastructure Ireland, to Paul Kenny, Department special advisor, the Minister, the Department Secretary General, on the topic of data, data centres, energy, Cloud Infrastructure Ireland, between 1st August 2021 and 1st March 2022.",Granted,22 December 2022
FOI2022267,Journalist,"24 October 2022 Request – under the Freedom of Information Act 2014 – for the following to cover the time period 1 January 2020-present: • Copies of any internal non-technical reports or briefing documents provided to, or requested by, • senior management or Ministerial level about new ESB/ESB Networks units proposed for Ringsend, Poolbeg and Corduff that were successful at the 2022/2023 T-4 Capacity auction in 2019; •*In all the above, please exclude all correspondence in relation to the setting up or organising of physical or virtual meetings.",Part-granted,23 November 2022
FOI2022266,Journalist,"21 October 2022 Records (specifically meeting minutes, briefing papers, letters, reports or documents provided by the lobbying entity, presentations at the meeting and/or specific records directly mentioned in the meeting minutes not already publicly available) related to the following meetings as outlined in the following lobbying returns: Meeting with Viridian / Energia Group ROI Holdings DAC as outlined in this lobbying return: https://www.lobbying.ie/return/17942/viridian-power--energy-holdings-limited Meeting with RHH International / Backup Power Limited as outlined in this lobbying return: https://www.lobbying.ie/return/28947/rhh-international Letters from, and meetings with RHH International / Backup Power Limited as outlined in this lobbying return: https://www.lobbying.ie/return/28943/rhh-international *In all the above, please exclude all correspondence in relation to the setting up or organising of physical or virtual meetings.",Refused,24 November 2022
FOI2022265,Journalist,"21 October 2022 Records related to gas connections for data centres. Minister Eamon Ryan wrote to the CEO of GNI, Cathal Marley, in July 2022 outlining that “it would not be appropriate for Gas Networks Ireland to sign any more contracts to connect data centres to the gas network where the data centre would be powered mainly by on-site fossil fuel generation”, with a view to a meeting in September on the matter. The letter was previously released to RTE under FOI. I wish to request the following records to cover the period 1 July 2022-present: Minutes of any follow up meetings between DECC and GNI and/or Ervia at senior management and/or Ministerial level on this issue; Briefing papers for the Minister for any meetings with GN and/or ErviaI on this issue; The latest briefing paper or update report for the Minister or his direct staff on the current situation in relation to gas connections for data centres and/or any temporary pause on new connections conducted by GNI and/or Ervia",Part-granted,21 November 2022
FOI2022264,Journalist,"20 October 2022 Copies of correspondence in relation meetings between Minister Eamon Ryan and his officials and Electric Ireland; SSE; Energia; BGE; PrePay Power and Pinergy between the dates 1 September 2022 and 20 October 2022. This should include all documents, minutes of meetings, correspondence, emails, memos and briefing documents.",Part-granted,10 January 2023
FOI2022263,Journalist,18 October 2022 • Copies of all correspondence to/from the secretary general related to the return to office working at the Department following the Covid-19 pandemic. • The correspondence can be limited to items to/from the following: Ministers; unions. • The time period for the correspondence can be limited to 1/8/2022 to 18/10/2022. • The records should include copies of any documents attached or enclosed with the correspondence. • Details of the total number of staff employed by the Department as of 18/10/2022 and a breakdown of how many are working from home; working in the office; working in a hybrid arrangement. • Copies of any internal publications/reports on remote working/return to the office drawn up since 31/1/2022.,Withdrawn,16 November 2022
FOI2022262,Journalist,"18 October 2022 Advice sent to Leo Varadkar from DECC on 20th May, 2022 about meeting with New Fortress Energy chief executive Wes Edens",Granted,16 November 2022
FOI2022261,Journalist,13 October 2022 • Copies of correspondence to/from Minister Eamon Ryan and to/from Secretary General Mark Griffin on the subject of electricity blackouts or concern over same. • The correspondence can be limited to items to/from the following: • - Eirgird • The time period can be limited to 1/9/2022 to 13/10/2022. • The records should include copies of any documents attached or enclosed with the correspondence.,Refused,10 November 2022
FOI2022260,Journalist,"13 October 2022 All records to the Department of the Environment from multinational companies, the IDA and Eirgrid regarding the provision of security for undersea data cables which land in Ireland and provide internet connectivity. The date parameters of this request are March 1st to Oct 7th 2022.",Withdrawn,25 October 2022
FOI2022259,Journalist,13 October 2022 • Copies of all correspondence between Assistant Secretary Matthew Collins and representatives of Tik Tok. • Copies of the minutes of all meetings between Mr Collins and representatives of Tik Tok. • The time period can be limited to 1/5/2022 to 13/10/2022.,Granted,19 October 2022
FOI2022258,Business / Interest Group,"13 October 2022 Please forward us a copy of the Oath of Office that Ministers take when accepting the roles and responsibilities as Minister for the Environment, Climate and Communications, Minister for Transport.",Refused,26 October 2022
FOI2022257,Journalist,"11 October 2022 Records (namely meeting minutes, briefing papers, presentations, and/or internal and external correspondence with Amazon Web Services*, including attachments, following the meeting specifically in relation to the issues raised or discussed at the meeting) related to the following lobbying event: • Lobbying Event 1: Mark Griffin Secretary General and/or Matthew Collins Assistant Secretary with Amazon Web Services *In all the above, please exclude all correspondence that directly concerns the setting up or organising of physical or virtual meetings.",Part-granted,20 October 2022
FOI2022256,Journalist,"10 October 2022 Any assessments, analysis or reports on emissions/climate impact from “ghost flights” — airline flights with very few or no passengers — flights with air during the pandemic period until the present, or briefings for the Minister in relation to “ghost flights”",Refused,26 October 2022
FOI2022255,Journalist,"10 October 2022 Any emails, notes, memos, briefings and/or records in relation to a meeting held between Minister Eamon Ryan and Eir on May 24.",Withdrawn,11 October 2022
FOI2022254,Journalist,"10 October 2022 Any emails, notes, memos, briefings and/or records in relation to a meeting held between Minister Eamon Ryan and ESB on February 8 Any emails, notes, memos, briefings and/or records in relation to a meeting held between Minister Eamon Ryan and Pat O'Doherty, ESB on March 3",Refused,08 November 2022
FOI2022253,Oireachtas / Public Representative,"18 October 2022 All records, correspondence, reports and meeting minutes held in relation to the Large Energy User Rebalancing Subvention for the period 7th July until 7th October 2022, with the exclusion of all records related to the briefing prepared for the Secretary Generals appearance at the Public Accounts committee but to include the final briefing provided by the Electricity Networks and Systems Unit for inclusion as part of the wider briefing for the Secretary General’s appearance. For records related to the provision of briefing (other than that referenced above), answering Leaders Questions and/ or PQs, unless the Large Energy User Rebalancing Subvention is referenced in the body of an email, I will accept the final briefing or answer that relates to the Large Energy User Rebalancing Subvention and cover email as it left a Principal Officers area. Where referenced in the body of an email that email is also to be included.",Part-granted,14 December 2022
FOI2022252,Journalist,"07 October 2022 • Records, including electronic records, distributed before or at the meeting of the Mobile and Broadband Taskforce scheduled for September 2022. for use or reference at that meeting. • Records of the agenda of the meeting. • Records of the content of presentations made at the meeting including presentation notes. • The minutes or draft minutes of the meeting, including attendees. Tabular data should be supplied in native format. Response and text records and should be supplied in searchable format where possible.",Withdrawn,20 October 2022
FOI2022251,Oireachtas / Public Representative,"19 October 2022 - Any correspondence between 1/6/2022 and 6/10/2022 to or from electricity and gas utilities in relation to the enhanced consumer protection measures that were announced on 25 August in relation to prepaid meters, held at PO level or above - Correspondence between 1/6/2022 and 6/10/2022 to or from electricity and gas utilities in relation to measures for customers with prepaid meters since the announcement of the enhanced protection measures on 25 August, held at PO level or above - Correspondence between 1/6/2022 and 6/10/2022 to or from the Commission for Regulation of Utilities in relation to enhanced consumer protection measures for people with prepaid meters in relation to the decision to the announcement on 25 August and since, held at PO level or above - Minutes and agendas of any meetings, between 1/6/2022 and 6/10/2022, internal to the Department or with others such as the Commission for Regulation of Utilities and utility companies, that discussed the enhanced consumer protection measures that were announced on 25 August and since, held at PO level or above",Part-granted,17 November 2022
FOI2022250,Journalist,"06 October 2022 1. How many web domains (URLs) and IP addresses are part of a block list due to the Council Decision 2022/351/CFSP from 2nd of March 2022? 2. A list of all of the web domains (URLs) and IP addresses that are part of a block list due to the Council Decision 2022/351/CFSP from 2nd of March 2022. If there is a public, maintained list of these resources, please provide me with a link to it as well. 3. Has your institution sought any action against these IP addresses and web domains? 4. Which institutions are responsible for implementing the activities against these IP addresses and web domains? 5. Which institutions are responsible for overseeing the implementation of these activities? 6. Which mechanisms are used to implement these block lists (for example DNS blocks, IP blocks)? Which institutions are implementing which mechanisms?",Refused,04 November 2022
FOI2022249,Journalist,05 October 2022 Correspondence between Ryanair and Minister Eamon Ryan and/or Minister Hildegarde Naughten relating to improving and resolving Dublin Airport operations between April and September 2022. The minutes of any meetings between Ryanair officials and Minister Eamon Ryan and/or Minister Hildegarde Naughten relating to improving and resolving Dublin Airport operations between April and September 2022.,Transferred,07 October 2022
FOI2022248,Journalist,05 October 2022 • Copies of correspondence to/from Minister Eamon Ryan and to/from Secretary General Mark Griffin on the subject of electricity blackouts or concern over same. • The correspondence can be limited to items to/from the following: • - Commission for Regulation of Utilities; • - ESB Group; • - ESB Networks; • - Government Ministers; • - Microsoft; • - Meta • - Apple • - Google • - Amazon Web Services/Amazon • The time period can be limited to 1/9/2022 to 5/10/2022. • The records should include copies of any documents attached or enclosed with the correspondence.,Refused,02 November 2022
FOI2022247,Journalist,05 October 2022 1. Any minutes of meetings of the Energy Security Emergency Group and any of its sub groups between the 13th of September and the 5th October 2. Any documents/presentations provided or presented as part of those meetings.,Part-granted,03 November 2022
FOI2022246,Journalist,"04 October 2022 Requesting the release of all records relating to the Energy Security Emergency Group and its subgroups created since 1 August, including: all notes or minutes of meetings held by the group or subgroups since 1 August and any reports or presentations prepared by the group since 1 August.",Part-granted,02 November 2022
FOI2022245,Journalist,"07 October 2022 Any emails, notes, memos, briefings and/or records in relation to a meeting held between Minister Eamon Ryan and Amazon on March 18. 2022",Refused,19 October 2022
FOI2022244,Journalist,"04 October 2022 Any emails, notes, memos, briefings and/or records in relation to a meeting held between Minister Eamon Ryan and Aer Lingus on May 18 and May 19. Any emails, notes, memos, briefings and/or records in relation to a meeting held between Minister Eamon Ryan and CEO of Aer Lingus on April 22.",Transferred,07 October 2022
FOI2022243,Journalist,"04 October 2022 Any emails, notes, memos, briefings and/or records in relation to a meeting held between Minister Eamon Ryan and An Post on April 21. Any emails, notes, memos, briefings and/or records in relation to a meeting held between Minister Eamon Ryan and Minister Hildegarde Naughten on June 8 and June 17",Withdrawn,17 October 2022
FOI2022242,Journalist,03 October 2022 Copies of all complaints emailed by members of the public to Minister Eamon Ryan and his Department for the month of September 2022 specifically on the rising costs of their energy bills.,Refused,28 November 2022
FOI2022241,Oireachtas / Public Representative,"30 September 2022 All correspondence between Inland Fisheries Ireland, the board of Inland Fisheries Ireland, individual members of Inland Fisheries Ireland, representatives of Inland Fisheries Ireland, any person connected to Inland Fisheries Ireland in any capacity whatsoever and the Department of the Environment, Climate and Communications and details of all correspondence regarding the above listed people and the Minister for the Environment, Climate and Communications: Access to any and all records held by the Department of the Environment, Climate and Communications (including, but not limited to, files, memoranda, correspondence, minutes, reports, electronic media, or other documentation received or written, howsoever stored) in relation to all correspondence between the above listed people and the Department of the Environment, Climate and Communications and the Minister for the Environment, Climate and Communications. Copy of all documents, files, memos, letters, notes (hand-written or electronic), briefings and all information in relation to the above listed people and the Department and the Minister. All records of phone calls, discussions, meetings in relation to all correspondence between the above listed people and the Department and the Minister.",Part-granted,16 November 2022
FOI2022240,Business / Interest Group,"30 September 2022 All records of correspondence since January 1st 2021 between the Inland Fisheries Division of the Department of the Environment, Climate and Communications (DECC) and Inland Fisheries Ireland (IFI) regarding the 2022 Draft Great Western Lakes Management Plan.",Part-granted,28 October 2022
FOI2022239,Journalist,"30 September 2022 All minutes and other materials (presentations made to the group, memos for action, materials distributed to members) of the Energy Security Emergency Group and its oil and gas subgroups during August and September 2022 All materials covering scenarios dealt with during Project Dara (exercises on September 9 and 16 2022) and bulk users exercise which also took place this month; also, all post-exercises material, memos for the Minister/his Advisors and/or Secretary General arising from the exercises, and materials shared with the ESEG relating to the exercises","(a)Part-granted, (b)Part-granted","(a) 28 October 2022, (b) 03 November 2022"
FOI2022238,Member of the Public,"30 September 2022 •Receipts and expenses claims of Minister Smyth relating to their trip to Spain and Portugal earlier this year, •Receipts and expenses claims of any support staff who accompanied the Minister on the trip.",Refused,21 October 2022
FOI2022237,Member of the Public,"30 September 2022 •Receipts and expenses claims of Minister Naughton relating to their trip to Australia and New Zealand earlier this year, •Receipts and expenses claims of any support staff who accompanied the Minister on the trip.",Refused,21 October 2022
FOI2022236,Journalist,"29 September 2022 Please confirm if your Minister uses WhatsApp for official government business and/or for exchanging messages with officials and colleagues. Please confirm if your Minister stores or deletes WhatsApp messages relating to government business or to and from officials and colleagues. Please confirm if your Minister has downloaded Signal on their work mobile phone. Please confirm if your Minister uses Signal for official government business and/or for exchanging messages with officials and colleagues. Please confirm if your Minister uses a private email account for official government business and/or exchanging messages with officials and colleagues. Please provide any guidance that has been issued to your Minister on the use of messaging systems, such as WhatsApp or Signal. Please send screengrabs of all WhatsApp messages in relation to government business sent to and from your Minister's work phone on September 27, 2022.",Refused,27 October 2022
FOI2022235,Oireachtas / Public Representative,"28 September 2022 1. Any emails, memos, letters or submissions and their attachments were relevant, between officials in the Department of Climate, Environment and Communications at the level of Principal Officer and above regarding the introduction of an electricity retail price cap between 1st August 2022 and 27th September 2022; 2. Any emails, memos, letters or submissions and their attachments were relevant, between officials in the Department of Climate, Environment and Communications, at the level of Principal Officer and above and the Minister for Climate, Environment and Communications regarding the introduction of an electricity retail price cap between 1st August 2022 and 27th September 2022; 3. Any emails, memos, letters or submissions and their attachments were relevant, between officials in the Department of Climate, Environment and Communications, at the level of Principal Officer and above and the Commission for the Regulation of Utilities regarding the introduction of an electricity retail price cap between 1st August 2022 and 27th September 2022; 4. Any emails, memos, letters or submissions and their attachments were relevant, between officials in the Department of Finance, at the level of Principal Officer and officials in the Department of Environment, Communications and Climate Action at the level of Principal Officer regarding the introduction of an electricity retail price cap between 1st August 2022 and 27th September 2022.",Part-granted,23 November 2022
FOI2022234,Journalist,"28 September 2022 Access to all records relating to the meeting with Amazon outlined in this lobbying return: Amazon Web Services (1 May, 2022 to 31 Aug, 2022, Public policy or programme) - Lobbying.ie I wish to cover the period 1 May 2022 to 28 September 2022.",Granted,13 October 2022
FOI2022233,Journalist,"28 September 2022 Access to all records relating to the meeting with TikTok outlined in this lobbying return: TikTok (1 May, 2022 to 31 Aug, 2022, Public policy or programme) - Lobbying.ie I wish to cover the period 1 May 2022 to 28 September 2022.",Granted,19 October 2022
FOI2022232,Journalist,"28 September 2022 Access to all records relating to the meeting with Google Ireland outlined in this lobbying return: Google Ireland Limited (1 May, 2022 to 31 Aug, 2022, Public policy or programme) - Lobbying.ie I wish to cover the period 1 May 2022 to 28 September 2022.",Part-granted,19 October 2022
FOI2022231,Journalist,"28 September 2022 Any minutes, memos or correspondence created as a result of this meeting Any correspondence sent by TikTok ahead or after the meeting. https://www.lobbying.ie/return/87180/tiktok",Granted,19 October 2022
FOI2022230,Journalist,"27 September 2022 1. Minutes of meetings between Department Secretary General and Amazon Web Services, between 1st May and 22nd September 2022 2. A copy of any internal briefings ahead of meetings with Department officials and Amazon Web Services, between 1st May and 22nd September 2022 . 3. Correspondence sent and received between Amazon Web Services and either the Minister or Secretary General, between 1st May and 22nd September 2022 https://www.lobbying.ie/return/87353/amazon-web-services",Granted,13 October 2022
FOI2022229,Journalist,"27 September 2022 1. Minutes of meetings between TikTok and Department Assistant Secretary Matthew Collins, between 1st May and 27th September 2022. 2. Internal department briefing prepared for a meeting between TikTok and Department Assistant Secretary Matthew Collins, between 1st May and 27th September 2022. 3. Correspondence between TikTok and the Department between 1st May and 27th September 2022.",Granted,19 October 2022
FOI2022228,Journalist,23 September 2022 Any correspondence between the Minister or Secretary General or Matt Collins and outside third parties in relation to energy security and energy prices in the last six months to present. Any internal memos created by Collins or his Department and sent to Minister in relation to Ireland's energy supply in the last 6 months. Any correspondence between the Minister and the Dept of Taoiseach on the review of energy security supply from June to present. Clarification received 12/10/2022 Records sought above are from July 01st 2022 to present,Part-granted,14 November 2022
FOI2022227,Member of the Public,"22 September 2022 All documents from January 1, 2017, to September 1, 2022, that contain the below company names: -- Arity Business -- Thalestris Ltd -- Intellexa Ltd This includes all correspondence to and from the aforementioned companies",Refused,21 October 2022
FOI2022226,Journalist,"22 September 2022 Any correspondence sent to Mattew Collins from TikTok between 1 May and 31 August of this year, any minutes or notes taken at any meetings between Mr Collins and representatives of Tiktok during the same time-frame, and any memos or briefings prepared for Mr Collins in advance of those meetings. My request refers but should not be limited to this entry on the Lobbying Register.",Granted,19 October 2022
FOI2022225,Journalist,"22 September 2022 Access to any minutes /. memos / correspondence relating to the meeting between Susan Moss of TikTok and Matthew Collins, as outlined in the lobbying return below.",Granted,19 October 2022
FOI2022224,Journalist,22 September 2022 Access to correspondence / minutes of meetings during 2022 between Google and Minister Ryan in relation to the Online Safety and Media Regulation Bill.,Withdrawn,18 October 2022
FOI2022223,Journalist,"22 September 2022 Any notes/briefing materials/minutes/correspondence, per the lobbying register, between Amazon Web Services and Mark Griffin or Matthew Collins relating to the meeting held between the officials and the company.",Granted,13 October 2022
FOI2022222,Journalist,"22 September 2022 • Copies of any internal reports, briefing papers, or assessments concerning capacity constraint issues (current or future) in energy generation to meet energy demand (current or future) written between 1 January 2017 and 1 January 2021; • Copies of any internal reports, briefing papers, or assessments concerning issues (planning; turbines, suppliers; environmental assessments, etc) with the new capacity units proposed for Ringsend, Poolbeg and Corduff that were successful at the 2022/2023 T-4 Capacity auction in 2019; • Copies of any internal meeting minutes, reports, briefing papers, or assessments in which staffing issues (such as high rate of staff turnover, loss of institutional knowledge, staff morale, etc.) in either Eirgrid or the CRU are mentioned since 1 January 2021;","(a)Part-granted, (b) Refused","(a) 11 November 2022, (b) 21 October 2022"
FOI2022221,Journalist,21 September 2022 Any correspondence between the Minister or Minister's office and Ml Hospitality Limited (or any groups representing them) about a proposal to provide the Government with an option for large luxury cruise ships to temporarily house Ukrainian refugees.,Transferred,28 September 2022
FOI2022220,Journalist,21 September 2022 All correspondence during 2022 between Ibec and Mark Griffin in relation to emergency plans in the event of gas rationing in winter 2022/2.,Granted,19 October 2022
FOI2022219,Journalist,"21 September 2022 • Minutes of the following bodies established to oversee the National Broadband Plan: Contract Liaison Board; Network Build Working Group; Finance Performance Working Group; The timeframe should cover the period of Sept 13, 2021 to December 13, 2021",Refused,19 October 2022
FOI2022218,Journalist,21 September 2022 • All minutes of meetings of the Energy Supply Emergency Group • All briefing documents prepared for Minister Ryan in relation to same • All correspondence between the Department and the other members of the sub-group in relation to the business of the sub-group • All presentations or other documentation presented at the meetings of the sub-group,Part-granted,18 November 2022
FOI2022217,Journalist,"26 September 2022 1. Correspondence between Amazon UK and officials in DECC related to data centres/energy from 1st January 2019 to 21st September 2022. 2. Minutes of any meetings that took place between Amazon UK and officials in DECC to discuss data centres/energy from 1st January 2019 to 21st September 2022. 3. Briefing prepared for meetings between Amazon UK and the Minister, Mark Griffin and/or Matt Collins to discuss data centres/energy from 1st January 2019 to 21st September 2022.",Refused,19 October 2022
FOI2022216,Member of the Public,"21 September 2022 Any records in regards to submissions or lobbying in regards to Dawn Meats Slane for past five years. Also any correspondence from ABP or any other Govt body regarding Dawn Meats Slane in particular but also Dawn Meats Nationally. FOI should include any and all submissions, concerns, requests. Information to also include correspondence with ATP over past five years",Refused,19 October 2022
FOI2022215,Journalist,"20 September 2022 • Copies of any reports, non-technical analyses and/or briefing papers prepared by or requested by the Energy Security Emergency Group; • Copies of any reports, non-technical analyses and/or briefing papers prepared required by and/or supplied to Mr Dermot McCarthy as part of the Electricity Security of Supply independent review; • Minutes of any meetings between senior management (Ass Sec Gen and above) and/or the Minister with Mr Dermot McCarthy in relation to the Electricity Security of Supply independent review","(a)Part-granted, (b)Part-Granted","(a) 16 November 2022, (b) 17 November 2022"
FOI2022213,Journalist,"19 September 2022 Any records - dating from 1 Jan 2021 to date - that relate to consideration of an appraisal of the current provisions in the Air Pollution Act 1987 to determine if they are fit for purpose regarding the delegation of powers to local authorities for the introduction of clean air zones or low emission zones and identification of any potential amendment necessary, including, but not limited to, any internal and external correspondence, or internal reports.",Part-granted,17 October 2022
FOI2022212,Journalist,14 September 2022 • Any briefing/slides/documents/presentations prepared for or produced by the Energy Security Emergency Group and any of its sub groups between March 2022 and the current date of 13 September 2022. • Any minutes of the Energy Security Emergency Group and any of its sub groups from July 26 to the current date of 13 September 2022,Part-granted,13 October 2022
FOI2022211,Journalist,05 October 2022 • Copies of all correspondence to/from Minister Eamon Ryan/secretary general Mark Griffin/Assistant Secretary Matthew Collins on the topic of the proposed use of Kinsale Gas field infrastructure for a floating LNG terminal from a company called Mag Mell Energy and its parent company Predator Oil and Gas. • I am also seeking all internal Department correspondence at PO grade on the Kinsale proposal. • The time period can be limited to 1/3/2020 to 30/4/2020 and 1/5/2022 to 22/09/22. • The records should include copies of any documents attached or enclosed with the correspondence.,Part-granted,03 November 2022
FOI2022210,Journalist,13 September 2022 • Copies of all correspondence to/from Minister Eamon Ryan/secretary general Mark Griffin/Assistant Secretary Matthew Collins on the topic of energy bills for households and businesses. • Please include all items of correspondence related to the issue of standing charges in energy bills. • The correspondence can be limited to items between the above mentioned individuals and also items to/from other Government Ministers and the Secretary General of the Department of the Taoiseach John Callinan. • The time period can be limited to 1/4/2022 to 13/9/2022. • The records should include copies of any documents attached or enclosed with the correspondence.,Part-granted,09 November 2022
FOI2022209,Oireachtas / Public Representative,"09 September 2022 All briefing notes, speeches or other material prepared for Minister Eamon Ryan, relating to the proposal to decouple gas from electricity prices, from September 1st 2021 to December 1st 2021.",Refused,26 September 2022
FOI2022208,Journalist,"09 September 2022 Please send me records, in a digital format, which show how many vehicles the Department, or organisations overseen by the Department, have purchased in each year since 2019 (2019/20/21/so far in 22). In each case please provide the price paid, the model, fuel type (petrol, diesel, hybrid, electric etc), and how many kilometres are currently on the clock for each vehicle. Please also provide records showing the total fleet of vehicles owned by the Department, or its organisations, along with their models and fuel types.",Part-granted,30 September 2022
FOI2022207,Journalist,"06 September 2022 The release of any records created arising from discussions between the Minister and his Agricultural counterpart Charlie McConalogue concerning a reduction in carbon emissions targets for the agricultural sector in June and July 2022, including any emails between both offices, minutes/notes taken at meetings between the Ministers, briefings given to the Minister before or after the meetings, and any reports about agricultural emissions.",Granted,16 September 2022
FOI2022206,Journalist,05 September 2022 Records of all payments made by the Department to companies in respect of wind farms in Donegal in the past five years. Can I have the name of each company. The location of the wind development. How much they were paid on each occasion. And the date each payment was made.,Withdrawn,13 September 2022
FOI2022205,Journalist,"29 August 2022 a. Any correspondence, and attachments, and minutes of meetings between Electric Ireland and officials in the Department of the Environment about Electric Ireland's energy price rises. I would like any records from 1 Jan 2022 to present. Revised request 05/09/2022 refine the scope to Assistant Secretary and above",Refused,29 September 2022
FOI2022204,Journalist,"29 August 2022 a. Any correspondence, and attachments, and minutes of meetings between Prepaypower and officials in the Department of the Environment about Prepaypower's energy price rises. I would like any records from 1 Jan 2022 to present. Revised request 05/09/2022 refine the scope to Assistant Secretary and above",Refused,29 September 2022
FOI2022203,Journalist,"29 August 2022 a. Any correspondence, and attachments, and minutes of meetings between Bord Gáis Energy and officials in the Department of the Environment about Bord Gáis Energy's energy price rises. I would like any records from 1 Jan 2022 to present. Revised request 05/09/2022 refine the scope to Assistant Secretary and above",Granted,01 October 2022
FOI2022202,Journalist,"29 August 2022 a. Any correspondence, and attachments, and minutes of meetings between Energia and officials in the Department of the Environment about Energia's energy price rises. I would like any records from 1 Jan 2022 to present. Revised request 05/09/2022 refine the scope to Assistant Secretary and above",Refused,01 October 2022
FOI2022201,Journalist,"29 August 2022 a. Any correspondence, and attachments, and minutes of meetings between SSE Airtricity and officials in the Department of the Environment about SSE Airtricity's energy price rises. I would like any records from 1 Jan 2022 to present. Revised request 05/09/2022 refine the scope to Assistant Secretary and above",Granted,29 September 2022
FOI2022200,Journalist,"29 August 2022 a. Any correspondence, and attachments, and minutes of meetings between Panda Power and officials in the Department of the Environment about Panda Power's energy price rises. I would like any records from 1 Jan 2022 to present. Revised request 05/09/2022 refine the scope to Assistant Secretary and above",Refused,29 September 2022
FOI2022199,Journalist,"29 August 2022 a. Any correspondence, and attachments, and minutes of meetings between Flogas and officials in the Department of the Environment about Flogas' energy price rises. I would like any records from 1 Jan 2022 to present. Revised request 05/09/2022 refine the scope to Assistant Secretary and above",Refused,29 September 2022
FOI2022198,Oireachtas / Public Representative,"23 August 2022 Minutes of the meeting held between Mark Foley and the Minister for the Environment, Climate and Communications on Friday September 25th 2020, and any briefing notes prepared for the Minister for that meeting. Minutes of the meeting held between EirGrid and the Minister for the Environment, Climate and Communications on Monday April 19th 2021, and any briefing notes prepared for the Minister for that meeting.",Part-granted,20 September 2022
FOI2022197,Oireachtas / Public Representative,"23 August 2022 All correspondence sent to the Minister for the Environment, Climate and Communications and/or the Secretary General of the Department of the Environment, Climate and Communications, from EirGrid plc, that relate to “data centres”, sent between June 2020 and June 2021.",Refused,22 September 2022
FOI2022196,Oireachtas / Public Representative,"23 August 2022 All correspondence sent to the Minister for the Environment, Climate and Communications and/or the Secretary General of the Department of the Environment, Climate and Communications, from EirGrid plc, that relate to a ‘system alert’ or ‘amber alert’, sent between June 2020 and June 2021. I would prefer to receive this information electronically, preferably in its original formatting.",Part-granted,18 October 2022
FOI2022195,Oireachtas / Public Representative,23 August 2022 The Terms of Reference of the review being conducted by Dermot McCarthy into the state’s electricity supply issues.,Withdrawn,01 September 2022
FOI2022194,Journalist,"23 August 2022 1. Minutes of meetings and papers supplied to, or outputs (memos, etc) from the following subgroups of the ESEG: - Communications - Data and Modelling - Consumer/Vulnerable Households/Business (this name may have been changed - the one chaired by William Walsh) - Policy response",Part-granted,20 September 2022
FOI2022193,Journalist,23 August 2022 A copy of the Ministerial briefing presented to Minister Eamon Ryan on his appointment in June 2020.,Withdrawn,02 September 2022
FOI2022192,Journalist,"19 August 2022 • All the emails, notes, memo, letters, texts and WhatsApps exchanged between the Department of the Environment, Climate and Communications and Department of Enterprise, Trade and Employment regarding the Government's Statement on the role of Data Centres in Ireland Enterprise Strategy (published July 2022). I would like both FOI requests to cover the period from January 1 2022 to the present day. Clarification received 29/08/2022 to correspondence between officials in DECC and DETE at Principal Officer level and above",Part-granted,10 October 2022
FOI2022191,Journalist,"19 August 2022 • All the emails, notes, memo, letters, texts and WhatsApps exchanged between the Department of the Environment, Climate and Communications and Department of Enterprise, Trade and Employment regarding proposals by Commission for Regulation of Utilities to charge large electricity users additional tariffs at peak periods.",Refused,15 September 2022
FOI2022190,Journalist,"18 August 2022 A complete list of vacant/unoccupied properties owned by the Department and the agencies/bodies under its aegis. Please include the name and address of each property, and its zone status (eg residential, commercial, industrial).",Refused,19 August 2022
FOI2022189,Journalist,"17 August 2022 • A copy of all correspondences sent or received by the Minister in relation to the energy crisis; energy/fuel prices, capacity issues, potential blackouts etc. • A copy of all documents (including, but not limited to, submissions, audits, research papers, advisory papers, policy documents, explanatory documents, reports, circulars, memos, discussion notes) sent or received by the Minister in relation to the energy crisis; energy/fuel prices, capacity issues, potential blackouts etc.",Refused,15 September 2022
FOI2022188,Journalist,"17 August 2022 1) The letter sent to Minister Ryan and Assistant Secretary General Philip Nugent by David Tobin on behalf of PandaGreen chief executive Brian McCabe on the subject of national waste disposal and processing capacity issues arising from growing population, a lack of zoned land and delays in planning and environmental licensing. The letter was sent on a date after 1 May, 2022, according to the Lobbying Register. 2) Any follow up communication between the Minister, the Department or his advisors with PandaGreen subsequent to the receipt of the letter.",Part-granted,09 September 2022
FOI2022187,Journalist,16 August 2022 • A copy of any complaints made to the Department in 2021/22 about the following companies: Eir; Virgin Media; Vodafone; Three; Sky • A copy of all correspondence received by the Minister in 2021/22 in relation to the following companies: Eir; Virgin Media; Vodafone; Three; Sky,"(a)Part-granted, (b)Part-granted","(a)12 September 2022, (b)12 September 2022"
FOI2022186,Member of the Public,16 August 2022 A copy of all correspondence and communications between the Department and the Shaftesbury Estate during 2021 and 2022 (up to this point).,Refused,03 October 2022
FOI2022185,Member of the Public,10 August 2022 Details held by DECC regarding the selection and engagement or proposed engagement of social media influencers by the Department for the period 1 August 2020 to 1 October 2020.,Refused,17 August 2022
FOI2022184,Journalist,"09 August 2022 1. Correspondence with New Fortress Energy or its subsidiaries regarding the Shannon LNG project 2. To/from the Ministers office or at official level, to a/sec and above",Part-granted,23 September 2022
FOI2022183,Member of the Public,"09 August 2022 • The Department’s Records Management Policy. • Any guidelines, procedures or manuals compiled as part of the Department’s Records Management programme, including Records Retention/Disposal Schedules. • The minutes of meetings held during 2021 and 2022 by any records management committee, steering group or similar body operating within the Department",Refused,17 August 2022
FOI2022182,Journalist,08 August 2022 A copy of all briefing notes prepared for the Minister in relation to sectoral emissions targets this year.,Granted,06 September 2022
FOI2022181,Member of the Public,"05 August 2022 A record of all communications, between Minister Eamon Ryan, The General Secretary General of the Department of the Environment, Climate and Communications, Geoscience Regulation Office and the Department of the Environment, Climate and Communications, if any, with Providence Resources PLC and Exola DAC, in relation to the updated SEL1/11 (Barryroe) lease undertaking application, during the period January 1st, 2021, to present.",Part-granted,02 September 2022
FOI2022180,Journalist,"05 August 2022 Minutes of meetings of the Energy Security Emergency Group - June 2022 to date. Minutes of meetings of each of the six subgroups of the Energy Security Emergency Group (Oil and Security of Supply; Consumer, Vulnerable Households and Business; Policy Response; Data and Modelling; Electricity and Gas Security of Supply; Communications - since they began meeting in 2022. All memos sent from the group to the Government in 2022. Copy of the report presented to the Electricity and Gas Security supply subgroup by consultants, CEPA - exact date unknown - June or July 2022.",Part-granted,02 September 2022
FOI2022179,Journalist,"03 August 2022 1. A list of all e submissions sent to the senior Minister during Q2 of 2022 Please note, I am not looking for the esubs themselves, just a list of their titles",Granted,30 August 2022
FOI2022178,Journalist,"03 August 2022 • Minutes of all meetings between Ministers Eamon Ryan and Charlie McConalogue between May 1 2022 and the date of this request • All briefing notes prepared for Minister Ryan regarding carbon emissions between May 1 2022 and the date of this request • Correspondence between Minister Ryan and McConalogue (to include their offices and advisers) regarding agriculture emissions between May 1 2022 and the date of this request Correspondence should include (but not be limited to) emails, letters, WhatsApp messages, text messages, memos, briefing notes etc.",Granted,16 September 2022
FOI2022177,Journalist,"29 July 2022 - a copy of any audit or report held by the Department into the technical issue that affected the Emergency Call Answering Service in late June. - a copy of any correspondence between the Department and the following organisations with regard to the technical issue described above: An Garda Síochána, the National Ambulance Service, BT Ireland. - a copy of any briefings, submissions, memos or other such high-level documents prepared for the Minister or the Sec Gen with regard to the technical issue described above. I would prefer to receive this information electronically, ideally in its original electronic format.",Part-granted,29 August 2022
FOI2022176,Member of the Public,"29 July 2022 Could you please provide me with all evidence that you have relied upon to inform your Climate Action Plan 2021 that CO2 (carbon dioxide) is the leading cause of global warming/climate change. Could you also provide me with the same information for methane and nitrogen. Can you also confirm your understanding of the percentage that CO2, methane and nitrogen make up of all 'greenhouse gases' and your calculations as to how a reduction in these percentages will make a difference? Can you also confirm what 'greenhouse gases' you are referring to in the Climate Action Plan and whether you are including water vapour (95% of all greenhouse gases) in your 51% reduction target? Could you also provide me with details of all or any geo-engineering activities being undertaken over Irish airspace either past, present or planned, including weather modification activities. Should such activities exist, please provide me with the safety studies relating to same.",Refused,06 September 2022
FOI2022175,Member of the Public,"16 August 2022 The task forces in this cases were as follows: • Citizen Engagement, Climate Literacy & Communications • Offshore Wind Delivery • Sustainable Mobility • Heat & Built Environment • Land Use Strategy • Just Transition And again, the recommendations were fed back to the Minister for input to planning climate actions. The records I seek are: 1. The output from the taskforces on March 22nd which were presented to the Minister and which feed into the climate action planning. 2. The output from the taskforces on July 27th which were presented to the Minister and which feed into the climate action planning.",Refused,15 September 2022
FOI2022174,Journalist,"05 September 2022 All documents within the Department such as minutes of meetings, presentations, reports, notes, referencing the possibility of fuel (oil and gas) or electricity rationing from 1 June 2022 to 5 September 2022.’",Part-granted,03 October 2022
FOI2022173,Journalist,"27 July 2022 All internal correspondence within the Department referencing fuel prices since 24 February, 2022 All external correspondence between the Department and other Government Departments referencing fuel prices since 24 February, 2022 All external correspondence between the Department and non-Government agencies referencing fuel prices since 24 February, 2022",,
FOI2022172,Journalist,"27 July 2022 I am requesting the release of any correspondence sent to the Minister's office since June 2020 from the Irish Farmers' Association, the Irish Creamery Milk Suppliers Association, the Agricultural Consultants Association, the Beefplan Movement, the Irish Cattle and Sheep Farmers Association, Macra na Feirme, or the Irish Natura and Hill Farmers Association concerning carbon emissions and the reduction in emissions for the agriculture sector. I am also requesting minutes of meetings or meeting notes taken at meetings between any of the above groups and the Minister or officials at the Department during the same timeframe.",Granted,13 September 2022
FOI2022171,Journalist,27 July 2022 Relating to the Energy Security Emergency Group • All notes or minutes of meetings held by the group so far in 2022 • Any reports or presentations prepared by the group in 2022,Part-granted,24 August 2022
FOI2022170,Journalist,26 July 2022 • Any minutes of bilateral meetings held with the British government on energy security of supply between March 2022 and the current date. • Any communications between the Department and the British government on energy security of supply between March 2022 and the current date. • Any briefing/strategy notes for Minister Eamon Ryan attending the council of energy Ministers from March 2022 to now.,Part-granted,24 August 2022
FOI2022169,Journalist,26 July 2022 • Minutes of any meetings of the national energy security emergency group and any of its sub groups from March 2022 to now. • Any reports/recommendations/modelling produced by the National Energy Security Emergency Group or any of its subgroups for the government for the same period. • Any contingency plans produced by the National Energy Security Emergency Group in the event of severe oil and or gas shortages. • Any communications between Minister Eamon Ryan or his advisor Paul Kenny with the group within the Department who have been put in charge of the energy security review of Ireland's electricity and gas systems. Dates inclusive of January 2022 to now. Clarification received 29/07/2022 ‘Any communications between Minister Eamon Ryan or his advisor Paul Kenny with the group within the Department who have been put in charge of the energy security review of Ireland's electricity and gas systems regarding the energy security review of Ireland's electricity and gas systems . Dates inclusive of January 2022 to now.,"(a) Part-granted, (b) Refused","(a) 29 August 2022, (b) 29 August 2022"
FOI2022168,Journalist,"26 July 2022 All ministerial briefing documents and Department emails, relating to and including emissions targets for the agriculture sector between 1st of January 2022 to the current date. All documents and emails between DECC and DAFM from Assistant Secretary General level, Private Advisors and Ministers pertaining to carbon targets for the agriculture sector between 1st of January 2022 to the current date.",Refused,28 July 2022
FOI2022167,Member of the Public,25 July 2022 Information of the amount spent on commercial helicopter firefighting services to combat wildfires in Ireland for the following years; 2021 2020 2019 2018 2017 I would assume local county councils put in place these arrangements but I am interested in the spend by either central government directly or any funds that have been allocated for same to the local county councils.,Refused,17 August 2022
FOI2022166,Journalist,"29 July 2022 All contingency plans created between February 2022 and to date in relation to energy shortages in Ireland for oil, gas and electricity.",Refused,29 August 2022
FOI2022165,Journalist,"20 July 2022 Under the FOI Act 2014, I am seeking copies of the following submissions for the Minister (FOI2022137 refers): - electricity capacity market update. - Derrybrien. - GPO Properties: 28 and 29 Henry Street. - Release of Strategic Oil Stocks from PoolBeg. - Proposed Review of ESB Dividend Pay-out Ratio - capacity market update. - Derrinlough Wind Farm. I would prefer to receive this information electronically, ideally in its original electronic format.","(a) Part-granted, (b) Refused, (c) Part-granted","(a) 08 September 2022, (b) 12 August 2022, (c) 29 July 2022"
FOI2022164,Journalist,"19 July 2022 The Italian consultancy report undertaken on the North South Interconnector, due this year.",,
FOI2022163,Journalist,19 July 2022 Copies of all representations from politicians and members of the public to Minister Eamon Ryan on the subject of sectoral carbon emission ceilings. Copies of all correspondence between Mr Ryan and Minister for Agriculture Charlie McConalogue on the issue of carbon emission ceilings. The time period can be limited to 1/6/2022 to 19/7/2022.,Refused,27 July 2022
FOI2022162,Journalist,"19 July 2022 All diary records connected to meetings between staff at the Department of the Environment, Climate and Communications (specifically assistant secretaries, secretary general, special advisors and the Minister) and IDA Ireland, including details of who attended each meeting. I am looking for the aforementioned records between the time period 01 January 2021 to current date.",Granted,23 August 2022
FOI2022161,Member of the Public,18 July 2022 1. I request the survey results of my property ….. at the time of survey for NBI rollout inclusion/exclusion. 2. Request review of my property ….. for inclusion in the current rollout phase as well as the other properties excluded from the rollout in our estate.,Withdrawn,16 August 2022
FOI2022160,Journalist,18 July 2022 All of the documents an correspondence held by the Department relating to concerns about and the outage of the Emergency Call Answering Service. I would like my request to cover the last year. Clarification received 19/07/2022 Agreed to limit the scope of request to the Preliminary Incident Report,Part-granted,22 July 2022
FOI2022159,Journalist,15 July 2022 All Submissions made to the Department during the Offshore Wind Phase 2 consultation that closed in March 2022,Part-granted,15 August 2022
FOI2022158,Member of the Public,"13 July 2022 Following the EU ruling please see the attached from requesting details of the both the current cost and the cots going forward of this development Derrybrien is an ill-advised wind installation resulting in bog slides, destruction of fish habitat and general landscape degradation which will remain open sores (20 years on from the construction of the Derrybrien wind farm, taxpayers are paying daily fines of €15,000 while it looks like the turbines will have to be removed entirely from this site following the refusal of An Bord Pleanála to grant ESB substitute planning permission). Please let me know the total cost of the EU ruling. That is the legal costs, the fine plus how many days at €15,000 are due. As it now seems that the windfarm will now have to be removed please confirm when this is to take place and if the developers or the taxpayer will have to pay for the removal of the windfarm, the costs to stabilize the site and the cost of cleaning up the river after the pollution.",Withdrawn,02 August 2022
FOI2022157,Member of the Public,"04 July 2022 Copies of records that relate to decisions made on the granting of prospecting licences, including the decisions made on areas of land made available in Co. Clare as granted by the Minister of the Environment, Climate and Communications between January 2017 and January 2022 to consist of' Prospecting Licence Application Form Technical Recommendation Determination Document Letter of Offer and Letter of Acceptance Prospecting Licence Advertisement and Submissions Review Prospecting Licence Document",Part-granted,29 July 2022
FOI2022156,Journalist,"30 June 2022 In relation to travel undertaken by Minister Ryan and Ministers of State Naughton and Smyth as part of the 2022 St Patrick’s Day Programme to Rebuild Connections, I would like to receive: • The names of people who accompanied the Ministers on their respective trips and their job titles or relationship to the Ministers. • The schedule of flights undertaken by the above people as part of their respective trips, including flights to and from Ireland, connecting flights and the names of airports where departures and arrivals took place. Also, please include whether the flights were economy class, business class, first class or other and the name of the airline used for each flight. • The Ministers’ itinerary for their respective trips. • A breakdown of expenses accrued and paid by Government for the trips, including flights, accommodation, subsistence, gifts, PCR testing, taxis/public transport, etc.",Granted,19 August 2022
FOI2022155,Journalist,30 June 2022 Minutes of all the meetings of the Energy Security Emergency Group held since it was convened earlier this year.,Part-granted,28 July 2022
FOI2022154,Journalist,"29 June 2022 Copies of any records held referring or relating to (bogus) allegations made by TD Richard O'Donoghue that Minister Eamon Ryan transported his bicycle to an event in Limerick using a ministerial car. Searches of any mobile phones, relevant private email addresses and/or messaging services should be considered when processing this request.",Refused,29 July 2022
FOI2022153,Member of the Public,"29 June 2022 (a) the report prepared by McKinsey and Company on behalf of the DCCAE outlining a Marginal Abatement Cost Curve for Ireland, referred to at section 4.2 of the Climate Action Plan 2019. (b) Any other expert technical analysis/modelling commissioned by the Dept of the Environment, Climate and Communications inform the adoption of the 2030 emissions reductions target contained in the climate action and low carbon development (amendment) act 2021",Part-granted,27 July 2022
FOI2022152,Journalist,28 June 2022 Copies of any and all reports/analyses conducted by the Department of the Environment on the environmental impact of all its employees – including those working for agencies under its remit such as the EPA – returning to the office full-time. This should also include any reports/analyses that look into the environmental impact on these employees continuing to work from home or under a hybrid work model. Clarification received 07/07/2022 remove the part about agencies under the Department’s remit and add a timeline since January 1st this year,Refused,08 August 2022
FOI2022151,Journalist,"28 June 2022 All minutes and other materials (presentations made to the group, memos for action, materials distributed to members) of the Energy Security Emergency Group and its subgroups, since its formation",Part-granted,16 August 2022
FOI2022150,Journalist,"24 June 2022 a. Copies of any of the minutes, agendas for meetings of the subgroup of the National Waste Enforcement Committee set up to deal with/talk about the illegal dump near Moatview/Cara Park in north Dublin. b. Copies of any presentations or reports discussed at meetings of that subgroup.",Granted,15 August 2022
FOI2022149,Journalist,24 June 2022 a. any minutes and agendas for meetings of the National Waste Enforcement Committee from 1 January 2019 to date b. Copies of any reports or presentations discussed at these meetings,Part-granted,15 August 2022
FOI2022148,Journalist,"21 June 2022 Copies of all records, to include files, letters, emails, briefing notes, meeting minutes, relating to a meeting between Jim Bergin, CEO of Glanbia, and the Minister and his Special advisor, as outlined in this return: https://www.lobbying.ie/return/85814/glanbia",Granted,04 July 2022
FOI2022147,Member of the Public,"20 June 2022 1. In relation to all CCTV cameras that you have procured from 2017 until the present, please provide: - the names of each company and the names of the products including the model numbers - the contracts with each company - the cost per unit and the total costs, and - the duration of contracts and/or licenses. 2. Please provide records that state the capability of the CCTV cameras (along with their storage and processing units whether locally, on a server or in the cloud), such as facial recognition, temperature/thermal scanning, behaviour analysis, object detection or demographic detection (i.e. age, gender, clothing etc). 3. For all CCTV cameras procured between 2019 and present, please also provide the documents and communication (such as letters and emails) involving the company that was awarded the contract. If the records in response to point 1 in this request contain product model/numbers, then point 2 can be removed.",Refused,04 July 2022
FOI2022146,Journalist,"14 June 2022 Any records within the Department of the Environment, Climate and Communications at the levels of Principal Officer, Assistant Secretary General, Secretary General, Ministerial Special Adviser, or Minister in the context of the Development of the National Development Plan and/or Climate Action Plan as to what was the best mix between private, rented, and social homes to be retrofitted under the National Retrofit Plan. For the avoidance of doubt, this request also includes any submissions, briefing materials, etc. prepared by other grades but submitted via the above mentioned grades to the Secretary General, Minister, or Special Advisers or to their Offices for the Secretary General, Minister, or Special Advisers.",Refused,30 September 2022
FOI2022145,Journalist,"13 June 2022 Correspondence between the Department and other Departments/State Agencies in relation to action 19/9 of Housing for All: All Government Departments will examine their existing portfolio of properties and subject to any obligations under the PSC, the LDA Act 2021 or the State Property Act 1954, will place them on the market if they are not required and may be suitable for conversion to residential accommodation",Granted,21 July 2022
FOI2022144,Journalist,08 June 2022 • Copies of all correspondence between representatives of Aughinish Alumina and the following individuals: Minister Eamon Ryan; Special Adviser Paul Kenny. • Copies of the minutes of all meetings involving representatives of Aughinish Alumina and the same individuals. • The records released should include - but not be limited to - all items related to this entry in the lobbying register: https://www.lobbying.ie/return/85513/aughinish-alumina-limited • The period of time can be limited to 23/2/2022 to 8/6/2022. The records should include copies of any documents attached or enclosed with the correspondence.,Part-granted,05 July 2022
FOI2022143,Member of the Public,"08 June 2022 Records of the NPWS document regarding anthropogenic issues in the Owenriff System, Co. Galway as referenced by the Irish Pike Society representative on page 4 of minutes of an Angling Consultative Council of Ireland (ACCI) meeting held remotely on May 3rd this year. These minutes have been published in the public domain by the Department of the Environment, Climate and Communications.",Refused,22 June 2022
FOI2022142,Journalist,07 June 2022 The draft or final 3 year report of the previous Mobile Phone and Broadband Taskforce. Minutes of all Taskforce meetings since 1st January 2020 including bodies attending. The current and future work program of the Taskforce including the allocation of responsibilities and due dates of completion. Dates of future scheduled Taskforce meetings. The 2021/2022 state aid report(s) on the National Broadband Plan supplied to the European Commission. Record(s) identifying the effective dates at which annual and biennial reports are due to the Commission under Paragraph 76 of SA.54472. The most recent version of the Eircom (300K) Concession agreement. Records indicating the current term and expiry date of the Eircom Concession agreement.,Part-granted,05 July 2022
FOI2022141,Journalist,"02 June 2022 Any copies or letters or correspondence received by the Department or Minister in relation to plans to ban turf cutting from September from people from Longford, Leitrim, Roscommon or Westmeath with personal details redacted between April 1st 2022 and to date.",Part-granted,01 July 2022
FOI2022140,Journalist,01 June 2022 Any correspondence or minutes / briefings relating to any meetings between Minister Ryan and Stripe during 2022.,,
FOI2022139,Journalist,01 June 2022 Requesting the release of any briefings prepared this month for the Department by Reidy Brophy crisis management specialists concerning a potential oil emergency in Ireland during coming the winter this year. I am also seeking any correspondence between the Department and Reidy Brophy regarding the same.,Refused,30 June 2022
FOI2022138,Journalist,31 May 2022 All submissions on the Draft National Food Waste consultation.,Withdrawn,03 June 2022
FOI2022137,Journalist,30 May 2022 A list/record of all submissions made to the Minister or Ministers of State at your Department (if applicable) using the e-submissions system (or whatever relevant/similar system is in place at your Department) in the period 1 Jan 2022 to the date of receipt of this request.,Granted,30 June 2022
FOI2022136,Journalist,"27 May 2022 I understand that from time to time the Department organises exhibitions, conferences etc., where the paid services of guest speakers, broadcasters or others may be required. May I ask for available copies of records created in relation to this from January 1st 2017 to May 27th 2022, to include, but not be limited to, the following: • Records of events where paid services of MCs, conference hosts, after-dinner speakers, conference • or event moderators, broadcasters etc. were acquired • Records of the names of the people hired for each of these events • Individual pay for these persons per event Clarification received 16/06/2022 I would like to limit the timescale and now request records from March 1st 2021 to May 26th 2022.",Part-granted,14 July 2022
FOI2022235,Business / Interest Group,"24 May 2022 All records relating to the penalties, performance credits, liquidated damages and or service credits including the amounts due, paid or payable by NBI to DECC for NBI’s failure to meet targets / milestones / delivery dates and contractual obligations under the Project Agreement.",Refused,08 June 2022
FOI2022234,Journalist,"23 May 2022 All letters, emails, memos, text messages and WhatsApp messages between Eirgrid and the Department of the Environment, Climate and Communications regarding energy security and amber alerts between January 1, 2022 and the present day.",Part-granted,06 July 2022
FOI2022133,Journalist,"23 May 2022 All letters, emails, memos, text messages and WhatsApp messages between the Department of Enterprise and the Department of the Environment, Climate and Communications regarding data centres between January 1, 2022 and the present day.",Refused,23 June 2022
FOI2022132,Journalist,"23 May 2022 All letters, emails, memos, text messages and WhatsApp messages between the IDA and the Department of the Environment, Climate and Communications regarding data centres between January 1, 2022 and the present day.",Refused,23 June 2022
FOI2022131,Journalist,"20 May 2022 A copy of minutes of a meeting with Minister Ryan and Ciarán Cuffe, and John Collison (President and Co-Founder) and Niamh Sweeney (Communications) of Stripe held earlier this year.",Refused,20 June 2022
FOI2022130,Journalist,19 May 2022 Requesting the release of any notes or minutes taken at meetings attended by Mark Griffin and representatives of National Broadband Ireland regarding details re the challenges associated with the delivery of the NBP Project. My request covers information referred to on the Lobbying Register here.,Refused,16 June 2022
FOI2022129,Journalist,"19 May 2022 Any briefing notes, emails in relation to an electricity transmission project Eirgrid is undertaking under Dublin city that will involve five different transmission cable projects laid under 50km of the city.",Granted,16 June 2022
FOI2022128,Journalist,"19 May 2022 The Italian consultancy report undertaken on the North South Interconnector, which was due to be ready in late February, 2022.",Withdrawn,08 June 2022
FOI2022127,Member of the Public,"18 May 2022 Documents outlining promotional and/or marketing costs and descriptions of promotional and marketing campaigns carried out in relation to the Reduce your Use campaign, launched on April 28th 2022",Part-granted,10 June 2022
FOI2022126,Member of the Public,18 May 2022 All records in respect of the appointment of ELV Environmental Services CLG trading as ELVES as an approved body in respect of the European Union (End of Life Vehicles Regulations) and any renewal of that appointment from time to time.,Part-granted,02 June 2022
FOI2022125,Oireachtas / Public Representative,18 May 2022 Copy of the review that the Minister referenced in this PQ. “Following a review of the scheme a number of changes were announced in February this year including a decision to commence the collection of both pre and post works Building Energy Ratings (BER) under the scheme.”,Granted,17 June 2022
FOI2022124,Journalist,"17 May 2022 Minutes of a meeting on 24 January between Minister Ryan, officials, and EirGrid. Minutes of a meeting on 2 February between Minister Ryan, officials, and CEO of EirGrid. Minutes of a meeting on 14 February between Minister Ryan, officials, and CEO of EirGrid. Minutes of a meeting on 23 February between Minister Ryan, officials, and Orsted.",Refused,13 June 2022
FOI2022123,Journalist,"16 May 2022 Copies of minutes and quarterly progress reports of the Mobile Phone and Broadband Taskforce for 2020, 2021 and 2022 to date The last published information on the Taskforce is here, to 2019 https://www.gov.ie/en/collection/c1f0b-mobile-phone-and-broadband-taskforce-progress reports/",Withdrawn,26 May 2022
FOI2022122,Journalist,"16 May 2022 All internal correspondence between Minister Ryan (including his office and advisers) and any of the following, • Secretary General Mark Griffin • officials at or above the assistant principal officer rank regarding the proposed regulations on smoky fuels between January 1 2022 and the date of this request (correspondence should include, but not be limited to, letters, text messages, WhatsApp messages, briefing documents, memos etc",Part-granted,13 June 2022
FOI2022121,Journalist,13 May 2022 All correspondence between Minister Eamon Ryan and Tánaiste Leo Varadkar regarding the regulations on smoky coals between January 1 2022 and the date of this request. All correspondence between Minister Eamon Ryan and Taoiseach Micheál Martin regarding the regulations on smoky coals between January 1 2022 and the date of this request.,Part-granted,13 June 2022
FOI2022120,Journalist,"11 May 2022 All correspondence sent/received by the Minister for the Environment, Climate and Communications in relation to the National Broadband Plan All correspondence sent/received by the Secretary General of the Department of the Environment, Climate and Communications in relation to the National Broadband Plan. I wish for my request to cover the period from 1/9/2021 to the date of this request.",Refused,14 June 2022
FOI2022119,Journalist,11 May 2022 A copy of all correspondences sent or received by the Minister(s) (or advisors) in relation to Capita Business Support Services Ireland (Eircode) from Sept 1 2021 to present. A copy of all correspondences between the Minister(s) (or advisors) and Capita Business Support Services Ireland (Eircode) from Sept 1 2021 to present. A copy of all complaints received by the Department in relation to Capita Business Support Services Ireland (Eircode) from Sept 1 2021 to present.,Refused,09 June 2022
FOI2022118,Journalist,"10 May 2022 1) Minutes of the meeting between Mr Paul Kenny, Special Adviser (Department of Climate Action, Communication Networks and Transport) and Natasha Mahmoudian from Tesla Motors Ireland Ltd on a date between 1 Sep, 2021 and 31 Dec, 2021. 2) Any internal communications (emails, texts, memos, briefing documents etc.) between Mr Kenny, the Minister and Departmental staff pertaining to the meeting before or after it took place. 3) Any further external communication that took place between Tesla Ireland Inc and Mr Kenny or the Minister subsequent to the meeting.",Granted,23 June 2022
FOI2022117,Journalist,06 May 2022 Please forward in electronic copies the agenda and minutes for the following NBP meetings Governance Working Group 10 Jan 2022 07 Feb 2022 07 Mar 2022 unknown data Apr 2022 Finance Performance Working Group 14 Jan 2022 14 Feb 2022 9 March 2022 unknown data Apr 2022 Subsidy & Approval Working Group 14 Jan 2022 11 Feb 2022 9 March unknown data Apr 2022,Refused,03 June 2022
FOI2022116,Journalist,03 May 2022 All correspondence (including emails) the Environment Minister has received this year in relation to the proposed ban on the sale and supply of turf.,Part-granted,31 May 2022
FOI2022115,Member of the Public,"27 April 2022 Copies and all available records of all Ministerial directions made under Section 122 of the Broadcasting Act 2009 to RTÉ and TG4 between January 2020 and March 2022 regarding the assistance and collaboration of information dissemination (part 2) and the allocation of broadcasting time to a Minister of the Government in the event of a major emergency (part 4). Copies and all available records of all Ministerial directions made under Section 122 of the Broadcasting Act (parts 2 and 4) preceding the Covid-19 crisis, during the period 2000 – 2019 inclusive.",Transferred,28 April 2022
FOI2022114,Journalist,"21 April 2022 Correspondence between (sent and received including attachments) the Minister/Ministers of State in the Department and the Department Secretary General, between 1st April and 22nd April 2022.",Refused,30 June 2022
FOI2022113,Journalist,"21 April 2022 Requesting the release of details regarding expenses incurred by the Minister and Department's Junior Minister(s) during St Patrick's Day programme visits abroad this year, specifically: • The cost of travel and accommodation for the Minister • The cost of travel and accommodation for any advisers or other staff for the Minister • The cost of any gifts (including shamrock) incurred by the Department for the trip • Any other costs associated for the trip • A copy of all receipts associated with the trip",Granted,23 May 2022
FOI2022112,Journalist,22 April 2022 Correspondence between the Chairperson and/or Chief Executive of the National Oil Reserves Agency and the Minister for the Environment between 01/01/2021-20/04/2022’.,Refused,23 May 2022
FOI2022111,Journalist,20 April 2022 Any briefings,emails,notes and/or records relating to Minister Eamon Ryan's meeting with AIB CEO on January 10,2022.,Part-granted,18 May 2022
FOI2022110,Journalist,20 April 2022 Any briefings,emails,notes and/or records relating to Minister Eamon Ryan's meeting 5G performance review on January 17,2022.,Withdrawn,28 April 2022
FOI2022109,Journalist,20 April 2022 Any briefings,emails,notes and/or records relating to Minister Eamon Ryan's meeting with Doyle Shipping Group on January 6,2022.,Transferred,26 April 2022
FOI2022108,Journalist,20 April 2022 Any briefings,emails,notes and/or records relating to Minister Eamon Ryan's meeting with Orsted on February 23,2022.,Granted,16 May 2022
FOI2022107,Journalist,20 April 2022 Any briefings,emails,notes and/or records relating to Minister Eamon Ryan's meeting with Eirgrid on February 11,2022.,Part-granted,19 May 2022
FOI2022106,Journalist,20 April 2022 Any briefings,emails,notes and/or records relating to Minister Eamon Ryan's meeting with Eirgrid on February 2,2022.,Granted,17 May 2022
FOI2022105,Journalist,"20 April 2022 Any emails, notes, memos, briefings and/or records in relation to a meeting held between Irving Oil Whitegate Refinery and Minister for Environment, Climate and Communications Eamon Ryan between 1 January and 30 April this year. https://www.lobbying.ie/return/82114/irving-oil-whitegte-refinery-ireland",Refused,20 May 2022
FOI2022103,Member of the Public,19 April 2022 The SEAI,Midland Warmer Homes and SE Systems in respect of our complaint and allegations Communications with the CEO of the SEAI Mr William Walsh in relation to our case. Any documents received by the Ministers office from the SEAI in relation to our Case The results of any third-party investigations into SE Systems and MWH Any other documents in relation to our case which may help to explain matters,Part-granted,19 May 2022
FOI2022102,Journalist,14 April 2022 Representations made by members of the Oireachtas to the Minister for Environment Eamon Ryan Correspondence sent/received by Minister for Environment Eamon Ryan in relation to the banning of commercial turf selling. I wish for my request to cover the period from 1/3/2022 – 13/4/202,,
FOI2022101,Member of the Public,15 April 2022 1.Records of any companies or individuals which may be planning to invest or build infrastructure or research facilities in the proposed Galway Hydrogen Hub announced by An Taoiseach on 14/04/2022. 2.Records of correspondence between the Department of Climate,Environment and Communications,whether civil servants,advisors or elected representatives,and any company or individual wishing to invest or build infrastructure or research facilities in the proposed Galway Hydrogen Hub announced by An Taoiseach on 14/04/2022.,Part-granted,18 May 2022
FOI2022100,Journalist,15 April 2022 Please send me records of all internal and external communications of all types on the issue of potential restrictions around turf cutting this year (Jan 1,2022 - April 15,2022). I would prefer to receive in a digital format.,Granted,17 May 2022
FOI202299,Business / Interest Group,12 April 2022 All correspondence between Minister Eamon Ryan TD,Minister for the Environment,Climate and Communications and Minister Charlie Mc McConalogue TD,Minister for Agriculture,Food and the Marine concerning Salmon Farming. The correspondence required relates to the period 01 Oct 2021 to 12 April 2022.,Granted,06 May 2022
FOI202298,Member of the Public,12 April 2022 1) A copy of the report titled and all associated maps created during the course of the report. “McCarron Dr. S. (2002). Aggregate Potential Mapping of County Donegal. Geological Survey of Ireland. Report for Donegal County Council.” 2) A copy of the all the methodologies used to compile all the aggregate potential categories/scores e.g. Crushed Rock Aggregate Potential and Lithology Aggregate Potential.,Withdrawn,12 April 2022
FOI202297,Member of the Public,12 April 2022 All records,including any documents or attachments and all minutes of meetings held by the Minister,his office and advisers in relation to the Energy Charter Treaty
