Reference Number,Date Received,Requester,Request Details,Decision Date,Decision
FOI-0002-2022,04/01/2022,Member of the Public,I wish to make a request under the provisions of the Freedom of Information Act 2014 for a copy of the following: • Correspondence received and sent by the Tánaiste in relation to blood donation policies in Ireland between 27 June 2020 and the present date; • All records created by the Tánaiste in relation to blood donation policies in Ireland between 27 June 2020 and the present date. I wish to note that I am not seeking any records relating to legal proceedings against the Government in respect of blood donation policies in Ireland.,08/02/2022,Access Refused Section: 15
FOI-0005-2022,04/01/2022,Journalist,Under the 2014 FOI act I am requesting the following: A copy of any correspondence setting up this meeting with Varadkar Any memos created as a result of the meeting - and any follow up correspondence. https://www.lobbying.ie/return/74072/ibec This correspondence and any memos or follow up correspondence created as a result of the meeting: https://www.lobbying.ie/return/77266/irish-pharmaceutical-healthcare-association,31/01/2022,Access Part-Granted Section: 37
FOI-0006-2022,04/01/2022,Journalist,"I request under the Freedom of Information Act 2014 the following records held by the Department of Enterprise: • All briefing documents prepared for Tánaiste Leo Varadkar in advance of and/or during his visit to Saudi Arabia and Dubai as part an Enterprise Ireland trade mission in November 2021 • Minutes of all meetings attended by the Tánaiste during the trade mission • All correspondence between the Tánaiste and members of the Saudi and/or UAE delegations either before, during or after the trade mission The request should cover the timeframe of November 10, 2021 to December 10, 2021 inclusive.",02/02/2022,"Access Part-Granted Sections: 35, 36 and 37"
FOI-0007-2022,04/01/2022,Journalist,"Under the FOI Act 2014, I am seeking the following: - copies of all correspondence between the Tánaiste and Martin Shanahan of the IDA in the period 1 July 2021 to date of receipt of this request. - copies of the notes or minutes of any meetings held between the Tánaiste and Mr Shanahan during that period. Searches of any mobile phones, relevant private email addresses and/or messaging services should be considered when processing this request.",01/02/2022,Access Granted
FOI-0008-2022,05/01/2022,Journalist,"Under the FOI Act 2014, I am seeking the following: Records pertaining the 30-minute meeting held between Tánaiste Leo Varadkar and Sheryl Sandberg, chief operating officer at Facebook, on Thursday, 30 September at 6:30pm. Records can include parallel communications via text, email and Whatsapp regarding the meeting, as well as pre-briefing notes in anticipation of the meeting and notes taken during the meeting. Searches of any relevant mobile phones, private email addresses and/or messaging services should be considered when processing this request.",08/02/2022,"Access Part-Granted Sections: 35, 36 and 37"
FOI-0010-2022,06/01/2022,Journalist,"Under the Freedom of Information Act 2014, I am seeking the following information: • Copies of any correspondence between the Tanaiste and the Minister for Tourism and Minister of State for Sport in which applications/representations are made for State capital grants for sports clubs, between 1st Dec 2020-1st March 2021",07/02/2022,Access Refused Section: 15
FOI-0011-2022,10/01/2022,Member of the Public,"Under the FOI Act 2014, I am seeking any documentation/records held by the Department in relation to the following: Submissions received by the following interests groups in relation to RemoteWorking/Working From Home: LVA Licensed Vinterns Association, Retail Ireland, IBEC, Retail Excellence Ireland, Restaurants Association of Ireland, Dublin Chamber of Commerce, Dublin Town. Timeframe 01/03/2020 to present date",07/02/2022,Access Part-Granted Section: 37
FOI-0014-2022,18/01/2022,Journalist,I am making this request under the Freedom of Information Act for a list of e-submissions sent to the Tanaiste between 1/11/21 and the date of this request.,15/02/2022,Access Refused Section: 15
FOI-0015-2022,19/01/2022,Journalist,"I wish to make a request for records held by the Department of Enterprise, Trade and Employment under the Freedom of Information Act. The records are: Emails sent by Bolt to Leo Varadkar and the department in relation to the directive of the European Parliament and of the council on improving working conditions in platform work. Details on the communications are further outlined on the lobbying register: https://www.lobbying.ie/return/78370/bolt-itx",16/02/2022,Access Part-Granted Section: 37
FOI-0017-2022,20/01/2022,Journalist,"I wish to make a request for records held by the Department of Enterprise, Trade and Employment under the Freedom of Information Act. The records are: Letter sent by Hume Brophy on behalf of Klarna to the department and minutes of meeting with the department in relation to Klarna's Irish service launch. Details on the letter and meeting are further outlined on the lobbying register: https://www.lobbying.ie/return/78494/hume-brophy",17/02/2022,Access Part-Granted Section: 37
FOI-0018-2022,21/01/2022,Journalist,"I wish to request, under the Freedom of Information Act, access to any correspondence or memos / minutes relating to any meetings between Hume Brophy / Deliveroo and Minister Varadkar and / or a named Special Advisor to the Tánaiste. Details of these contacts are outlined here: https://www.lobbying.ie/return/78518/hume-brophy",23/02/2022,Access Part-Granted Section: 37
FOI-0019-2022,21/01/2022,Journalist,"I wish to make a request for records held by the Department of Enterprise, Trade and Employment under the Freedom of Information Act. The records are: A copy of email and submission sent to the dept. by Ibec relating the EU Data Act and Data Governance Act, as shown here on the lobbying register: https://www.lobbying.ie/return/78091/ibec",15/02/2022,Access Part-Granted Section: 37
FOI-0020-2022,21/01/2022,Journalist,I am making a Freedom of Information request for the following records: • Copies of all correspondence between Department of Enterprise officials and ministers and Starlink/Space X. • Copies of the minutes of all meetings between Department of Enterprise officials and ministers and Starlink/Space X. The time period can be limited to 1/1/2021 to 21/1/2022. The records should include copies of any documents attached or enclosed with the correspondence.,18/02/2022,"Access Part-Granted Sections: 36(1), 37(1) and 40(1)(c)"
FOI-0021-2022,24/01/2022,Journalist,"Under the FOI Act 2014, I am seeking the following: Records concerning a meeting between Damien English, Minister of State for Business, Employment and Retail, and Deliveroo held on 21/10/2021 as indicated by his ministerial diary. Records should include any notes taken during the meeting or briefing notes prepared in advance of the meeting. Searches of any relevant mobile phones, private email addresses and/or messaging services should be considered when processing this request, as should any parallel communications related to the meeting.",09/02/2022,Access Granted
FOI-0022-2022,24/01/2022,Journalist,"Under the FOI Act 2014, I am requesting the release of records relating to Facebook's lobbying of the Tánaiste between 1 September and 31 December 2021, specifically: • Any correspondence sent by Facebook to the Tánaiste's office and any replies from the Tánaiste's office to Facebook • Minutes or notes taken at any meetings attended by Facebook representatives and officials at the department, including the Tánaiste. For guidance, my request refers to - but is not limited to - entries on the Lobbying Register Meta Platforms Ireland Ltd (1 Sep, 2021 to 31 Dec, 2021, Legislation) - Lobbying.ie and Meta Platforms Ireland Ltd (1 Sep, 2021 to 31 Dec, 2021, Public policy or programme) - Lobbying.ie.",21/02/2022,"Access Part-Granted Sections: 35, 36 and 37"
FOI-0023-2022,24/01/2022,Journalist,"Under the FOI Act 2014, I am requesting the release of any minutes or notes taken at a meeting between Dee Forbes of RTÉ and the Tánaiste on 7 December last concerning licence fee reform. For guidance, my request refers to an entry on the Lobbying Register Raidió Teilifís Éireann (1 Sep, 2021 to 31 Dec, 2021, Matters involving public funds) - Lobbying.ie.",23/02/2022,Access Granted
FOI-0024-2022,25/01/2022,Journalist,Under the Freedom of Information Act,I am seeking access to the following records: All emails between the Department and Vodafone relating to the introduction of Apple Private Relay feature,dated between 1st September 2021 and 24th January 2022.,22/02/2022,Access Part-Granted Section: 37
FOI-0025-2022,25/01/2022,Journalist,Under the Freedom of Information Act,I am seeking access to the following records: Minutes of a meeting between Minister Troy and Amazon UK relating to the EU Digital package that took place in late 2021,and any correspondence between the Department and Amazon relating to same dated between 1st September 2021 and 24th January 2022.,18/02/2022,Access Part-Granted Section: 37
FOI-0026-2022,25/01/2022,Journalist,Under the Freedom of Information Act,I am seeking access to the following records: All emails between the Department and Google relating to Ireland's implementation of the EU Copyright Directive,dated between 1st September 2021 and 24th January 2022.,21/02/2022,Access Part-Granted Section: 37
FOI-0027-2022,25/01/2022,Journalist,Under the Freedom of Information Act,I am seeking access to the following records: Minutes and notes of a meeting held in late 2021 between Tánaiste Leo Varadkar and Facebook representatives relating to Ireland's approach to tax-related regulation.,20/02/2022,Access Part-Granted Sections: 35 and 36
FOI-0028-2022,25/01/2022,Journalist,"I wish to make a request for records held by the Department of the Enterprise under the Freedom of Information Act. The records are: Emails sent to Leo Varadkar by Zoom Video Communications about its presence in Ireland in the context of his Department's Remote Working Strategy, as shown here on the lobbying register: https://www.lobbying.ie/return/81402/zoom-video-communications",22/02/2022,Access Part-Granted Section: 37
FOI-0029-2022,25/01/2022,Journalist,"I wish to request, under the Freedom of Information Act, access to all correspondence during 2021 and to date in 2022 between Minister Varadkar or Minister Troy and Amazon. Please also include minutes / records related to any meetings between Amazon and Ministers Varadkar and Troy.",20/02/2022,Access Part-Granted Sections: 36 and 37
FOI-0031-2022,25/01/2022,Journalist,Under the 2014 FOI act I am requesting the following Any correspondence/memos created/minutes of meetings in relation to these lobby returns: https://www.lobbying.ie/return/81464/facebook-ireland-limited https://www.lobbying.ie/return/81461/facebook-ireland-limited https://www.lobbying.ie/return/81454/facebook-ireland-limited,21/02/2022,"Access Part-Granted Sections: 35, 36 and 37"
FOI-0032-2022,25/01/2022,Journalist,"I wish to request, under the Freedom of Information Act, access to correspondence between Facebook and An Tanaiste Leo Varadkar in relation to the online safety and media regulation bill in 2021 as outlined here: https://www.lobbying.ie/return/81454/facebook-ireland-limited",22/02/2022,Access Part-Granted Section: 37
FOI-0033-2022,25/01/2022,Journalist,"I wish to request, under the Freedom of Information Act, access to any notes / records / minutes relating to the meeting between An Tanaiste Leo Varadkar and Facebook in the final quarter of 2021. Details are here: https://www.lobbying.ie/return/81464/facebook-ireland-limited",22/02/2022,Access Part-Granted Sections: 35 and 36
FOI-0034-2022,26/01/2022,Journalist,"I am writing to request access to records held by the Department of Enterprise, Trade and Employment under the Freedom of Information Act, 2014. In accordance with Section 12 of the Freedom of Information Act 2014, I wish to request access to the following records/details: • All correspondence held by the Department (secretary general level and above) in relation to Right to Request Remote Work Bill from 01 January 2021 to current date.",01/03/2022,Access Part-Granted Sections: 29 and 31
FOI-0035-2022,26/01/2022,Journalist,"Under FOI law I would like a copy of all correspondence sent and received between the Department and Sean Fitzpatrick (RIP), the former Anglo banker, in relation to the ODCE investigation into him. I would like this request to cover records sent or received since December 2018. I understand Mr Fitzpatrick wrote to the then minister on December 20, 2018. I would also like any internal memos or emails relating to Mr Fitzpatrick's correspondence.",21/02/2022,Access Part-Granted Sections: 37 and 42
FOI-0036-2022,27/01/2022,Journalist,Under the FOI Act 2014,I am seeking the following: • Any emails,notes,memos,briefings and/or records in relation to a meeting held between Tanaiste Leo Varadkar and Vodafone Ireland in Paddington,London between 1 September and 31st December 2021.,24/02/2022,"Access Part-Granted Sections: 35, 36 and 37"
FOI-0037-2022,27/01/2022,Journalist,Under the FOI Act 2014,I am seeking the following: • Any emails,notes,memos,briefings and/or records in relation to a phone call between Tanaiste Leo Varadkar and Google Ireland on the EU copyright directive between 1 September and 31st December 2021.,24/02/2022,Access Part-Granted Sections: 36 and 37
FOI-0038-2022,27/01/2022,Journalist,Under the FOI Act 2014,I am seeking the following: • Any emails,notes,memos,briefings and/or records in relation to a meeting held between Minister Robert Troy and Google Ireland that discussed the EU Digital package between 1 September and 31st December 2021.,23/02/2022,Access Refused Section: 15
FOI-0039-2022,27/01/2022,Journalist,Under the FOI Act 2014,I am seeking the following: • Any emails,notes,memos,briefings and/or records in relation to a meeting held between Minister Robert Troy and Amazon UK Services that discussed the EU Digital Package between 1 September and 31st December 2021.,24/02/2022,Access Part-Granted Section: 37
FOI-0040-2022,27/01/2022,Journalist,Under the FOI Act 2014,I am seeking the following: • Any emails,notes,memos,briefings and/or records in relation to a meeting between Tanaiste Leo Varadkar and Meta Platforms Ireland on solutions for EU-US data transfers that took place between 1 September and 31st December 2021.,24/02/2022,Access Part-Granted Sections: 35 and 36
FOI-0042-2022,27/01/2022,Journalist,Under the FOI Act 2014,I am seeking the following: • Any emails,notes,memos,briefings and/or records in relation to a meeting between Microsoft Ireland and a named DETE Assistant Secretary that took place between 1 September and 31st December 2021.,09/02/2022,Access Granted
FOI-0043-2022,27/01/2022,Journalist,Under the FOI Act 2014,I am seeking the following: • Any emails,notes,memos,briefings and/or records in relation to several phone calls between Microsoft Ireland and a named Special Advisor to the Tánaiste on the importance of data centres between 1 September and 31st December 2021.,24/02/2022,Access Part-Granted Section: 37
FOI-0044-2022,31/01/2022,Journalist,"Under the freedom of information act, I request the following: - All emails received from the Irish Whiskey Association and the Department of Enterprise, Trade and Employment, including Minister of State Robert Troy, between 1 Sep, 2021 and the date of this FOI - All emails sent from DETE, including Minister of State Robert Troy, to the Irish Whiskey Association between 1 Sep, 2021 and the date of this FOI. - All material produced for and from meetings between the Irish whiskey Association and Minister of State Robert Troy between between 1 Sep, 2021 and the date of this FOI. - All notes taken for and from meetings (including a phone call) between the Irish whiskey Association and Minister of State Robert Troy between between 1 Sep, 2021 and the date of this FOI. - FOI is in relation to this lobbying record - https://www.lobbying.ie/return/78099/ibec",28/02/2022,Access Part-Granted Section: 37
FOI-0045-2022,31/01/2022,Journalist,Under the FOI Act 2014,I am seeking the following: All correspondence between Leo Varadkar and Liquid Gas Ireland from 1 September 2021 and 31 January 2022 in relation to the role of liquid petroleum gas (LPG) and BioLPG in reducing greenhouse gas emissions and contributing to cleaner air in rural Ireland.,28/02/2022,Access Part-Granted Section: 37
FOI-0046-2022,31/01/2022,Journalist,Under the FOI Act 2014,I am seeking the following: - copies of any representations or submissions received by the department with regard to the Right to Request remote working legislation. This request to cover the period 1 July 2021 to date of receipt of the request.,28/02/2022,Access Refused Section: 37
FOI-0047-2022,01/02/2022,Journalist,"Under the FOI Act 2014, I am seeking the following: 1) All departmental correspondence (including emails, letters, memos, notes, research, e-submissions, etc) exchanged internally between officials at or above the Principal Officer grade, up to and including the Tánaiste, regarding the possibility of maintaining Ireland's 12.5% rate of corporation tax for companies with an annual turnover of less than 750 million US dollars (€640 million). 2) All correspondence (sent and received) between the Department of Enterprise, Trade and Employment and the Department of Finance, including the ministers of both departments, regarding the above. 3) All correspondence (sent and received) between the Department of Enterprise, Trade and Employment and the Department of Foreign Affairs, including the ministers of both departments, regarding the above. My request covers the period 1 January 2021 to 31 December 2021.",25/02/2022,Access Refused Section: 15
FOI-0048-2022,01/02/2022,Journalist,Under the Freedom of Information Act 2014 I would like to request all correspondence with Employer & Employee representative groups & Political Parties regarding the Government's Work from Home legislation in the context of the public consultation during 2021 and 2022.,14/03/2022,Access Granted
FOI-0049-2022,03/02/2022,Journalist,I wish to request access to the following records under the Freedom of Information Act: - copies of all SMS messages and texts in other messaging applications relating to a gathering at Iveagh House that took place on June 17,2020 following the UN Security Council election sent and received by Minister Leo Varadkar between December 20,2021 and the present date.,10/03/2022,Access Granted
FOI-0050-2022,07/02/2022,Journalist,In accordance with the Freedom of Information Act 2014,I wish to request access to the following: Copies of written correspondence (letters and emails) between the Office of the Director of Corporate Enforcement/Director of Corporate Enforcement and ministers at the Department of Enterprise,Trade and Employment Leo Varadkar and Robert Troy since July 1st,2020.,07/03/2022,Access Part-Granted Sections: 28 and 35
FOI-0051-2022,09/02/2022,Journalist,I am making a Freedom of Information request for the following records: • Copies of all correspondence between Minister Robert Troy and An Post. The time period can be limited to 1/9/2021 to 9/2/2022. The records should include copies of any documents attached or enclosed with the correspondence.,08/03/2022,Access Part-Granted Section: 37
FOI-0053-2022,17/02/2022,Journalist,"Under the FOI Act, 2014, I wish to request the following records: • A copy of all communications between the Minister/department and stakeholders/venues in relation to new ticket touting laws and/or venues designated or not designated to be protected, covering the period Aug 1 2021 to present. • A copy of all internal department documents between officials and the minister relating to ticket touting laws and/or venues designated or not designated to be protected, covering the period Aug 1 2021 to present. • Any correspondences received by the minister/department offering feedback and/or criticism of ticket touting laws/venues designations covering the period Aug 1 2021 to present.",21/03/2022,Access Part-Granted Section: 37
FOI-0054-2022,16/02/2022,Journalist,"In accordance with the Freedom of Information Act, I request access to the following records which are non-personal and which I believe are held by the Department of Enterprise, Trade and Employment: • A record of the minutes of meetings between Tánaiste Leo Varadkar and Meta Platforms Ireland (Facebook) dated between September 1, 2021 and the date of this request. This should include meetings with Meta head of public policy Dualta Ó Broin and Meta public policy manager Stephanie Anderson, and any other meetings with Meta representatives. The records should include documents shared at the meetings; subsequent correspondence following the meetings between Mr Varadkar’s office and Meta; and, records of meeting notes from meetings between Mr Varadkar and IIP. • A record of briefing documents, including draft briefing documents, prepared for Mr Varadkar ahead of meetings with Meta Platforms Ireland (Facebook) dated between September 1, 2021 and the date of this request. • A record of correspondence between Mr Varadkar and Meta Platforms Ireland (Facebook) dated between September 1, 2021 and the date of this request.",16/03/2022,"Access Part-Granted Sections: 35, 36 and 37"
FOI-0058-2022,22/02/2022,Journalist,"Under the Freedom of Information Act 2014, I am requesting the following: Records relating to a meeting between Leo Varadkar, Tánaiste, and Deliveroo, in November 2021, as indicated by this Lobbying Register entry: https://www.lobbying.ie/return/78518/hume-brophy Records should include any notes taken during the meeting or briefing notes prepared in advance of the meeting. Searches of any relevant mobile phones, private email addresses and/or messaging services should be considered when processing this request, as should any parallel communications related to the meeting.",23/03/2022,Access Part-Granted Section: 37
FOI-0059-2022,22/02/2022,Journalist,"Under the FOI Act 2014 I am requesting the following All correspondence between Tánaiste Leo Varadkar and Phil Hogan between July 1 2020 and September 30 2020 Correspondence to include, but not be limited to, text messages, WhatsApp messages, letters, emails, briefing notes etc etc",24/03/2022,Access Refused Section: 15
FOI-0068-2022,22/02/2022,Journalist,Under the FOI Act 2014,I am seeking the following: • Any emails,notes,memos,briefings and/or records in relation to a meeting with Tanaiste Leo Varadkar,Enterprise Ireland and Tier Mobility on September 8th,2021.,01/04/2022,Access Granted
FOI-0070-2022,22/02/2022,Journalist,Under the FOI Act 2014,I am seeking the following: • Any emails,notes,memos,briefings and/or records in relation to a meeting with Tanaiste Leo Varadkar and Facebook's Sheryl Sandberg on September 30th,2021,23/03/2022,"Access Part-Granted Sections: 35, 36 and 37"
FOI-0072-2022,02/03/2022,Journalist,"Under the FOI Act, 2014, I wish to request the following records: • A copy of all records, minute meetings, memos, subsequent correspondences etc relating to the following lobbying return: https://www.lobbying.ie/return/78419/amazon-uk-services-ltd & https://www.lobbying.ie/return/78420/amazon-uk-services-ltd",31/03/2022,Access Part-Granted Sections: 30 and 37
FOI-0075-2022,08/03/2022,Member of the Public,"Request the following records: Please provide records of communications (email & written correspondence) from the dates of 01st Nov 2019 to 28th February 2022 inclusive, between the World Economic Forum (WEF) and the following Government personnel: - Leo Varadkar The above records are of public interest between our elected representatives in our Government and the un-elected personnel in the WEF. Particular attention is required towards communications involving the handling of the Covid-19 'pandemic'.",01/04/2022,Access Part-Granted Sections: 35 and 37
FOI-0076-2022,09/03/2022,Journalist,"Under the FOI Act 2014, I am seeking the following: - a copy of a submission made by the IDA to the department with regard to the IDA's planned Digital Transformation programme.",08/04/2022,"Access Part-Granted Sections: 29, 32, 35, 36 and 40"
FOI-0077-2022,10/03/2022,Journalist,Under the FOI Act 2014,I am seeking the following: • Any emails,notes,memos,briefings and/or records in relation to a meeting held between Klarna and Minister English on November 3,2021.,01/04/2022,Access Part-Granted Section: 37
FOI-0078-2022,10/03/2022,Member of the Public,Under the Freedom of Information Acts 1997 and 2003,I demand the release of ANY correspondence between your office and the World Economic Forum from 27 June 2020 onward keeping in line with the Statute of Limitations.,01/04/2022,Access Part-Granted Sections: 35 and 37
FOI-0073-2022,07/03/2022,Member of the Public,"Could I please have information on export licenses which have been approved or denied under the following categories: • 4A005: Systems, equipment, and components therefor, specially designed or modified for the generation, command and control, or delivery of intrusion software. • 4D004: Software specially designed or modified for the generation, command and control, or delivery of intrusion software. • 4E001c: Technology for the development of intrusion software. • 5A001f: Mobile telecommunications interception or jamming equipment, and monitoring equipment therefor, as follows, and specially designed components therefor... • 5A001j: Internet Protocol (IP) network communications surveillance systems or equipment, and specially designed components therefor, having all of the following... • 5D001a: Software specially designed or modified for the development, production or use of equipment, functions or features, specified in 5A001f & 5A001j • 5D001e: Software, other than that specified in 5D001.a. or 5D001.c., specially designed or modified for monitoring or analysis by law enforcement, providing all of the following... • 5A004: Systems, equipment and components for defeating, weakening or bypassing information security, as follows... • 6A005g: 'Laser acoustic detection equipment' having all of the following... I would like to know how many license applications have been received per category per year. I would like this information to include details on how many of these license applications were denied or approved, per category, and broken down by the destination of the end user as indicated in the export license. I would like this data to cover the period 1st January 2015 intil today’s date 7 March 2022.",07/04/2022,Access Refused Sections: 35 and 36
FOI-0079-2022,14/03/2022,Journalist,Under the FOI Act 2014,I am seeking the following: - a copy of all invoices/receipts associated with the visit of Minister Robert Troy and delegation to the USA/Canada. - an itinerary for the visit. - a spreadsheet/record/database of all costs incurred on the trip if available.,13/04/2022,Access Part-Granted Section: 37
FOI-0081-2022,16/03/2022,Journalist,"Under the Freedom of Information Act, I am requesting the release of records relating to expenses incurred and gifts received by the Minister and Junior Ministers at the department during their visits abroad for St Patrick's Day this year, specifically: • The cost of travel and accommodation for the minister/junior ministers • The cost of travel and accommodation for any advisers or other staff for the minister/junior ministers • The cost of any gifts (including shamrock) incurred by the department for the trip • Any other costs associated with the trips • Details of any gifts received while the minister/junior ministers were on the trips.",06/05/2022,Access Granted
FOI-0082-2022,24/03/2022,Journalist,"Under the Freedom of Information Act, I am seeking access to the following records: All emails dated March 1 to March 24 between The Department and Aughinish Alumina, RUSAL and EN+ regarding the operation of the AA plant in Co, Limerick following Russia’s invasion of Ukraine and associated sanctions on Russian companies. This should include all correspondence between these entities and officials of Principal Officer grade or higher, as well as any correspondence between these entities and Ministers Varadkar, English and Troy.",25/04/2022,"Access Part-Granted Sections: 35, 36 and 37"
FOI-0086-2022,24/03/2022,Business/Interest Group,"This is a request for access to records which are not personal in accordance with section 12 of the Freedom of Information Act 2014 (“the Act”) on behalf of named client: The records requested are as follows: Correspondence with and submissions made in writing to the Department of Business, Enterprise and Innovation (formerly the Department of Jobs, Enterprise and Employment) by, and written records of meetings with or including representatives of Phonographic Performance Ireland Ltd (now CLG) (otherwise PPI) from 10 December 2019 to date. The areas of the Department most relevant to this request are the Intellectual Property Unit of the Department and the Office of the Controller of Intellectual Property",06/05/2022,Access Part-Granted Section: 37
FOI-0087-2022,05/04/2022,Journalist,I am making a freedom of Information request for the following records Copies of all correspondence on the topic of remote working between Tánaiste Leo Varadkar and businesses; companies; business representative organisations; and unions The time period can be limited to 1/1/2022 to 5/4/2022 The records should include copies of any documents attached or enclosed with the correspondence,06/05/2022,Access Part-Granted Sections: 35 and 37
FOI-0088-2022,20/04/2022,Journalist,Any emails,notes,memos,briefings and/or records in relation to a meeting with Tanaiste Leo Varadkar and Legato Health Technologies on January 24,2022.,20/05/2022,"Access Part-Granted Sections: 35, 36 and 37"
FOI-0090-2022,20/04/2022,Journalist,Under the FOI Act 2014,I am seeking the following: • Any emails,notes,memos,briefings and/or records in relation to a meeting with Tanaiste Leo Varadkar and Dr Val Cummins of Simply Blue Energy on 24 January 2022.,18/05/2022,Access Part-Granted Section: 37
FOI-0057-2022,04/04/2022,Member of the Public,"I would like to submit a revised FOI request, and would like to request access to: 1. Internal correspondence from Ministers, ministerial advisers or senior civil servants relating to the implementation of the Services Directive from 10/11/2010 to 31/07/2011. 2. Documents relating to the practical implementation of the Services Directive, such as changes to administrative practices, consultations with relevant business organisations, and internal evaluations of the implementation process from 01/01/2011 to 31/03/2012",18/05/2022,Access Refused Section: 15
FOI-0091-2022,20/04/2022,Journalist,Under the FOI Act 2014,I am seeking the following: • Any emails,notes,memos,briefings and/or records in relation to a meeting with Tanaiste Leo Varadkar and Servier on February 16th,2022.,19/05/2022,"Access Part-Granted Sections: 35, 36 and 37"
FOI-0092-2022,20/04/2022,Journalist,Under the FOI Act 2014,I am seeking the following: • Any emails,notes,memos,briefings and/or records in relation to a meeting with Tanaiste Leo Varadkar and Aughnish Alumina on March 21,2022,20/05/2022,"Access Part-Granted Sections: 33, 35, 36 and 37"
FOI-0093-2022,20/04/2022,Journalist,Under the FOI Act 2014,I am seeking the following: • Any emails,notes,memos,briefings and/or records in relation to a meeting with Tanaiste Leo Varadkar and Devenish on November 26,2021.,09/05/2022,Access Part-Granted Sections: 33 and 35
FOI-0095-2022,21/04/2022,Journalist,"Under the FOI Act, 2014, I am requesting the release of details regarding expenses incurred by the Minister and Department's Junior Minister(s) during St Patrick's Day programme visits abroad this year, specifically: • The cost of travel and accommodation for the Minister • The cost of travel and accommodation for any advisers or other staff for the Minister • The cost of any gifts (including shamrock) incurred by the Department for the trip • Any other costs associated for the trip • A copy of all receipts associated with the trip When conducting your search and retrieval please consider official information held on non-official systems, emails accounts and devices. For example, WhatsApp groups etc.",26/05/2022,Access Part- Granted Sections: 36 and 37
FOI-0098-2022,22/04/2022,Journalist,"1. Correspondence between (sent and received including attachments) the Minister/Ministers of State in the department and the department secretary general, between 1st April and 22nd April 2022. (I do not have a specific topic of correspondence for this request as I am seeking to find out what discussions are taking place, as such I have kept the timeframe very limited)",23/05/2022,Access Part Granted Section: 28
FOI-0099-2022,25/04/2022,Journalist,Under the FOI Act 2014,I am seeking the following: Any emails,notes,memos,briefings and/or records in relation to a meeting with Tanaiste Leo Varadkar and Paul Plewman of Macquarie on October 18,2021.,17/05/2022,"Access Part-Granted Sections: 35, 36 and 37"
FOI-0103-2022,28/04/2022,Journalist,Under the Freedom of Information Act,I am seeking access to the following records: A copy of minutes of a meeting held between Minister Leo Varadkar and Aughinish Alumina representatives on March 21,2022.,12/05/2022,"Access Refused Sections: 33, 35 and 36"
FOI-0104-2022,28/04/2022,Journalist,Under the Freedom of Information Act,I am seeking access to the following records: A copy of minutes of a meeting held between Minister English and Pfizer representatives on March 2nd,2022.,27/05/2022,Access Part- Granted Section: 36
FOI-0105-2022,09/05/2022,Journalist,Under FOI law I would like copies of all records relating to the department's decision to grant three derogations from the EU's sanctions of Russia to three Russian ships to dock in Ireland with their food and agricultural products. Given money earned by these Russian ships will help fund businesses that are supportive of the Putin regime I believe there is a strong public interest in releasing records showing how such derogations were sought and granted.,07/06/2022,Access Part-Granted Sections: 36 and 37
FOI-0106-2022,16/05/2022,Journalist,"I am requesting documentation under the Freedom of Information Act 2014 which is in the possession of the Department of Enterprise, Trade and Employment a. The final briefings provided to the Tánaiste b. Correspondence to the department from Amazon, Google, Meta, Intel, Apple and Salesforce in relation to the Tánaiste’s April 2022 trade mission to the west coast of the USA.",15/06/2022,"Access Part-Granted Sections: 29, 35, 36 and 37"
FOI-0096-2022,26/04/2022,Journalist,I am applying under the Freedom of Information Act for copies of all correspondence including all electronic correspondence between the Department of Enterprise,Trade and Employment and representatives of UC RUSAL and the Aughinish Alumina plant in Co Limerick since January 1,2022.,08/06/2022,"Access Part-Granted Sections: 33, 35, 36 and 37"
FOI-0107-2022,11/05/2022,Journalist,"Under the FOI Act, 2014, I am requesting the release of details regarding expenses incurred by the Department for ministerial trip to Saudi Arabia last, specifically: • The cost of travel and accommodation for the minister. • The cost of travel and accommodation for any advisers or other staff for the minister. • The cost of any gifts incurred by the department for the trip • Details of any gifts received while the minister was on the trip • Any other costs associated with the trips",09/06/2022,Access Granted
FOI-0109-2022,12/05/2022,Journalist,"In accordance with the Freedom of Information Act, I request access to the following records which are non-personal and which I believe are held by the Department of Enterprise, dated between January 1, 2022 and the date of this request: • A record or correspondence to and from the minister’s office and the Irish Petrol Retailers Association regarding renewable fuels. • A record or correspondence to and from the minister’s office and the Irish Petrol Retailers Association regarding the impact of the war in Ukraine on the industry here. A record of meetings between the minister and the Irish Petrol Retailers Association, including but not limited to memos, meeting minutes, draft meeting minutes, documents prepared for/shared at the meetings, briefing documents and draft briefing documents related to the meetings.",10/06/2022,Access Part-Granted Section: 37
FOI-0111-2022,13/05/2022,Member of the Public,"I wish to request access to the following records under the Freedom of Information Act: - copies of complaints received regarding the use of state symbols by the Oireachtas Golf Society since August 2020 - copies of all records and correspondence relating to those complaints and related actions taken by the department, including correspondence with the Oireachtas Golf Society or its representatives regarding its use of state symbols",10/06/2022,Access Part-Granted Section: 37
FOI-0112-2022,13/05/2022,Journalist,"Under the FOI Act 2014 I am requesting the following • All correspondence between Tánaiste Leo Varadkar and Minister Eamon Ryan regarding the regulations on smoky coals between January 1 2022 and the date of this request • All correspondence between Tánaiste Leo Varadkar and Taoiseach Micheál Martin regarding the regulations on smoky coals between January 1 2022 and the date of this request Correspondence should include, but not be limited to, letters, text messages, WhatsApp messages, briefing documents, memos etc) It should also include correspondence between the Ministers’ offices and advisers",14/06/2022,Access Refused Section: 15
FOI-0114-2022,20/05/2022,Journalist,Under the FOI Act 2014,I am requesting the release of any emails between the Tánaiste and Dublin Zoo as well as any minutes or notes taken at meetings attended by the Tánaiste and Dublin Zoo between January and April this year. My request covers information referred to on the Lobbying Register here.,20/06/2022,Access Part-Granted Section: 37
FOI-0115-2022,23/05/2022,Journalist,Under the FOI Act 2014,I am requesting the release of any correspondence between representatives of Google and the Tánaiste regarding Google's views on Ireland’s National Digital Strategy. My request covers information referred to on the Lobbying Register here.,22/06/2022,Access Part-Granted Section: 37
FOI-0116-2022,23/05/2022,Journalist,Under the FOI Act 2014,I am requesting the release of any correspondence or notes/minutes taken at meetings between representatives of Meta Platforms Ireland (AKA Facebook) and the Tánaiste regarding Facebook’s approach to harmful content on the platform,and its views on online safety issues and the implementation of the revised AVMS Directive. My request covers information referred to on the Lobbying Register here.,21/06/2022,"Access Part-Granted Sections: 35, 36 and 37"
FOI-0117-2022,24/05/2022,Journalist,"I wish to make a request for records held by the Department of Enterprise, Trade and Employment under the Freedom of Information Act. The records are: Emails sent to Robert Troy by the Irish Council for Civil Liberties in relation to the EU AI Act. Between Feb and April 2022. Details further outlined on the lobbying register: https://www.lobbying.ie/return/85575/irish-council-for-civil-liberties",22/06/2022,Access Part-Granted Section: 37
FOI-0119-2022,25/05/2022,Journalist,"I wish to make a request for records held by the Department of Enterprise, Trade and Employment under the Freedom of Information Act. The records are: Email sent by Scale Ireland to the department relating to the Digital Services Act, as referred to on the lobbying register Scale Ireland (1 Jan, 2022 to 30 Apr, 2022, Public policy or programme) - Lobbying.ie",22/06/2022,Access Part-Granted Section: 37
FOI-0121-2022,25/05/2022,Journalist,"I wish to make a request for records held by the Department of Enterprise, Trade and Employment under the Freedom of Information Act. The records are: Email and submission to the department by Ibec in relation to the EU's AI Act, as shown on the lobbying register. https://www.lobbying.ie/return/82359/ibec",21/06/2022,Access Part-Granted Section: 37
FOI-0122-2022,25/05/2022,Journalist,"I wish to request, under the Freedom of Information Act, access to copies of the correspondence between Ed Brophy and a named Special Advisor of the Department referred to in the following lobbying return. https://www.lobbying.ie/return/84544/ed-brophy",20/06/2022,Access Part-Granted Sections: 35 and 37
FOI-0124-2022,27/05/2022,Journalist,"1. Correspondence and submissions made by Peter Vale, Chair of CCAB-I Tax Committee, to the department's Public Consultation on disclosure of income tax by certain undertakings and branches, between 1st January and 30th April, as set out in lobbying return linked below: https://www.lobbying.ie/return/84744/grant-thornton",13/06/2022,Access Refused Section: 15
FOI-0118-2022,30/05/2022,Journalist,"I wish to make a request for records held by the Department of Enterprise, Trade and Employment under the Freedom of Information Act. The records are: Emails sent by Bolt to the department on the EU platform work directive, between Jan 1 2022 and Apr 30 2022, as outlined on the lobbying register. https://www.lobbying.ie/return/85100/bolt-itx",28/06/2022,"Access Part-Granted Sections: 35, 36 and 37"
FOI-0089-2022,03/05/2022,Journalist,Under the FOI Act 2014,I am seeking the following: • Emails between the Department of Enterprise,Trade and Employment and Zoom and any notes,memos,briefings and/or records in relation to a meeting with Tanaiste Leo Varadkar and Zoom's Harry Mosley on 24 January 2022.,01/07/2022,Access Part-Granted Section: 37
FOI-0127-2022,01/06/2022,Journalist,I wish to request,under the Freedom of Information Act,access to all correspondence or minutes of any meetings between Minister Varadkar and Google during 2022.,30/06/2022,Access Part-Granted Section: 37
FOI-0128-2022,01/06/2022,Journalist,I wish to request,under the Freedom of Information Act,access to all correspondence or minutes of any meetings between Minister Varadkar and Facebook during 2022.,30/06/2022,Access Part-Granted Section: 37
FOI-0129-2022,01/06/2022,Journalist,I wish to request,under the Freedom of Information Act,access to all correspondence or minutes of any meetings between Minister Varadkar and Apple during 2022.,30/06/2022,Access Refused Section: 15
FOI-0133-2022,08/06/2022,Journalist,"I’m requesting all records of correspondence between the Department of Trade, Enterprise and Employment, including but not limited to the relevant Minister, and the company, Central Pharma, between March 2017 and the date of acknowledgement of this request. The request is for records to include – but not limited to: internal and external correspondence, minutes of meetings, notes or memos in relation to discussions or telephone calls",06/07/2022,Access Part-Granted Section: 37
FOI-0134-2022,08/06/2022,Journalist,"I’m requesting all records held by the Department of Trade, Enterprise and Employment, including but not limited to the relevant Minister, relating to the development of an advanced technology building in Tralee between 1 January 2021 and the date of acknowledgement of this request. The request is for records to include – but not limited to: internal and external correspondence, minutes of meetings, notes or memos in relation to discussions or telephone calls. I would like to receive the records electronically and preferably in their original formatting. I understand that under the Act, I should be entitled to a response within 20 working days.",07/07/2022,Access Granted
FOI-0135-2022,21/06/2022,Journalist,I am making a Freedom of Information request for the following records: Copies of all correspondence between representatives of Aughinish Alumina and the following individuals: Tánaiste Leo Varadkar; secretary general of the Department; a named special adviser to Mr Varadkar; two named Assistant Secretaries. Copies of the minutes of all meetings involving representatives of Aughinish Alumina and the same individuals. The records released should include - but not be limited to - all items related to this entry in the lobbying register: https://www.lobbying.ie/return/85513/aughinish-alumina-limited The period of time can be limited to 23/2/2022 to 8/6/2022. The records should include copies of any documents attached or enclosed with the correspondence.,19/07/2022,"Access Part-Granted Sections: 33, 35, 36 and 37"
FOI-0136-2022,13/06/2022,Journalist,"Please find below a request under the Freedom of Information Act 2014 for: 1. Correspondence between the Department and other Departments/State Agencies in relation to action 19/9 of Housing for All: All Government Departments will examine their existing portfolio of properties and subject to any obligations under the PSC, the LDA Act 2021 or the State Property Act 1954, will place them on the market if they are not required and may be suitable for conversion to residential accommodation",11/07/2022,Access Part-Granted Section: 37
FOI-0139-2022,15/06/2022,Journalist,"I’d like to request the following information under the Freedom of Information Act: Records, briefing documents and memos held by the Dept of Enterprise, Trade and Employment relating to the impact of sanctions on the operation of Aughinish Alumina plant post Russian invasion of Ukraine, held from February 24 2022 to date. Correspondence held by a) the Tanaiste, b) his special advisors, c) secretary general relating to the impact of sanctions on the operation of Aughinish Alumina plant, held from February 24 2022 to date.",13/07/2022,"Access Part-Granted Sections: 33, 35, 36 and 37"
FOI-0140-2022,20/06/2022,Journalist,"A request under the Freedom of Information Act 2014 for: 1. Correspondence with external bodies (eg, State agencies, private sector entities, other stakeholders, govt departments) regarding Platinum Services at Dublin Airport 2. During May and June 2022",18/07/2022,Access Part-Granted Section: 37
FOI-0141-2022,20/06/2022,Member of the Public,"I wish to make a request for records held by the Department of Enterprise, Trade and Employment under the Freedom of Information Act. The records are: 1) Operational Guidance related to processing of Employment Permit of all types such as GEP & CSEP (Detailed guidance, if applicable) 2) Internal Procedure in place in processing of Employment Permit applications 3) Stamp 4 Support Letter procedures, if applicable please",18/07/2022,Access Part-Granted Sections: 35 and 37
FOI-0143-2022,21/06/2022,Journalist,"Under the FOI Act 2014, I am requesting the release of all records created relating to a visit by the Tánaiste to Meta/Facebook's headquarters in Menlo Park as part of an IDA Ireland/Enterprise Ireland trade mission earlier this year, specifically: • Any correspondence between officials at the department/Tánaiste's office and IDA Ireland/Enterprise Ireland about the visit; • Any correspondence between the Tánaiste's office and Meta/Facebook about the visit; • Any notes, minutes or other records taken of meetings held with Facebook/Meta representatives at Menlo Park.",19/07/2022,"Access Part-Granted Sections: 35, 36 and 37"
FOI-0144-2022,21/06/2022,Journalist,"I am requesting documentation under the Freedom of Information Act 2014 which is in the possession of the Department of Enterprise, Trade and Employment. The period I am interested in is 1st January to 30th April 2022. I am seeking copies of all records relating to a meeting between representatives of Meta Platforms Ireland/Facebook and the Minister and other government officials relating to the Online Safety and Media Regulation Bill, as outlined in this return: https://www.lobbying.ie/return/85618/meta-platforms-ireland-ltd",19/07/2022,"Access Part-Granted Sections: 35, 36 and 37"
FOI-0145-2022,22/06/2022,Member of the Public,"I am submitting an FOI under the ACt for all records in relation to Minister Leo Varadkar and his Minister sof State, Deputies Damien English and Robert Troy, and the department discussuing or considering a petition placed on the petition site 'change.org 'in November 2020 and which petition contained a link to a full letter, on the site GCN.ie, with a list of signatories to the letter, and which letter included a call to media, and politicians to  no longer provide legitimate political representation for those that share bigoted beliefs and whose signatories included the National Women's Council of Ireland, Transgender Equality Network Ireland, BeLongTo and Amnesty Ireland - see full list below together with a link to the GCN.ie site* For the convenience of the department I am showing below copy of the full text of the letter on the GCN.ie site and I have highlighted in black bold the section referring to legitimate political representation and bigoted beliefs. Given that the right to political representation is a constitutional and human right and, given the significant role the tax funded organisations NWCI. TENI and BeLongTo play in Irish life, including appearing before Oireachtas Committees, and the influence they bring to bear on the Government and State organisations policies, the public will have a legitimate expectation that should an extraordinary demand to withdraw political representation from any group of citizens will have been the subject of considerable attention from Minister Varadkar and the department. Text of Letter on the site GCN.ie :",18/07/2022,Access Refused Section: 15
FOI-0147-2022,01/07/2022,Member of the Public,"Under the FOI Act, I am seeking any documentation/records held by the Department in relation to the following: Submissions received by the following interest groups, in relation to the impact of reduced footfall due to Covid-19 and Remote Working/Working From Home on retail: Retail Ireland, IBEC, Retail Excellence Ireland, Dublin Town/We Are Dublin Town/ Dublin BID (Business Improvement District)/ Dublin City BID (Business Improvement District). Timeframe 01/03/2020 to present date",18/07/2022,Access Part-Granted Sections: 15 and 37
FOI-0148-2022,29/06/2022,Journalist,Under the FOI Act 2014,I am seeking the following: - copies of any correspondence or representations received by the department with regard to comments made by the Tánaiste about a public order incident involving Deputy Pearse Doherty. - copies of any records held by the department referring or relating to the above comments made by the Tánaiste. Searches of any mobile phones,relevant private email addresses and/or messaging services should be considered when processing this request,28/07/2022,Access Part-Granted Section: 37
FOI-0149-2022,30/06/2022,Business/Interest Group,"In accordance with section 12 of the Freedom of Information Act 2014, I wish to request access to the following records that I believe to be held by your organization. I would like to receive all correspondence, briefing documents, draft briefing documents, memos, meeting notes and other records associated with the following lobbying activities and meetings on the subject of ‘Proposed COVID-19 Trips waiver’ by Pfizer: https://www.lobbying.ie/return/84226/pfizer",28/07/2022,Access Part-Granted Sections: 36 and 37
FOI-0150-2022,30/06/2022,Journalist,"I wish to request the following under the Freedom of Information Act 2014: In relation to travel undertaken by the Tánaiste and Ministers of State Troy and English as part of the 2022 St Patrick’s Day Programme to Rebuild Connections, I would like to receive: • The names of people who accompanied the Tánaiste and Ministers on their respective trips and their job titles or relationship to the Tánaiste and Ministers. • The schedule of flights undertaken by the above people as part of their respective trips, including flights to and from Ireland, connecting flights and the names of airports where departures and arrivals took place. Also, please include whether the flights were economy class, business class, first class or other and the name of the airline used for each flight. • The Tánaiste and Ministers’ itinerary for their respective trips. • A breakdown of expenses accrued and paid by Government for the trips, including flights, accommodation, subsistence, gifts, PCR testing, taxis/public transport, etc.",28/07/2022,Access Part-Granted Sections: 36 and 37
FOI-0152-2022,11/07/2022,Journalist,"Under the Freedom of Information Act, I am seeking access to the following records – A copy of all emails between the Department and Uber, dated between January 1st 2022 and July 10th 2022. A copy of all emails between the Department and Lyft, dated between January 1st 2022 and July 10th 2022.",03/08/2022,Access Part-Granted Section: 37
FOI-0156-2022,26/07/2022,Journalist,"In accordance with section 12 of the Freedom of Information Act 2014, I wish to request access to the following records/details: • Documents created (including slide decks sent to IDA Ireland) by the Department of Enterprise, Trade and Employment in furtherance of Action 23.6 of Housing for All.",23/08/2022,Access Granted
FOI-0159-2022,25/07/2022,Journalist,I would like to request under the Irish Freedom of Information Act all documents concerning the EU-Israel Association Agreement Sub-committee on Industry,Trade and Services meeting of December 6-7,2021. This is meant to include meeting minutes,the agenda and other documents related to the meeting.,03/08/2022,Access Refused Section: 33
FOI-0160-2022,26/07/2022,Journalist,"I am writing to request access to records held by the department under the Freedom of Information Act, 2014. In accordance with section 12 of the Freedom of Information Act 2014, I wish to request access to the following records/details: • Any internal briefings in 2022 on Limited Partnerships amid ongoing reports that they are being used to launder or hide money illicitly.",22/08/2022,Access Part-Granted Section: 37
FOI-0161-2022,27/07/2022,Business/Interest Group,"In accordance with section 12 of the Freedom of Information Act 2014, I wish to request access to the following records that I believe to be held by your organization. I would like to receive all correspondence, briefing documents, draft briefing documents, memos, meeting notes and other records associated with the following lobbying activities and meetings by the Irish Pharmaceutical Healthcare Association: https://www.lobbying.ie/return/77266/irish-pharmaceutical-healthcare-association",22/08/2022,Access Part-Granted Section: 37
FOI-0163-2022,02/08/2022,Journalist,Under the FOI Act 2014,I am seeking the following: • Any emails,notes,memos,briefings and/or records in relation to a meeting held between Microsoft and Minister English on April 29th of this year.,30/08/2022,Access Part-Granted Section: 37
FOI-0164-2022,02/08/2022,Journalist,Under the FOI Act 2014,I am seeking the following: • Any emails,notes,memos,briefings and/or records in relation to a meeting held between flour millers and Minister English on May 10th of this year.,26/08/2022,Access Part-Granted Sections: 36 and 37
FOI-0168-2022,08/08/2022,Journalist,Under the FOI Act 2014,I am requesting the release of invoices for accommodation and transport costs for the Tánaiste,his private secretary and an advisor for the Tánaiste's trip abroad for St Patrick's Day this year.,05/09/2022,Access Part-Granted Sections: 36 and 37
FOI-0169-2022,09/08/2022,Journalist,"Under the FOI act I have the following requests (1) Communications (emails, texts, whatsapps) internal and external about or from the company Altada between April 2022 and August 9th 2022 (2) Meeting minutes for the Enterprise Digital Advisory Forum since it was started in October 2021.",09/09/2022,Access Part-Granted Sections: 36 and 37
FOI-0171-2022,09/08/2022,Journalist,"Please find below a request under the Freedom of Information Act 2014 for: 1. Correspondence with New Fortress Energy or its subsidiaries regarding the Shannon LNG project 2. To/from the Ministers office or at official level, to a/sec and above",06/09/2022,Access Part-Granted Section: 37
FOI-0172-2022,16/08/2022,Member of the Public,"I'd like to make a request under the FOI act for the below materials. Records of all correspondence with Microsoft and any documents shared, minutes or reports generated from the meeting referred to here: Lobbying.ie references: https://www.lobbying.ie/return/84162/microsoft-ireland-operations-ltd The records should include but not be limited to any e-mails, and any attachments therein, and mobile phone text messages including any messages via Whatsapp.",13/09/2022,"Access Part-Granted Sections: 35, 36 and 37"
FOI-0173-2022,11/08/2022,Journalist,Under the FOI Act can I please request: All correspondence between ministers in the department and The Irish Institutional property group,the Construction Industry Federation,Property Industry Ireland or those representing those groups from January 1 2022 until now. All correspondence between special advisers and staff in the department and these groups or those representing those groups from January 1 2022 until now.,08/09/2022,"Access Part-Granted Sections: 35, 36 and 37"
FOI-0175-2022,11/08/2022,Journalist,"In accordance with section 12 of the Freedom of Information Act 2014, I wish to request access to the following records/details: • All correspondence between the Department of Enterprise, Trade and Employment and Amazon between January 1st, 2022, and August 11th.",08/09/2022,Access Part-Granted Sections: 36 and 37
FOI-0176-2022,11/08/2022,Journalist,"In accordance with section 12 of the Freedom of Information Act 2014, I wish to request access to the following records/details: • All correspondence between the Department of Enterprise, Trade and Employment and TikTok between January 1st, 2022, and August 11th.",25/08/2022,Access Refused Section: 15
FOI-0177-2022,11/08/2022,Member of the Public,"I am submitting an FOI under the Act for copies of any communications between Minister Leo Varadkar and 1. the Sports Council or Sport Ireland 2. Minister Catherine Martin and Minister for State Jack Chamber at the Department of Tourism, Culture, Art, Gaeltacht and Sport in relation to the participation of transperson in sport and in relation to the rights of women to compete exclusively against other women as a distinct and unique sex category.",31/08/2022,Access Refused Section: 15
FOI-0178-2022,12/08/2022,Member of the Public,I am submitting an FOI request under the Act for records 1. recording discussions by Minister ( Doctor )Leo Varadkar of the Health and Safety aspects where born male persons ( transwomen) participating in close contact sports with women or teenage girls particularly bearing in mind the significant differences in size and weight between average male born persons and female born persons and particularly bearing in mind Dr Varadkars specialist knowledge of anatomy and biology as a medical doctor. 2. Any records recording discussions by Minister ( Doctor ) Leo Varadkar of female persons ( transwomen) participating in close contact sports with males or with women and copies of any statements issued by Minister Varadkar in relation to transmen in sport.,31/08/2022,Access Refused Section: 15
FOI-0182-2022,22/08/2022,Journalist,"I would like to make two requests under the Freedom of Information Act. • All emails, notes, memo, letters, texts and WhatsApps exchanged between the Tanaiste, Secretary General and Assistant Secretaries of the Department of Enterprise, Trade and Employment and the IDA regarding the Government’s Statement on the role of Data Centres in Ireland Enterprise Strategy (published July 2022). I would like both FOI requests to cover the period from January 1 2022 to the present day.",19/09/2022,Access Part-Granted Sections: 29 and 37
FOI-0174-2022,25/08/2022,Member of the Public,I wish to make the request under the terms of the 2014 Freedom of Information Act. Please provide copies of all records between Department officials and the Office of An Tánaiste and Minister for Enterprise Trade and Employment relating to how the decision was made to designate Drogheda Urban LEA as a “strategic exclusion'' for the draft submission to the EU Commission for the Regional Aid Map for Ireland 2022 to 2027.,20/10/2022,"Access Part-Granted Sections: 28, 36 and 37"
FOI-0181-2022,19/08/2022,Journalist,"I would like to make two requests under the Freedom of Information Act. • All the emails, notes, memo, letters, texts and WhatsApps exchanged between the Department of Enterprise, Trade and Employment and the IDA regarding proposals by Commission of Regulation of Utilities to charge large electricity users additional tariffs. I would like both FOI requests to cover the period from January 1 2022 to the present day.",05/10/2022,Access Part-Granted Section: 37
FOI-0185-2022,19/09/2022,Journalist,"Correspondence between the Tánaiste and Secretary General for the Department of Enterprise, Trade and Employment, and with the following bodies regarding the issue of energy costs for business: Commission for Regulation of Utilities, Eirgrid, Ibec, ISME, Small Firms Association, American Chamber of Commerce, IDA Ireland during 2022.",17/10/2022,Access Part-Granted Sections: 28 and 37
FOI-0186-2022,31/08/2022,Journalist,"Under the FOI Act 2014, I am seeking the following: - copies of any correspondence or representations received by the Ministers and Secretary General’s offices and the Department’s info@enterprise.gov.ie mailbox with regard to the controversy that led to the resignation of MoS Robert Troy. This request to cover the period 1 Aug 2022 to date of receipt.",29/09/2022,Access Part-Granted Section: 37
FOI-0187-2022,31/08/2022,Member of the Public,I would like to request the following records under the freedom of information act 2014 in electronic format: - all correspondence sent and received by the Tanaiste in the two weeks prior to and after the EU-AU summit and in the two weeks prior to and after the WTO TRIPS Council meeting in June relating to the proposed TRIPS Waiver on Covid-19 vaccines.,27/09/2022,Access Part-Granted Section: 37
FOI-0188-2022,09/09/2022,Journalist,Under the FOI Act 2014,I am seeking the following: • Any emails,notes,memos,briefings and/or records in relation to a meeting held between Leo Varadkar and New Fortress Energy in June.,07/10/2022,Access Part-Granted Sections: 35 and 37
FOI-0194-2022,15/09/2022,Journalist,"In accordance with section 12 of the Freedom of Information Act 2014, I wish to request access to the following records/details: • All correspondence between the Tánaiste, Secretary General and Assistant Secretaries of the Department of Enterprise, Trade and Employment and IDA Ireland relating to data centres between January 1st, 2022, and September 9th",13/10/2022,Access Part-Granted Sections: 29 and 36
FOI-0198-2022,13/09/2022,Journalist,"I wish to request, under the Freedom of Information Act, access to copies of correspondence between Buymie and Minister English in relation to the impact of presumption of employment provisions contained in the EU directive on platforms operating in Ireland. The correspondence was sent during 2022. I also wish to request, under FoI, any minutes / records / correspondence relating to the subsequent meeting between Buymie and Minister English in 2022.",11/10/2022,Access Part-Granted Sections: 35 and 37
FOI-0199-2022,16/09/2022,Journalist,In accordance with section 12 of the Freedom of Information Act 2014,I wish to request access to the following records/details: The Department of Enterprise,Trade and Employment’s submission to the Commission for Regulation of Utilities as part of its consultation on National Energy Security Framework Response Proposals.,17/10/2022,Access Granted
FOI-0200-2022,16/09/2022,Journalist,Under the FOI Act 2014,I am seeking the following: - copies of any representations,submissions,received by the department with regard to the SARP scheme. - copies of any correspondence sent by the department to the IDA,EI,Revenue,or the Dept of Finance with regard to SARP. - copies of any briefings,memos,submissions,reports,or other such high-level records created for the minister or Sec Gen with regard to SARP. All parts of this request to cover the calendar year 2022 only.,14/10/2022,Access Granted
FOI-0201-2022,16/09/2022,Journalist,"I wish to make a request for records held by the Department of Enterprise, Trade and Employment under the Freedom of Information Act. The records are: Meeting minutes and briefing notes from meeting between Minister English and NCBI on the matter of digital accessibility, as outlined on the lobbying register https://www.lobbying.ie/return/87934/ncbi",13/10/2022,Access Refused Section: 15
FOI-0202-2022,20/09/2022,Journalist,"I wish to make a request for records held by the Department of Enterprise, Trade and Employment under the Freedom of Information Act. The records are: Letter sent to Minister English by Deliveroo and minutes of meeting between the Minister and the company, regarding the EU platform work directive, as outlined on the lobbying register https://www.lobbying.ie/return/87414/deliveroo-roofoods-ltd",18/10/2022,Access Part-Granted Section: 37
FOI-0203-2022,21/09/2022,Journalist,"I request under the Freedom of Information Act 2014, the following records held by the Department of Enterprise: • All minutes of meetings of the Business Energy Users sub-group • All briefing documents prepared for Tánaiste Leo Varadkar for same • All correspondence between the department and the other members of the sub-group in relation to the business of the sub-group • All presentations or other documentation presented at the meetings of the sub-group",19/10/2022,Access Part-Granted Section: 37
FOI-0205-2022,22/09/2022,Journalist,"I wish to make a request for records held by the Department of Enterprise, Trade and Employment under the Freedom of Information Act. The records are: Email sent to the department by Chambers Ireland in relation to the acceleration of digitalisation of trade documentation, as outlined on the lobbying register https://www.lobbying.ie/return/83535/chambers-ireland",05/10/2022,Access Part-Granted Section: 37
FOI-0206-2022,22/09/2022,Journalist,In accordance with section 12 of the Freedom of Information Act 2014,I wish to request access to the following records/details: Any notes/briefing materials arising from TikTok's meeting with a named Staff Member from DETE in July. Any other correspondence between TikTok and this named Staff Member or Leo Varadkar relating to data centres since July 1.,20/10/2022,Access Part-Granted Section: 37
FOI-0207-2022,22/09/2022,Journalist,"In accordance with section 12 of the Freedom of Information Act 2014, I wish to request access to the following records/details: • Any notes/briefing materials/correspondence from Meta's meeting with Leo Varadkar per lobbying register • Any other correspondence between Meta and Leo Varadkar or DETE’s Secretary General relating to data protection and data transfers from the EU to the US, between July 1 and today. • Any emails or text messages between Leo Varadkar and IDA Ireland relating to the meeting or to Meta’s lobbying on data transfers.",20/10/2022,"Access Part-Granted Sections: 35, 36 and 37"
FOI-0208-2022,22/09/2022,Journalist,In accordance with section 12 of the Freedom of Information Act 2014,I wish to request access to the following records/details: • Any notes/briefing materials/minutes,per the lobbying register,from Intel’s meeting with DETE’s Secretary General.,20/10/2022,Access Granted
FOI-0209-2022,22/09/2022,Journalist,I wish to request,under the Freedom of Information Act,access to all correspondence between Deliveroo and Ministers Varadkar and English during 2022 in relation to the employment provisions contained in the EU Platform Work directive. If there were meetings with Deliveroo in relation to the EU Platform Work directive,please provide minutes / memos relating to the meeting.,20/10/2022,Access Part-Granted Sections: 36 and 37
FOI-0210-2022,22/09/2022,Journalist,"I wish to request, under the Freedom of Information Act, access to correspondence / minutes of meetings between Susan Moss of TikTok and a named DETE Staff Member during 2022. Some detail on their contacts are provided here: https://www.lobbying.ie/return/87408/tiktok",20/10/2022,Access Part-Granted Section: 37
FOI-0211-2022,22/09/2022,Journalist,Under the FOI Act 2014,I am requesting the release of any correspondence sent to the Tánaiste or his office from Facebook/Meta Platforms Ireland between 1 May and 31 August of this year,any minutes or notes taken at any meetings between the Tánaiste and representatives of Meta during the same time-frame,and any memos or briefings prepared for the Tánaiste in advance of those meetings. My request refers but should not be limited to entries on the Lobbying Register here,20/10/2022,"Access Part-Granted Sections: 35, 36 and 37"
FOI-0212-2022,22/09/2022,Journalist,Under the FOI Act 2014,I am requesting the release of any correspondence sent to a named DETE Staff Member from TikTok between 1 May and 31 August of this year,any minutes or notes taken at any meetings between this named Staff Member and representatives of TikTok during the same time-frame,and any memos or briefings prepared for this Staff Member in advance of those meetings. My request refers but should not be limited to this entry on the Lobbying Register.,20/10/2022,Access Part-Granted Section: 37
FOI-0214-2022,19/09/2022,Member of the Public,"I am writing to the Department of Enterprise, Trade and Employment seeking information under the Freedom of Information Act 2014. I am happy to receive the information by email, CD-rom or whichever format is easiest for you to process. There is no requirement to photocopy records in order to post them. The records I am seeking are in relation to setting an upper age limit for the Early Childhood Care and Education Programme (ECCE) and the basis for that upper age limit. This request includes, but is not limited to, records of decisions and consultations, all minutes of meetings, emails and other correspondence involving the relevant Minister(s) or senior officials, the relevant government department(s) or other State agencies or bodies, notes in any format, and research papers around the setting of the upper age limit and the basis for that age limit. I note that your body partook in the inter-departmental group, the report from which (Report of Inter-Departmental Working Group: Future Investment in Childcare in Ireland) has been used as the basis for the upper age limit (see page 12 - “This is subject to an outside parameter of a child starting school no later than 5 years and 6 months.”) I am further requesting the submissions, underlying data, research papers and other relevant documents held by, sent by or received by your Department in relation to setting the parameter of 5 years 6 months in this report or otherwise.",14/10/2022,Access Refused Section: 15
FOI-0219-2022,28/09/2022,Journalist,"Under the 2014 FOI act I am requesting the following. Any correspondence in the run up to this meeting Any minutes, memos created as a result of this meeting. Any correspondence created in the two weeks after the meeting by the named individuals. https://www.lobbying.ie/return/87408/tiktok",20/10/2022,Access Part-Granted Section: 37
FOI-0213-2022,23/09/2022,Journalist,Under the 2014 FOI request I am looking for the following documents. Any correspondence received by Leo Varadkar,his adviser or the sec gen after September 14 to present in relation to his comments saying that the commission on taxation and welfare were sinn fein like proposals. Any responses by the above to said individuals.,21/10/2022,Access Refused Section: 15
FOI-0215-2022,26/09/2022,Journalist,I wish to make a request for records held by the Department of Enterprise,Trade and Employment under the Freedom of Information Act. The records are: Minutes of meeting between Leo Varadkar and Tralee Chamber Alliance,held on Sep 16th 2022,relating to IDA investment.,24/10/2022,Access Refused Section: 15
FOI-0216-2022,27/09/2022,Journalist,"1. Minutes of meetings between Meta and Tánaiste Leo Varadkar, between 1st May and 27th September 2022. 2. Internal department briefing prepared for a meeting between Meta and Tánaiste Leo Varadkar between 1st May and 27th September 2022. 3. Correspondence between TikTok and Tánaiste Leo Varadkar, between 1st May and 27th September 2022. https://www.lobbying.ie/return/89751/meta-platforms-ireland-ltd",25/10/2022,"Access Part-Granted Sections: 35, 36, 37 and 40"
FOI-0217-2022,28/09/2022,Journalist,"Under the 2014 FOI act I am requesting the following: Any minutes of the meeting, memos created before or after the meeting and any correspondence setting up the meeting and subsequent to the meeting noted here: https://www.lobbying.ie/return/89751/meta-platforms-ireland-ltd",26/10/2022,"Access Part-Granted Sections: 35, 36 and 37"
FOI-0218-2022,12/10/2022,Journalist,Under the 2014 FOI act I am requesting the following: Any correspondence generated by the named civil servant in this lobbying return in relation to the phone calls noted here. https://www.lobbying.ie/return/89471/microsoft-ireland-operations-ltd,08/11/2022,Access Granted
FOI-0220-2022,28/09/2022,Journalist,"I wish to make the following request under the Freedom of Information Act: Access to all records relating to the meeting with Microsoft Ireland outlined in this lobbying return: Microsoft Ireland Operations Ltd (1 May, 2022 to 31 Aug, 2022, Public policy or programme) - Lobbying.ie I wish to cover the period 1 May 2022 to 28 September 2022.",27/10/2022,Access Granted
FOI-0221-2022,28/09/2022,Journalist,"I wish to make the following request under the Freedom of Information Act: Access to all records relating to the meeting with Microsoft Ireland outlined in this lobbying return: Microsoft Ireland Operations Ltd (1 May, 2022 to 31 Aug, 2022, Public policy or programme) - Lobbying.ie I wish to cover the period 1 May 2022 to 28 September 2022.",26/10/2022,Access Granted
FOI-0222-2022,28/09/2022,Journalist,"I wish to make the following request under the Freedom of Information Act: Access to all records relating to the meeting with Intel Ireland outlined in this lobbying return: Intel Ireland Limited (1 May, 2022 to 31 Aug, 2022, Public policy or programme) - Lobbying.ie I wish to cover the period 1 May 2022 to 28 September 2022.",26/10/2022,Access Granted
FOI-0223-2022,28/09/2022,Journalist,"I wish to make the following request under the Freedom of Information Act: Access to all records relating to the meeting with Apple outlined in this lobbying return: Apple Distribution International Ltd. (1 Jan, 2022 to 30 Apr, 2022, Legislation) - Lobbying.ie I wish to cover the period 1 January 2022 to 28 September 2022.",21/10/2022,Access Part-Granted Sections: 36 and 37
FOI-0224-2022,28/09/2022,Journalist,"I wish to make the following request under the Freedom of Information Act: Access to all records relating to the meeting with Deliveroo outlined in this lobbying return: Deliveroo (Roofoods Ltd) (1 May, 2022 to 31 Aug, 2022, Legislation) - Lobbying.ie I wish to cover the period 1 May 2022 to 28 September 2022.",26/10/2022,Access Part-Granted Sections: 35 and 37
FOI-0225-2022,28/09/2022,Journalist,"I wish to make the following request under the Freedom of Information Act: Access to all records relating to the meeting with Meta outlined in this lobbying return: Meta Platforms Ireland Ltd (1 May, 2022 to 31 Aug, 2022, Legislation) - Lobbying.ie I wish to cover the period 1 May 2022 to 28 September 2022.",26/10/2022,"Access Part-Granted Sections: 35, 36 and 37"
FOI-0226-2022,28/09/2022,Journalist,Please find below a request under the Freedom of Information Act 2014 for: 1. Correspondence from the Department or officials relating to access to a establishment called Berghain during a trip taken by the Tánaiste to Berlin in August.,26/10/2022,Access Refused Section: 15
FOI-0227-2022,28/09/2022,Journalist,"Under the FOI Act 2014, I am seeking the following: Correspondence and/or memos within the Department and/or between the Department and other Government Departments and/or between the Department and the European Commission relating to SI 709/2003 and/or SI 672/2019 and affording fishers the right to bring complaints under these statutory instruments to the Workplace Relations Commission from 01 May 2019 to the date of this request.",27/10/2022,Access Part-Granted Sections: 31 and 37
FOI-0228-2022,03/10/2022,Member of the Oireachtas/Public Representative,Under the Freedom of Information Act 2014 I would like to request all records correspondence reports and meeting minutes held by the Tánaiste Secretary General and Assistant Secretaries of the Department of Enterprise Trade and Employment in relation to the CRU’s Electricity Network Tariffs 2022/23 – National Energy Security Framework Response Proposals.,14/11/2022,Access Part-Granted Sections: 29 and 37
FOI-0229-2022,07/10/2022,Journalist,In accordance with the Freedom of Information Act I wish to request access to the following information that I believe to be held by your organisation: Please send screengrabs of all WhatsApp messages in relation to budget announcements as part of government business excluding administrative messages sent to and from your Minister's work phone between 10am and 1pm on September 27 2022.,11/11/2022,Access Refused Section: 15
FOI-0230-2022,29/09/2022,Journalist,"Under the FOI Act 2014, I am seeking the following: Minutes of meetings and follow-up correspondence and/or memos between representative bodies, including but not limited to KFO, IFPO, ITF, ISEFPO, IS&WFPO and the Department in relation to the the Atypical Working Scheme for non-EEA Crew in the Irish Fishing Fleet between 01 January 2022 to 30 April 2022.",27/10/2022,Access Part-Granted Sections: 36 and 37
FOI-0231-2022,29/09/2022,Member of the Public,"I am submitting an FOI requests for all records which Minister Varadkar and his department holds or, if he and the department doesn't hold such records,has references for such records, which outline each of the genders which he considers to exist and provide an outline of each gender and records providing an authoritative source for for the existence of any gender other than male or female. RTE News has reported Minister Varadkar as replying to Deputy Nessa Hourigan that there should be a third option in relation to a question about genders on the Census Form. https://www.rte.ie/news/2022/0929/1326038-gender-pay-gap/",27/10/2022,Access Refused Section: 15
FOI-0232-2022,29/09/2022,Member of the Oireachtas/Public Representative,I would like to make a request under the Freedom of Information Act 2014 to have access to all of submissions made to the Low Pay Commission this year in relation to the Commission’s review on the minimum wage.,27/10/2022,Access Part-Granted Section: 37
FOI-0233-2022,29/09/2022,Journalist,"Under the FOI Act 2014, I am seeking the following: - a copy of any records held by the Tánaiste or any of his advisers with regard to comments made by Mr Varadkar about the Commission on Taxation and Welfare. - copies of any representations, complaints, or other correspondence received by the department with regard to Mr Varadkar's comments about the Commission.",27/10/2022,Access Refused Section: 15
FOI-0234-2022,30/09/2022,Member of the Public,"Under the FOI Act 2014, I would like to request access to the following: Receipts and expenses claims of Minister English relating to their trip to Sweden earlier this year, Receipts and expenses claims of any support staff who accompanied the Minister on the trip.",20/10/2022,Access Part-Granted Section: 36
FOI-0235-2022,30/09/2022,Journalist,"Please find below a request under the Freedom of Information Act 2014 for: 1. Briefing materials sent by the Department of Finance to the Minister/Minister's office regarding the levy on concrete blocks 2. In July, August and September 2022.",28/10/2022,Access Refused Section: 15
FOI-0236-2022,22/09/2022,Journalist,Under the FOI Act 2014,I am requesting the release of any correspondence sent to the Tánaiste or his office from Facebook/Meta Platforms Ireland between 1 May and 31 August of this year,any minutes or notes taken at any meetings between the Tánaiste and representatives of Meta during the same time-frame,and any memos or briefings prepared for the Tánaiste in advance of those meetings. My request refers but should not be limited to entries on the Lobbying Register here.,18/10/2022,Access Part-Granted Section: 37
FOI-0237-2022,28/09/2022,Journalist,"Under the 2014 FOI act I am requesting the following: Any minutes of the meetings, memos created before or after the meetings and any correspondence setting up the meetings and subsequent to the meetings noted here: https://www.lobbying.ie/return/89738/meta-platforms-ireland-ltd",25/10/2022,Access Part-Granted Section: 37
FOI-0238-2022,28/09/2022,Journalist,"Under the 2014 FOI act I am requesting the following: Any minutes of the meeting, memos created before or after the meeting and any correspondence setting up the meeting and subsequent to the meeting noted here: https://www.lobbying.ie/return/89761/meta-platforms-ireland-ltd",26/10/2022,Access Refused Section: 15
FOI-0239-2022,06/10/2022,Journalist,"I wish to request, under the Freedom of Information Act, access to any correspondence between the Tanaiste and Ireland's Future during 2021 and 2022, including emails, Whatsapps or texts. I also wish to request, under FoI, access to any internal correspondence, including emails, Whatsapps or texts, in relation to the Tanaiste's invitation to attend the Ireland's Future event in the 3 Arena. I also wish to request, under FoI, access to all drafts / revisions of the Tanaiste's speech at the event and all correspondence, internal or external, in relation to the speech.",14/11/2022,Access Part-Granted Sections: 35 and 37
FOI-0240-2022,11/10/2022,Journalist,Under Freedom of Information I wish to request access to the follow records: All correspondence from the Department and/or officials regarding access to the Berghain / Panorama Bar nightclub in Berlin for a trip undertaken by the Tánaiste to Berlin Germany in August 2022.,09/11/2022,Access Refused Section: 15
FOI-0241-2022,11/10/2022,Journalist,"I wish to make a request – under the Freedom of Information Act 2014 – for records (namely meeting minutes, briefing papers, presentations, and/or internal and external correspondence*, including attachments, following the meeting specifically in relation to the issues raised or discussed at the meeting) related to the following lobbying event: Microsoft Ireland Operations Ltd (1 May, 2022 to 31 Aug, 2022, Public policy or programme) - Lobbying.ie Meeting between DETE’s Secretary General with Ciaran Conlon (Former DPO) on behalf of Microsoft Ireland Operations Please exclude all correspondence in relation to the setting up or organising of physical or virtual meetings.",09/11/2022,Access Granted
FOI-0242-2022,11/10/2022,Journalist,"I wish to make a request – under the Freedom of Information Act 2014 – for records (namely meeting minutes, briefing papers, presentations, and/or internal and external correspondence*, including attachments, following the meeting specifically in relation to the issues raised or discussed at the meeting), related to the following lobbying event: Lobbying Event 2: A named Assistant Secretary and/or DETE’s Secretary General with John Midgley, Senior Manager, Public Policy UK and Ireland, Amazon Web Services please exclude all correspondence in relation to the setting up or organising of physical or virtual meetings.",03/11/2022,Access Part-Granted Section: 37
FOI-0243-2022,11/10/2022,Journalist,"I wish to make a request – under the Freedom of Information Act 2014 – for records (namely meeting minutes, briefing papers, presentations, and/or internal and external correspondence*, including attachments, following the meeting specifically in relation to the issues raised or discussed at the meeting), related to the following lobbying event: Lobbying Event 3: Named Minister’s Special Adviser (Department of Enterprise, Trade and Employment) with Paul Bradley of FleishmanHillard, Ireland please exclude all correspondence in relation to the setting up or organising of physical or virtual meetings.",09/11/2022,Access Part-Granted Section: 37
FOI-0244-2022,11/10/2022,Journalist,"I wish to make a request – under the Freedom of Information Act 2014 – for records (namely meeting minutes, briefing papers, presentations, and/or internal and external correspondence*, including attachments, following the meeting specifically in relation to the issues raised or discussed at the meeting), related to the following lobbying event: Lobbying Event 4: Various Senior Officials with with Ciaran Conlon (Former DPO) on behalf of Microsoft Ireland Operations please exclude all correspondence in relation to the setting up or organising of physical or virtual meetings.",09/11/2022,Access Granted
FOI-0245-2022,11/10/2022,Journalist,"I wish to make a request – under the Freedom of Information Act 2014 – for records (namely meeting minutes, briefing papers, presentations, and/or internal and external correspondence*, including attachments, following the meeting specifically in relation to the issues raised or discussed at the meeting), related to the following lobbying event: Lobbying Event 5: The Tánaiste with Amazon Web Services please exclude all correspondence in relation to the setting up or organising of physical or virtual meetings.",07/11/2022,"Access Part-Granted Sections: 29, 35, 36 and 37"
FOI-0246-2022,11/10/2022,Journalist,"I wish to make a request – under the Freedom of Information Act 2014 – for records (namely meeting minutes, briefing papers, presentations, and/or internal and external correspondence*, including attachments, following the meeting specifically in relation to the issues raised or discussed at the meeting), related to the following lobbying event: Lobbying Record 6: A named Assistant Secretary with Ciaran Conlon (Former DPO) on behalf of Microsoft Ireland Operations please exclude all correspondence in relation to the setting up or organising of physical or virtual meetings.",09/11/2022,Access Granted
FOI-0249-2022,13/10/2022,Journalist,I am making a Freedom of Information request for the following records: • Copies of all correspondence between Tánaiste Leo Varadkar and DETE’s secretary general and representatives of Intel Ireland. • Copies of the minutes of all meetings between DETE’s secretary general and representatives of Intel Ireland. • The time period can be limited to 1/5/2022 to 13/10/2022. The records should include copies of any documents attached or enclosed with the correspondence.,11/11/2022,Access Granted
FOI-0250-2022,14/10/2022,Journalist,I am making a Freedom of Information request for the following records: • Copies of all correspondence between a named assistant secretary and representatives of Aughinish Alumina. • Copies of the minutes of all meetings between DETE’s assistant secretary and representatives of Aughinish Alumina. • The time period can be limited to 1/5/2022 to 13/10/2022. The records should include copies of any documents attached or enclosed with the correspondence.,14/11/2022,Access Part-Granted Sections: 35 and 36
FOI-0252-2022,18/10/2022,Journalist,"In accordance with the Freedom of Information Act, I wish to request access to the following information that I believe to be held by your organisation: Copies of all correspondence to/from Tánaiste Leo Varadkar and the representatives of the following companies between January 1, 2022 and June 1, 2022: • Apple • Google • Microsoft • Facebook • Twitter The records should include copies of any documents attached or enclosed with the correspondence.",16/11/2022,Access Part-Granted Section: 37
FOI-0253-2022,18/10/2022,Journalist,I am making a Freedom of Information request for the following records: • Copies of all correspondence to/from the secretary general related to the return to office working at the Department following the Covid-19 pandemic. • The correspondence can be limited to items to/from the following; ministers; unions. • The time period for the correspondence can be limited to 1/8/2022 to 18/10/2022. • The records should include copies of any documents attached or enclosed with the correspondence. • Details of the total number of staff employed by the Department as of 18/10/2022 and a breakdown of how many are working from home; working in the office; working in a hybrid arrangement. • Copies of any internal publications/reports on remote working/return to the office drawn up since 31/1/2022.,16/11/2022,Access Granted
FOI-0254-2022,19/10/2022,Journalist,"In accordance with section 12 of the Freedom of Information Act 2014, I wish to request access to the following records/details: • Any correspondence between Amazon Web Services and officials, of assistant secretary grade or above, in the Department of Enterprise, Trade and Employment relating to the Government Statement on the Role of Data Centres in Ireland’s Enterprise Strategy. • Any correspondence between Amazon Web Services and Leo Varadkar relating to the Government Statement on the Role of Data Centres in Ireland’s Enterprise Strategy.",17/11/2022,Access Refused Section: 15
FOI-0259-2022,27/10/2022,Journalist,FOI request Any notes/briefing materials/minutes/correspondence per the lobbying register relating to Microsoft’s meeting with a named Staff Member from DETE and a named Staff Member from the Dept of the Taoiseach.,25/11/2022,Access Part-Granted Section: 37
FOI-0264-2022,01/11/2022,Journalist,Under the FOI Act 2014,I am seeking the following: • All correspondence between any person working with Synecco Contract Manufacturing Limited and TDs with the Department of Enterprise,Trade and Employment especially Tánaiste Leo Varadkar this year.,29/11/2022,Access Part-Granted Section: 37
FOI-0265-2022,01/11/2022,Journalist,Under the FOI Act 2014,I am seeking the following: • Any emails,notes,memos,briefings and/or records in relation to a meeting held between Leo Varadkar and Jim Kavanagh of IBM on 12th September,2022.,24/11/2022,"Access Part-Granted Sections: 35, 36 and 37"
FOI-0266-2022,01/11/2022,Journalist,Under the FOI Act 2014,I am seeking the following: • Any emails,notes,memos,briefings and/or records in relation to a meeting held between Leo Varadkar and Boeing on 19th July,2022.,29/11/2022,"Access Part-Granted Sections: 30, 35, 36, 37 and 40"
FOI-0267-2022,02/11/2022,Journalist,"Please find below a request under the Freedom of Information Act 2014 for: 1. A list of all e submissions sent to the cabinet minister in this Department during August, September and October of 2022 Please note, I am not looking for the esubs themselves, just a list of their titles.",07/12/2022,Access Part-Granted Sections: 29 and 37
FOI-0268-2022,02/11/2022,Journalist,Please find below a request under the Freedom of Information Act 2014 for: 1. The Departmental risk register.,30/11/2022,"Access Part-Granted Sections: 29, 30, 31, 33 and 35"
FOI-0269-2022,02/11/2022,Journalist,Under the FOI Act 2014,I am seeking the following: • Any emails,notes,memos,briefings and/or records sent between Aughnish Alumina and Leo Varadkar since February 2020.,30/11/2022,Access Part-Granted Section: 37
FOI-0270-2022,15/11/2022,Journalist,"I wish to apply under the Freedom of Information Act for the following records: 1. All correspondence since August 1st 2022 and any phone text or WhatsApp messages between the Tanaiste and Aughinish Alumina on: a. b. and any minutes or notes of meetings or phone calls with company representatives. 2. Any submissions to the Department from Aughinish Alumina since August 1st 2022. 3. Any internal reports since August 1st 2022 by the Department on Aughinish Alumina’s trading position and the impact on its business of the Ukraine war. 4. All correspondence since August 1st 2022 and any phone text or WhatsApp messages between the Tanaiste and any business representative bodies or TDs, Senators, councillors on the future of Aughinish Alumina the impact of Russia’s invasion of Ukraine war on its business. 5. All correspondence since February 1st 2022 between the Department and IDA Ireland and any associated documents on the future of Aughinish Alumina.",13/12/2022,"Access Part-Granted Sections: 35, 36 and 37"
FOI-0271-2022,07/11/2022,Journalist,"Under FOI law I would like copies of the following records. 1. All correspondence (both received and sent from the Department) with the ODCE/CEA and the gardai about the recreation of the new entity known as the Corporate Enforcement Authority, the resourcing of the new agency with dedicated gardai and the stipulations/contents of the MoU agreed with the gardai. I would like my request to cover records from November 1, 2021 to July 30, 2022. I believe there is a strong public interest in details of the negotiations that took place and the final agreement being made public.",05/12/2022,Access Part-Granted Section: 35
FOI-0273-2022,07/11/2022,Journalist,Under the FOI Act 2014,I am seeking the following: • Any emails,notes,memos,briefings and/or records in relation to a meeting held between Leo Varadkar and Ipsen on 23rd September,2022.,01/12/2022,"Access Part-Granted Sections: 35, 36 and 37"
FOI-0274-2022,07/11/2022,Journalist,Under the FOI Act 2014,I am seeking the following: • Any emails,notes,memos,briefings and/or records in relation to a meeting held between Leo Varadkar and Gilead Sciences on 19th September,2022.,05/12/2022,"Access Part-Granted Sections: 29, 35, 36 and 37"
FOI-0275-2022,08/11/2022,Journalist,Under the Freedom of Information Act I am seeking access to the following records: - All correspondence between The Department Tánaiste and Tánaiste’s office and IDA Ireland relating to job losses in the Tech sector dated between 15/10 and 08/11 2022.,08/12/2022,"Access Part-Granted Sections: 35, 36 and 37"
FOI-0276-2022,08/11/2022,Journalist,Under the Freedom of Information Act I am seeking access to the following records: - All correspondence between The Department Tánaiste and Tánaiste’s office and Enterprise Ireland relating to job losses in the Tech sector dated between 15/10 and 08/11 2022.,01/12/2022,Access Refused Section: 15
FOI-0277-2022,08/11/2022,Journalist,Under the Freedom of Information Act I am seeking access to the following records: - All correspondence between The Department Tánaiste and Tánaiste’s office and Twitter Inc/Twitter Ireland relating to job losses in the Tech sector dated between 15/10 and 08/11 2022.,08/12/2022,Access Part-Granted Section: 37
FOI-0278-2022,08/11/2022,Journalist,Under the Freedom of Information Act I am seeking access to the following records: - All correspondence between The Department Tánaiste and Tánaiste’s office and Stripe relating to job losses in the Tech sector dated between 15/10 and 08/11 2022.,09/12/2022,Access Part-Granted Section: 37
FOI-0279-2022,08/11/2022,Journalist,Under the Freedom of Information Act I am seeking access to the following records: - All correspondence between The Department Tánaiste and Tánaiste’s office and Meta relating to job losses in the Tech sector dated between 15/10 and 08/11 2022.,08/12/2022,Access Part-Granted Section: 37
FOI-0280-2022,11/11/2022,Member of the Public,"I wish to make a request for information under the Freedom of Information Act 2014. (1) Records created on or after 25 June 2020, until 10 November 2022, relating to the current deficit in housing units, which was estimated by the Minister in the Dail on 10 November 2022 at 70,000 or 80,000 units. On 10 November 2022, during Leaders Questions in the Dail chamber, Minister Leo Varadkar was asked a question by the Opposition deputy Pearse Doherty, and in his response, Minister Varadkar stated “We need far more housing in Ireland. We probably have a deficit of 70,000 or 80,000 homes. If we could build them overnight, we would.” I am trying to find out how this estimate was arrived at and to obtain whatever records exist which informed the estimate and prompted Minister Varadkar to make this comment. The referred-to Dail exchange is here https://www.oireachtas.ie/en/debates/debate/dail/2022-11-10/33/",12/12/2022,Access Refused Section: 15
FOI-0281-2022,16/11/2022,Journalist,"I am making a Freedom of Information request for the following records: • Copies of all correspondence between Tanaiste Leo Varadkar and the following organisations and individuals • Eaton Corporation, including but not limited to executive vice president Taras “Terry” Szmagala; - Almac, including but not limited to chairman and CEO Alan Armstrong, chairman and CEO; - Abbot, including but not limited to global CEO Robert Ford and site director Conor Murphy; - American Chamber of Commerce Ireland, including but not limited to chief executive Mark Redmond; - Irish Pharmaceutical Health Association, including but not limited to CEO Oliver O’Connor; - BioPharmaChem Ireland, including but not limited to director Matt Moran; - Cloud Infrastructure Ireland, including but not limited to director Michael McCarthy. Copies of all correspondence between DETE’s secretary general and the same organisations/individuals. The time period can be limited to 1/6/2022 to 14/11/2022. The records should include copies of any documents attached or enclosed with the correspondence.",14/12/2022,Access Part-Granted Section: 37
FOI-0282-2022,21/11/2022,Journalist,"In accordance with Section 12 of the Freedom of Information Act, I request access to records which are: Any records or correspondence between the minister/senior department officials and tech companies relating to upcoming legislation on the right to request remote working this year.",19/12/2022,Access Granted
FOI-0284-2022,16/11/2022,Journalist,"Section 11 (access to records) of the Freedom of Information Act 2014, I request access to records, which are: Copies of all correspondence between either Tánaiste and Minister Leo Varadkar and/or the department secretary general, and the following organisations and individuals: 1. Twitter, including but not limited to Sinead McSweeney, Kennedy O’Brien, Ronan Costello or Karen White. 2. TikTok, including but not limited to, Susan Moss. 3. MSD, including but not limited to, Eoin Bradley. 4. Pfizer, including but not limited to, Karen O'Keefe. 5. Eli Lilly, including but not limited to, Todd Winge and CEO David Ricks. 6. Abbvie, including but not limited to, Nuala Carey. 7. Medtronic, including but not limited to, Alma Curran. The time period for this request is records between 1st June and 16th November 2022. The request would include copies of any documents attached or enclosed with the correspondence.",14/12/2022,Access Part-Granted Section: 37
FOI-0285-2022,16/11/2022,Journalist,"In accordance with the Freedom of Information Act 2014, I wish to request access to the following: Copies of all correspondence between Tánaiste Leo Varadkar and the following organizations and individuals: Microsoft, including but not limited to country manager Anne Sheehan and lobbyist Ciaran Conlon; Intel, including but not limited to country manager Ann-Marie Holmes and lobbyist Hugh Hardiman; Oracle, including but not limited to country manager John Donnelly; Apple, including but not limited to country manager Liam Donohoe and lobbyist Sam Sharps; Amazon, including but not limited to Darragh Kelly, Mark Finlay and Ed Brophy; Google, including but not limited to country manager Adaire Fox-Martin and Anne Rooney and Ryan Meade; Facebook/Meta, including but not limited to country manager Rick Kelly, Dualta O Broin and Stephenie Anderson. Copies of all correspondence between DETE’s secretary general and the same organisations and individuals above. The time period can be limited to between June 1st, 2022 and November 14th, 2022. The records should include copies of any documents attached or enclosed with the correspondence.",14/12/2022,Access Part-Granted Sections: 35 and 37
FOI-0288-2022,16/11/2022,Journalist,Under the FOI Act 2014 Act,I am seeking the following • Correspondence received by Tánaiste Leo Varadkar from members of the public regarding Vicky Phelan between November 1 2022 and the date of this request.,14/12/2022,Access Part-Granted Section: 37
FOI-0289-2022,21/11/2022,Member of the Public,"Could you please provide the following information under FOI legislation: (i) details of all positions held in the Department of Enterprise Trade & Employment and/or any of its predecessors by the named current Labour Court Chairman to include: (a) position/grade held, (b) start/finish date in that grade/position and (c) the person to whom he reported in that position. (ii) details of all posts/positions held by the named former IBEC Director with the Labour Relations Commission to include (a) post/position held and (b) start/finish date in that post/position.",19/12/2022,Access Part-Granted Section: 15
FOI-0290-2022,21/11/2022,Journalist,"I would like to request the following records under the Freedom of Information Act 2014: Copies of any written correspondence (letters and emails) between the Corporate Enforcement Authority/Office of the Director of Corporate Enforcement/CEA chief executive/Director of Corporate Enforcement and ministers at the Department of Enterprise, Trade and Employment Leo Varadkar and Robert Troy since February 1st, 2022.",19/12/2022,Access Part-Granted Section: 31
FOI-0293-2022,24/11/2022,Journalist,"Under the FOI Act 2014, I am seeking copies of any correspondence (email, text, messaging services etc) between Minister Troy and his office and the following company Yewtree Infotainment (or its staff including Ivan Yates) in the period 1 Jan 2021 to 31 Dec 2021. Searches of any mobile phones, relevant private email addresses and/or messaging services should be considered when processing this request. For avoidance of doubt, the minister had in place a contract for services with this company during 2021 and if any of the communications relate to his duties as a minister, they are subject to the FOI Act.",22/12/2022,Access Refused Section: 15
FOI-0296-2022,30/11/2022,Member of the Oireachtas/Public Representative,I would like to request under the FOI Act 2014 all submissions made by the Department of Enterprise Trade and Employment to the EU Commission in relation to the Corporate Sustainability Due Diligence Directive between July 1 and the present. The search may be restricted to Assistant Principal and above.,15/12/2022,Access Refused Section: 15
FOI-0283-2022,21/11/2022,Journalist,Any correspondence or minutes of meetings involving the Minister or Senior Department officials regarding potential redundancies at Twitter. - Senior department officials can be interpreted as Assistant Secretary or higher. - Press queries answered by the Department can be excluded from the scope of this request.,03/01/2023,"Access Part-Granted Sections: 35, 36 and 37"
FOI-0287-2022,15/11/2022,Journalist,"Under the FOI Act 2014, I am seeking the following • Copies of all correspondence to/from Tánaiste Leo Varadkar (or his secretaries and advisers) and the representatives of the following companies between July 1 2022 and the date of this request: 1. Meta/Facebook 2. Twitter 3. Stripe 4. Amazon • Copies of minutes of any meetings and notes during meetings between the Tánaiste with the above companies on the above dates • Any briefing documents prepared for the Tánaiste on Meta/Facebook, Twitter, Stripe, Amazon between July 1 2022 and the date of this request:",03/01/2023,"Access Part-Granted Sections: 29, 35, 36 and 37"
FOI-0292-2022,24/11/2022,Journalist,"Under the FOI Act 2014, I am seeking copies of any correspondence (email, text, messaging services etc) between Minister English and his office and the following company the Communications Clinic (or its staff) in the period 1 Feb 2021 to 31 Dec 2021. Searches of any mobile phones, relevant private email addresses and/or messaging services should be considered when processing this request. For avoidance of doubt, the minister had in place a contract for services with this company during 2021 and if any of the communications relate to his duties as a minister, they are subject to the FOI Act.",03/01/2022,Access Refused Section: 15
FOI-0295-2022,08/12/2022,Journalist,"Under the Freedom of Information Act 2014, I am seeking the following please: Correspondence, emails, letters etc regarding redundancy/lay offs at companies Twitter, Meta, Stripe and Intel and the Department of Enterprise, Trade and Employment from 1 September 2022 to 30 November 2022. These documents should NOT INCLUDE so-called administrative correspondence. To assist in a focused search I would like to tighten the focus of my request to: Minutes of meetings, briefing documents and any explanations of reasons for redundancies (temporary or permanent), any correspondence/document with an indication when the decision was made to carry out the lay offs, any correspondence that discusses or seeks advice from Government regarding redundancies/lay offs, any document between the State entities under the guidance/control of Department of Enterprise, Trade and Employment and the above mentioned companies which identifies redundancies.",10/01/2023,"Access Part-Granted Sections: 35, 36 and 37"
FOI-0300-2022,16/12/2022,Journalist,"This application under the Freedom of Information Act is for the following records: 1. Any correspondence since September 1st 2021 to Tánaiste Leo Varadkar, his advisors or the Department of Enterprise, Trade and Employment from Meta Platforms or its subsidiaries Facebook, WhatsApp or Instagram on: a. EU-US data transfers b. Online safety issues c. Meta’s position on the Online Safety Bill d. Meta’s position on the Media Regulation Bill e. The EU’s proposed regulation on child sexual abuse material f. The Electoral Reform Bill, and any proposed amendments to the Bill g. Ireland’s approach to enforcement of the EU’s General Data Protection Regulation h. Ireland’s approach to corporate taxation and tax-related regulation. 2. Records or minutes of any meetings or phone calls on the same topics (a–h above) between Tánaiste Leo Varadkar, his advisors or the Department of Enterprise, Trade and Employment and representatives of Meta Platforms or any of its subsidiaries. 3. Any submissions, notes, reports or draft reports on topics a–h submitted to Tánaiste Leo Varadkar, his advisors or the Department of Enterprise, Trade and Employment from Meta Platforms or any of its subsidiaries.",18/01/2023,"Access Part-Granted Sections: 35, 36 and 37"
FOI-0301-2022,14/12/2022,Journalist,"Under the Freedom of Information Act to request the following: -All correspondence between the office of the Minister for Enterprise Trade and Employment and the IDA between March 2022 and December 2022, regarding the IDA's ongoing arbitration process with Connect Ireland. -A copy of the report prepared by the IDA at the request of the office of the Minister for Enterprise Trade and Employment into the Connect Ireland matter. The report was requested on 5/11/2022 and the report was delivered to the department in November or December 2022. The report was to set out the basis for the arbitration between the IDA and Connect Ireland, the IDA’s views of the claims made, details of the current status of the modules involved in the arbitration and any conclusions reached to date. -All minutes and notes from the meeting between the Minister for Enterprise Trade and Employment and the chairman of the IDA, which took place in November or December 2022, to discuss the aforementioned report by the IDA into the Connect Ireland matter. -All correspondence between the office of the Minister for Enterprise Trade and Employment and the chief executive of the IDA concerning his resignation from the role, for the year 2022. -All correspondence between the office of the Minister for Enterprise Trade and Employment and the chief executive of the IDA, concerning the Connect Ireland arbitration between March 2022 and October 2022. -All minutes and notes and records of meetings held between the office of the Minister for Enterprise Trade and Employment and the chief executive of the IDA between March 2022 and October 2022.",18/01/2023,"Access Part-Granted Sections: 31, 35 and 37"
FOI-0304-2022,14/12/2022,Journalist,"I request under the Freedom of Information Act 2014, the following records held by the Department of Enterprise: - All early warning reports received by the department from IDA Ireland or Enterprise Ireland from September 1, 2022 to today.",18/01/2023,"Access Part-Granted Sections: 35, 36 and 37"
FOI-0306-2022,16/12/2022,Journalist,Under the FO
